2026-09-10 16:44:42,182 INFO o.a.j.u.JMeterUtils: Setting Locale to en_EN
2026-09-10 16:44:42,197 INFO o.a.j.JMeter: Loading user properties from: user.properties
2026-09-10 16:44:42,197 INFO o.a.j.JMeter: Loading system properties from: system.properties
2026-09-10 16:44:42,204 INFO o.a.j.JMeter: Copyright (c) 1998-2024 The Apache Software Foundation
2026-09-10 16:44:42,205 INFO o.a.j.JMeter: Version 5.6.3
2026-09-10 16:44:42,205 INFO o.a.j.JMeter: java.version=26.0.1
2026-09-10 16:44:42,205 INFO o.a.j.JMeter: java.vm.name=Java HotSpot(TM) 64-Bit Server VM
2026-09-10 16:44:42,205 INFO o.a.j.JMeter: os.name=Windows 10
2026-09-10 16:44:42,205 INFO o.a.j.JMeter: os.arch=amd64
2026-09-10 16:44:42,205 INFO o.a.j.JMeter: os.version=10.0
2026-09-10 16:44:42,205 INFO o.a.j.JMeter: file.encoding=UTF-8
2026-09-10 16:44:42,205 INFO o.a.j.JMeter: java.awt.headless=null
2026-09-10 16:44:42,205 INFO o.a.j.JMeter: Max memory     =1073741824
2026-09-10 16:44:42,205 INFO o.a.j.JMeter: Available Processors =8
2026-09-10 16:44:42,218 INFO o.a.j.JMeter: Default Locale=English (EN)
2026-09-10 16:44:42,219 INFO o.a.j.JMeter: JMeter  Locale=English (EN)
2026-09-10 16:44:42,219 INFO o.a.j.JMeter: JMeterHome=C:\Program Files\apache-jmeter-5.6.3
2026-09-10 16:44:42,219 INFO o.a.j.JMeter: user.dir  =C:\Program Files\apache-jmeter-5.6.3\bin
2026-09-10 16:44:42,219 INFO o.a.j.JMeter: PWD       =C:\Program Files\apache-jmeter-5.6.3\bin
2026-09-10 16:44:43,081 INFO o.a.j.JMeter: IP: 172.28.17.195 Name: DESKTOP-74FQ4EV FullName: DESKTOP-74FQ4EV
2026-09-10 16:44:43,106 INFO o.a.j.JMeter: Loaded icon properties from org/apache/jmeter/images/icon.properties
2026-09-10 16:44:43,290 INFO o.a.j.JMeterGuiLauncher: Setting LAF to: com.github.weisj.darklaf.DarkLaf:com.github.weisj.darklaf.theme.DarculaTheme
2026-09-10 16:44:50,331 ERROR o.a.j.JMeter: Uncaught exception in thread Thread[#35,AWT-EventQueue-0,6,main]
java.lang.NoClassDefFoundError: java/applet/Applet
	at com.github.weisj.darklaf.ui.popupmenu.MouseGrabber.isInPopup(MouseGrabber.java:248) ~[darklaf-core-2.7.3.jar:2.7.3]
	at com.github.weisj.darklaf.ui.popupmenu.MouseGrabber.eventDispatched(MouseGrabber.java:171) ~[darklaf-core-2.7.3.jar:2.7.3]
	at java.desktop/java.awt.Toolkit$SelectiveAWTEventListener.eventDispatched(Toolkit.java:2013) ~[?:?]
	at java.desktop/java.awt.Toolkit$ToolkitEventMulticaster.eventDispatched(Toolkit.java:1905) ~[?:?]
	at java.desktop/java.awt.Toolkit.notifyAWTEventListeners(Toolkit.java:1861) ~[?:?]
	at java.desktop/java.awt.Component.dispatchEventImpl(Component.java:4858) ~[?:?]
	at java.desktop/java.awt.Container.dispatchEventImpl(Container.java:2318) ~[?:?]
	at java.desktop/java.awt.Component.dispatchEvent(Component.java:4784) ~[?:?]
	at java.desktop/java.awt.LightweightDispatcher.retargetMouseEvent(Container.java:4917) ~[?:?]
	at java.desktop/java.awt.LightweightDispatcher.processMouseEvent(Container.java:4557) ~[?:?]
	at java.desktop/java.awt.LightweightDispatcher.dispatchEvent(Container.java:4501) ~[?:?]
	at java.desktop/java.awt.Container.dispatchEventImpl(Container.java:2304) ~[?:?]
	at java.desktop/java.awt.Window.dispatchEventImpl(Window.java:2667) ~[?:?]
	at java.desktop/java.awt.Component.dispatchEvent(Component.java:4784) ~[?:?]
	at java.desktop/java.awt.EventQueue.dispatchEventImpl(EventQueue.java:716) ~[?:?]
	at java.desktop/java.awt.EventQueue.dispatchEvent(EventQueue.java:693) ~[?:?]
	at java.desktop/java.awt.EventDispatchThread.pumpOneEventForFilters(EventDispatchThread.java:203) [?:?]
	at java.desktop/java.awt.EventDispatchThread.pumpEventsForFilter(EventDispatchThread.java:124) [?:?]
	at java.desktop/java.awt.EventDispatchThread.pumpEventsForHierarchy(EventDispatchThread.java:113) [?:?]
	at java.desktop/java.awt.EventDispatchThread.pumpEvents(EventDispatchThread.java:109) [?:?]
	at java.desktop/java.awt.EventDispatchThread.pumpEvents(EventDispatchThread.java:101) [?:?]
	at java.desktop/java.awt.EventDispatchThread.run(EventDispatchThread.java:90) [?:?]
Caused by: java.lang.ClassNotFoundException: java.applet.Applet
	at java.base/java.net.URLClassLoader.findClass(URLClassLoader.java:377) ~[?:?]
	at java.base/java.lang.ClassLoader.loadClass(ClassLoader.java:569) ~[?:?]
	at java.base/java.lang.ClassLoader.loadClass(ClassLoader.java:502) ~[?:?]
	... 22 more
2026-09-10 16:45:15,200 INFO o.a.j.s.FileServer: Default base='C:\Program Files\apache-jmeter-5.6.3\bin'
2026-09-10 16:45:15,203 INFO o.a.j.g.a.Load: Loading file: C:\University\Programming\Software Testing\Lab4\jmeter\Stress Test SE.jmx
2026-09-10 16:45:15,203 INFO o.a.j.s.FileServer: Set new base='C:\University\Programming\Software Testing\Lab4\jmeter'
2026-09-10 16:45:15,481 INFO o.a.j.s.SaveService: Testplan (JMX) version: 2.2. Testlog (JTL) version: 2.2
2026-09-10 16:45:15,507 INFO o.a.j.s.SaveService: Using SaveService properties version 5.0
2026-09-10 16:45:15,509 INFO o.a.j.s.SaveService: Using SaveService properties file encoding UTF-8
2026-09-10 16:45:15,511 INFO o.a.j.s.SaveService: Loading file: C:\University\Programming\Software Testing\Lab4\jmeter\Stress Test SE.jmx
2026-09-10 16:45:15,546 INFO o.a.j.p.h.s.HTTPSamplerBase: Parser for text/html is org.apache.jmeter.protocol.http.parser.LagartoBasedHtmlParser
2026-09-10 16:45:15,546 INFO o.a.j.p.h.s.HTTPSamplerBase: Parser for application/xhtml+xml is org.apache.jmeter.protocol.http.parser.LagartoBasedHtmlParser
2026-09-10 16:45:15,546 INFO o.a.j.p.h.s.HTTPSamplerBase: Parser for application/xml is org.apache.jmeter.protocol.http.parser.LagartoBasedHtmlParser
2026-09-10 16:45:15,546 INFO o.a.j.p.h.s.HTTPSamplerBase: Parser for text/xml is org.apache.jmeter.protocol.http.parser.LagartoBasedHtmlParser
2026-09-10 16:45:15,546 INFO o.a.j.p.h.s.HTTPSamplerBase: Parser for text/vnd.wap.wml is org.apache.jmeter.protocol.http.parser.RegexpHTMLParser
2026-09-10 16:45:15,546 INFO o.a.j.p.h.s.HTTPSamplerBase: Parser for text/css is org.apache.jmeter.protocol.http.parser.CssParser
2026-09-10 16:45:15,821 INFO o.a.j.s.SampleResult: Note: Sample TimeStamps are START times
2026-09-10 16:45:15,821 INFO o.a.j.s.SampleResult: sampleresult.default.encoding is set to UTF-8
2026-09-10 16:45:15,822 INFO o.a.j.s.SampleResult: sampleresult.useNanoTime=true
2026-09-10 16:45:15,822 INFO o.a.j.s.SampleResult: sampleresult.nanoThreadSleep=5000
2026-09-10 16:45:16,145 INFO o.a.j.s.FileServer: Set new base='C:\University\Programming\Software Testing\Lab4\jmeter'
2026-09-10 16:46:09,402 INFO o.a.j.e.StandardJMeterEngine: Running the test!
2026-09-10 16:46:09,405 INFO o.a.j.s.SampleEvent: List of sample_variables: []
2026-09-10 16:46:09,405 INFO o.a.j.s.SampleEvent: List of sample_variables: []
2026-09-10 16:46:09,409 INFO o.a.j.e.u.CompoundVariable: Note: Function class names must contain the string: '.functions.'
2026-09-10 16:46:09,409 INFO o.a.j.e.u.CompoundVariable: Note: Function class names must not contain the string: '.gui.'
2026-09-10 16:46:09,468 INFO o.a.j.g.u.JMeterMenuBar: setRunning(true, *local*)
2026-09-10 16:46:09,515 INFO o.a.j.e.StandardJMeterEngine: Starting ThreadGroup: 1 : Stress Exp 2 Config3
2026-09-10 16:46:09,516 INFO o.a.j.e.StandardJMeterEngine: Starting 150 threads for group Stress Exp 2 Config3.
2026-09-10 16:46:09,516 INFO o.a.j.e.StandardJMeterEngine: Thread will continue on error
2026-09-10 16:46:09,516 INFO o.a.j.t.ThreadGroup: Starting thread group... number=1 threads=150 ramp-up=50 delayedStart=false
2026-09-10 16:46:09,522 INFO o.a.j.t.JMeterThread: Thread started: Stress Exp 2 Config3 1-1
2026-09-10 16:46:09,553 INFO o.a.j.p.h.s.HTTPHCAbstractImpl: Local host = DESKTOP-74FQ4EV
2026-09-10 16:46:09,567 INFO o.a.j.p.h.s.HTTPHC4Impl: HTTP request retry count = 0
2026-09-10 16:46:09,573 INFO o.a.j.t.ThreadGroup: Started thread group number 1
2026-09-10 16:46:09,574 INFO o.a.j.e.StandardJMeterEngine: All thread groups have been started
2026-09-10 16:46:09,851 INFO o.a.j.t.JMeterThread: Thread started: Stress Exp 2 Config3 1-2
2026-09-10 16:46:10,185 INFO o.a.j.t.JMeterThread: Thread started: Stress Exp 2 Config3 1-3
2026-09-10 16:46:10,521 INFO o.a.j.t.JMeterThread: Thread started: Stress Exp 2 Config3 1-4
2026-09-10 16:46:10,852 INFO o.a.j.t.JMeterThread: Thread started: Stress Exp 2 Config3 1-5
2026-09-10 16:46:11,185 INFO o.a.j.t.JMeterThread: Thread started: Stress Exp 2 Config3 1-6
2026-09-10 16:46:11,518 INFO o.a.j.t.JMeterThread: Thread started: Stress Exp 2 Config3 1-7
2026-09-10 16:46:11,850 INFO o.a.j.t.JMeterThread: Thread started: Stress Exp 2 Config3 1-8
2026-09-10 16:46:12,186 INFO o.a.j.t.JMeterThread: Thread started: Stress Exp 2 Config3 1-9
2026-09-10 16:46:12,521 INFO o.a.j.t.JMeterThread: Thread started: Stress Exp 2 Config3 1-10
2026-09-10 16:46:12,849 INFO o.a.j.t.JMeterThread: Thread started: Stress Exp 2 Config3 1-11
2026-09-10 16:46:13,183 INFO o.a.j.t.JMeterThread: Thread started: Stress Exp 2 Config3 1-12
2026-09-10 16:46:13,517 INFO o.a.j.t.JMeterThread: Thread started: Stress Exp 2 Config3 1-13
2026-09-10 16:46:13,847 INFO o.a.j.t.JMeterThread: Thread started: Stress Exp 2 Config3 1-14
2026-09-10 16:46:14,180 INFO o.a.j.t.JMeterThread: Thread started: Stress Exp 2 Config3 1-15
2026-09-10 16:46:14,514 INFO o.a.j.t.JMeterThread: Thread started: Stress Exp 2 Config3 1-16
2026-09-10 16:46:14,846 INFO o.a.j.t.JMeterThread: Thread started: Stress Exp 2 Config3 1-17
2026-09-10 16:46:15,180 INFO o.a.j.t.JMeterThread: Thread started: Stress Exp 2 Config3 1-18
2026-09-10 16:46:15,512 INFO o.a.j.t.JMeterThread: Thread started: Stress Exp 2 Config3 1-19
2026-09-10 16:46:15,847 INFO o.a.j.t.JMeterThread: Thread started: Stress Exp 2 Config3 1-20
2026-09-10 16:46:16,178 INFO o.a.j.t.JMeterThread: Thread started: Stress Exp 2 Config3 1-21
2026-09-10 16:46:16,513 INFO o.a.j.t.JMeterThread: Thread started: Stress Exp 2 Config3 1-22
2026-09-10 16:46:16,845 INFO o.a.j.t.JMeterThread: Thread started: Stress Exp 2 Config3 1-23
2026-09-10 16:46:17,179 INFO o.a.j.t.JMeterThread: Thread started: Stress Exp 2 Config3 1-24
2026-09-10 16:46:17,510 INFO o.a.j.t.JMeterThread: Thread started: Stress Exp 2 Config3 1-25
2026-09-10 16:46:17,843 INFO o.a.j.t.JMeterThread: Thread started: Stress Exp 2 Config3 1-26
2026-09-10 16:46:18,176 INFO o.a.j.t.JMeterThread: Thread started: Stress Exp 2 Config3 1-27
2026-09-10 16:46:18,480 INFO o.a.j.g.a.Start: Stopping test
2026-09-10 16:46:18,508 INFO o.a.j.t.JMeterThread: Thread started: Stress Exp 2 Config3 1-28
2026-09-10 16:46:18,508 INFO o.a.j.t.JMeterThread: Stopping: Stress Exp 2 Config3 1-104
2026-09-10 16:46:18,509 INFO o.a.j.t.JMeterThread: Stopping: Stress Exp 2 Config3 1-149
2026-09-10 16:46:18,509 INFO o.a.j.t.JMeterThread: Stopping: Stress Exp 2 Config3 1-60
2026-09-10 16:46:18,509 INFO o.a.j.t.JMeterThread: Stopping: Stress Exp 2 Config3 1-126
2026-09-10 16:46:18,509 INFO o.a.j.t.JMeterThread: Stopping: Stress Exp 2 Config3 1-141
2026-09-10 16:46:18,509 INFO o.a.j.t.JMeterThread: Thread started: Stress Exp 2 Config3 1-104
2026-09-10 16:46:18,510 INFO o.a.j.t.JMeterThread: Stopping: Stress Exp 2 Config3 1-12
2026-09-10 16:46:18,509 INFO o.a.j.t.JMeterThread: Thread started: Stress Exp 2 Config3 1-149
2026-09-10 16:46:18,510 INFO o.a.j.t.JMeterThread: Thread started: Stress Exp 2 Config3 1-126
2026-09-10 16:46:18,509 INFO o.a.j.t.JMeterThread: Thread started: Stress Exp 2 Config3 1-60
2026-09-10 16:46:18,510 WARN o.a.j.t.JMeterThread: Interrupting: Stress Exp 2 Config3 1-12 sampler: HTTP Request
2026-09-10 16:46:18,510 INFO o.a.j.t.JMeterThread: Thread started: Stress Exp 2 Config3 1-141
2026-09-10 16:46:18,510 INFO o.a.j.t.JMeterThread: Thread finished: Stress Exp 2 Config3 1-149
2026-09-10 16:46:18,510 INFO o.a.j.t.JMeterThread: Thread finished: Stress Exp 2 Config3 1-60
2026-09-10 16:46:18,510 INFO o.a.j.t.JMeterThread: Thread finished: Stress Exp 2 Config3 1-126
2026-09-10 16:46:18,511 INFO o.a.j.t.JMeterThread: Thread finished: Stress Exp 2 Config3 1-141
2026-09-10 16:46:18,510 INFO o.a.j.t.JMeterThread: Thread finished: Stress Exp 2 Config3 1-104
2026-09-10 16:46:18,512 INFO o.a.j.t.JMeterThread: Stopping: Stress Exp 2 Config3 1-62
2026-09-10 16:46:18,512 INFO o.a.j.t.JMeterThread: Stopping: Stress Exp 2 Config3 1-113
2026-09-10 16:46:18,512 INFO o.a.j.t.JMeterThread: Stopping: Stress Exp 2 Config3 1-66
2026-09-10 16:46:18,513 INFO o.a.j.t.JMeterThread: Stopping: Stress Exp 2 Config3 1-49
2026-09-10 16:46:18,513 INFO o.a.j.t.JMeterThread: Stopping: Stress Exp 2 Config3 1-63
2026-09-10 16:46:18,512 INFO o.a.j.t.JMeterThread: Thread started: Stress Exp 2 Config3 1-62
2026-09-10 16:46:18,513 INFO o.a.j.t.JMeterThread: Stopping: Stress Exp 2 Config3 1-88
2026-09-10 16:46:18,513 INFO o.a.j.t.JMeterThread: Thread started: Stress Exp 2 Config3 1-113
2026-09-10 16:46:18,513 INFO o.a.j.t.JMeterThread: Thread started: Stress Exp 2 Config3 1-66
2026-09-10 16:46:18,513 INFO o.a.j.t.JMeterThread: Stopping: Stress Exp 2 Config3 1-123
2026-09-10 16:46:18,513 INFO o.a.j.t.JMeterThread: Thread started: Stress Exp 2 Config3 1-49
2026-09-10 16:46:18,513 INFO o.a.j.t.JMeterThread: Stopping: Stress Exp 2 Config3 1-57
2026-09-10 16:46:18,513 INFO o.a.j.t.JMeterThread: Thread started: Stress Exp 2 Config3 1-63
2026-09-10 16:46:18,513 INFO o.a.j.t.JMeterThread: Stopping: Stress Exp 2 Config3 1-83
2026-09-10 16:46:18,513 INFO o.a.j.t.JMeterThread: Thread started: Stress Exp 2 Config3 1-88
2026-09-10 16:46:18,514 INFO o.a.j.t.JMeterThread: Thread finished: Stress Exp 2 Config3 1-49
2026-09-10 16:46:18,514 INFO o.a.j.t.JMeterThread: Thread finished: Stress Exp 2 Config3 1-62
2026-09-10 16:46:18,513 INFO o.a.j.t.JMeterThread: Thread finished: Stress Exp 2 Config3 1-113
2026-09-10 16:46:18,514 INFO o.a.j.t.JMeterThread: Thread started: Stress Exp 2 Config3 1-57
2026-09-10 16:46:18,514 INFO o.a.j.t.JMeterThread: Thread finished: Stress Exp 2 Config3 1-63
2026-09-10 16:46:18,514 INFO o.a.j.t.JMeterThread: Stopping: Stress Exp 2 Config3 1-131
2026-09-10 16:46:18,514 INFO o.a.j.t.JMeterThread: Thread started: Stress Exp 2 Config3 1-123
2026-09-10 16:46:18,514 INFO o.a.j.t.JMeterThread: Thread finished: Stress Exp 2 Config3 1-66
2026-09-10 16:46:18,514 INFO o.a.j.t.JMeterThread: Thread finished: Stress Exp 2 Config3 1-88
2026-09-10 16:46:18,515 INFO o.a.j.t.JMeterThread: Thread finished: Stress Exp 2 Config3 1-57
2026-09-10 16:46:18,514 INFO o.a.j.t.JMeterThread: Stopping: Stress Exp 2 Config3 1-35
2026-09-10 16:46:18,515 INFO o.a.j.t.JMeterThread: Thread started: Stress Exp 2 Config3 1-83
2026-09-10 16:46:18,515 INFO o.a.j.t.JMeterThread: Thread finished: Stress Exp 2 Config3 1-123
2026-09-10 16:46:18,515 INFO o.a.j.t.JMeterThread: Thread started: Stress Exp 2 Config3 1-131
2026-09-10 16:46:18,516 INFO o.a.j.t.JMeterThread: Stopping: Stress Exp 2 Config3 1-96
2026-09-10 16:46:18,516 INFO o.a.j.t.JMeterThread: Stopping: Stress Exp 2 Config3 1-45
2026-09-10 16:46:18,516 INFO o.a.j.t.JMeterThread: Thread finished: Stress Exp 2 Config3 1-131
2026-09-10 16:46:18,516 INFO o.a.j.t.JMeterThread: Stopping: Stress Exp 2 Config3 1-13
2026-09-10 16:46:18,516 INFO o.a.j.t.JMeterThread: Thread finished: Stress Exp 2 Config3 1-83
2026-09-10 16:46:18,516 WARN o.a.j.t.JMeterThread: Interrupting: Stress Exp 2 Config3 1-13 sampler: HTTP Request
2026-09-10 16:46:18,516 INFO o.a.j.t.JMeterThread: Thread started: Stress Exp 2 Config3 1-35
2026-09-10 16:46:18,516 INFO o.a.j.t.JMeterThread: Thread started: Stress Exp 2 Config3 1-96
2026-09-10 16:46:18,516 INFO o.a.j.t.JMeterThread: Thread started: Stress Exp 2 Config3 1-45
2026-09-10 16:46:18,516 INFO o.a.j.t.JMeterThread: Stopping: Stress Exp 2 Config3 1-101
2026-09-10 16:46:18,516 INFO o.a.j.t.JMeterThread: Thread finished: Stress Exp 2 Config3 1-35
2026-09-10 16:46:18,516 INFO o.a.j.t.JMeterThread: Thread finished: Stress Exp 2 Config3 1-45
2026-09-10 16:46:18,516 INFO o.a.j.t.JMeterThread: Thread finished: Stress Exp 2 Config3 1-96
2026-09-10 16:46:18,516 INFO o.a.j.t.JMeterThread: Stopping: Stress Exp 2 Config3 1-134
2026-09-10 16:46:18,517 INFO o.a.j.t.JMeterThread: Thread started: Stress Exp 2 Config3 1-101
2026-09-10 16:46:18,518 INFO o.a.j.t.JMeterThread: Stopping: Stress Exp 2 Config3 1-79
2026-09-10 16:46:18,518 INFO o.a.j.t.JMeterThread: Stopping: Stress Exp 2 Config3 1-28
2026-09-10 16:46:18,518 INFO o.a.j.t.JMeterThread: Thread finished: Stress Exp 2 Config3 1-101
2026-09-10 16:46:18,518 INFO o.a.j.t.JMeterThread: Thread started: Stress Exp 2 Config3 1-134
2026-09-10 16:46:18,518 WARN o.a.j.t.JMeterThread: Interrupting: Stress Exp 2 Config3 1-28 sampler: HTTP Request
2026-09-10 16:46:18,518 INFO o.a.j.t.JMeterThread: Thread started: Stress Exp 2 Config3 1-79
2026-09-10 16:46:18,519 INFO o.a.j.t.JMeterThread: Thread finished: Stress Exp 2 Config3 1-134
2026-09-10 16:46:18,519 INFO o.a.j.t.JMeterThread: Thread finished: Stress Exp 2 Config3 1-79
2026-09-10 16:46:18,520 INFO o.a.j.t.JMeterThread: Thread finished: Stress Exp 2 Config3 1-12
2026-09-10 16:46:18,520 INFO o.a.j.t.JMeterThread: Thread finished: Stress Exp 2 Config3 1-13
2026-09-10 16:46:18,519 INFO o.a.j.t.JMeterThread: Stopping: Stress Exp 2 Config3 1-94
2026-09-10 16:46:18,521 INFO o.a.j.t.JMeterThread: Thread finished: Stress Exp 2 Config3 1-28
2026-09-10 16:46:18,521 INFO o.a.j.t.JMeterThread: Stopping: Stress Exp 2 Config3 1-58
2026-09-10 16:46:18,521 INFO o.a.j.t.JMeterThread: Thread started: Stress Exp 2 Config3 1-94
2026-09-10 16:46:18,521 INFO o.a.j.t.JMeterThread: Stopping: Stress Exp 2 Config3 1-21
2026-09-10 16:46:18,521 INFO o.a.j.t.JMeterThread: Thread finished: Stress Exp 2 Config3 1-94
2026-09-10 16:46:18,521 INFO o.a.j.t.JMeterThread: Thread started: Stress Exp 2 Config3 1-58
2026-09-10 16:46:18,522 WARN o.a.j.t.JMeterThread: Interrupting: Stress Exp 2 Config3 1-21 sampler: HTTP Request
2026-09-10 16:46:18,522 INFO o.a.j.t.JMeterThread: Thread finished: Stress Exp 2 Config3 1-58
2026-09-10 16:46:18,522 INFO o.a.j.t.JMeterThread: Stopping: Stress Exp 2 Config3 1-8
2026-09-10 16:46:18,522 WARN o.a.j.t.JMeterThread: Interrupting: Stress Exp 2 Config3 1-8 sampler: HTTP Request
2026-09-10 16:46:18,522 INFO o.a.j.t.JMeterThread: Stopping: Stress Exp 2 Config3 1-40
2026-09-10 16:46:18,523 INFO o.a.j.t.JMeterThread: Stopping: Stress Exp 2 Config3 1-139
2026-09-10 16:46:18,523 INFO o.a.j.t.JMeterThread: Stopping: Stress Exp 2 Config3 1-37
2026-09-10 16:46:18,523 INFO o.a.j.t.JMeterThread: Thread finished: Stress Exp 2 Config3 1-21
2026-09-10 16:46:18,523 INFO o.a.j.t.JMeterThread: Thread started: Stress Exp 2 Config3 1-37
2026-09-10 16:46:18,523 INFO o.a.j.t.JMeterThread: Thread finished: Stress Exp 2 Config3 1-8
2026-09-10 16:46:18,524 INFO o.a.j.t.JMeterThread: Stopping: Stress Exp 2 Config3 1-22
2026-09-10 16:46:18,524 INFO o.a.j.t.JMeterThread: Thread finished: Stress Exp 2 Config3 1-37
2026-09-10 16:46:18,524 WARN o.a.j.t.JMeterThread: Interrupting: Stress Exp 2 Config3 1-22 sampler: HTTP Request
2026-09-10 16:46:18,524 INFO o.a.j.t.JMeterThread: Thread started: Stress Exp 2 Config3 1-40
2026-09-10 16:46:18,524 INFO o.a.j.t.JMeterThread: Thread started: Stress Exp 2 Config3 1-139
2026-09-10 16:46:18,525 INFO o.a.j.t.JMeterThread: Thread finished: Stress Exp 2 Config3 1-40
2026-09-10 16:46:18,525 INFO o.a.j.t.JMeterThread: Stopping: Stress Exp 2 Config3 1-144
2026-09-10 16:46:18,525 INFO o.a.j.t.JMeterThread: Stopping: Stress Exp 2 Config3 1-85
2026-09-10 16:46:18,525 INFO o.a.j.t.JMeterThread: Thread finished: Stress Exp 2 Config3 1-139
2026-09-10 16:46:18,525 INFO o.a.j.t.JMeterThread: Stopping: Stress Exp 2 Config3 1-10
2026-09-10 16:46:18,525 WARN o.a.j.t.JMeterThread: Interrupting: Stress Exp 2 Config3 1-10 sampler: HTTP Request
2026-09-10 16:46:18,525 INFO o.a.j.t.JMeterThread: Thread started: Stress Exp 2 Config3 1-144
2026-09-10 16:46:18,525 INFO o.a.j.t.JMeterThread: Thread finished: Stress Exp 2 Config3 1-22
2026-09-10 16:46:18,526 INFO o.a.j.t.JMeterThread: Stopping: Stress Exp 2 Config3 1-23
2026-09-10 16:46:18,525 INFO o.a.j.t.JMeterThread: Thread started: Stress Exp 2 Config3 1-85
2026-09-10 16:46:18,526 INFO o.a.j.t.JMeterThread: Thread finished: Stress Exp 2 Config3 1-144
2026-09-10 16:46:18,527 INFO o.a.j.t.JMeterThread: Thread finished: Stress Exp 2 Config3 1-85
2026-09-10 16:46:18,527 WARN o.a.j.t.JMeterThread: Interrupting: Stress Exp 2 Config3 1-23 sampler: HTTP Request
2026-09-10 16:46:18,527 INFO o.a.j.t.JMeterThread: Stopping: Stress Exp 2 Config3 1-39
2026-09-10 16:46:18,527 INFO o.a.j.t.JMeterThread: Thread finished: Stress Exp 2 Config3 1-10
2026-09-10 16:46:18,527 INFO o.a.j.t.JMeterThread: Stopping: Stress Exp 2 Config3 1-64
2026-09-10 16:46:18,527 INFO o.a.j.t.JMeterThread: Stopping: Stress Exp 2 Config3 1-19
2026-09-10 16:46:18,527 WARN o.a.j.t.JMeterThread: Interrupting: Stress Exp 2 Config3 1-19 sampler: HTTP Request
2026-09-10 16:46:18,527 INFO o.a.j.t.JMeterThread: Thread started: Stress Exp 2 Config3 1-39
2026-09-10 16:46:18,527 INFO o.a.j.t.JMeterThread: Thread started: Stress Exp 2 Config3 1-64
2026-09-10 16:46:18,528 INFO o.a.j.t.JMeterThread: Stopping: Stress Exp 2 Config3 1-121
2026-09-10 16:46:18,528 INFO o.a.j.t.JMeterThread: Thread finished: Stress Exp 2 Config3 1-23
2026-09-10 16:46:18,528 INFO o.a.j.t.JMeterThread: Thread finished: Stress Exp 2 Config3 1-39
2026-09-10 16:46:18,528 INFO o.a.j.t.JMeterThread: Stopping: Stress Exp 2 Config3 1-110
2026-09-10 16:46:18,528 INFO o.a.j.t.JMeterThread: Thread finished: Stress Exp 2 Config3 1-64
2026-09-10 16:46:18,528 INFO o.a.j.t.JMeterThread: Stopping: Stress Exp 2 Config3 1-124
2026-09-10 16:46:18,528 INFO o.a.j.t.JMeterThread: Stopping: Stress Exp 2 Config3 1-65
2026-09-10 16:46:18,528 INFO o.a.j.t.JMeterThread: Thread started: Stress Exp 2 Config3 1-121
2026-09-10 16:46:18,529 INFO o.a.j.t.JMeterThread: Stopping: Stress Exp 2 Config3 1-92
2026-09-10 16:46:18,529 INFO o.a.j.t.JMeterThread: Thread finished: Stress Exp 2 Config3 1-19
2026-09-10 16:46:18,529 INFO o.a.j.t.JMeterThread: Thread finished: Stress Exp 2 Config3 1-121
2026-09-10 16:46:18,529 INFO o.a.j.t.JMeterThread: Thread started: Stress Exp 2 Config3 1-124
2026-09-10 16:46:18,529 INFO o.a.j.t.JMeterThread: Thread finished: Stress Exp 2 Config3 1-124
2026-09-10 16:46:18,529 INFO o.a.j.t.JMeterThread: Thread started: Stress Exp 2 Config3 1-110
2026-09-10 16:46:18,530 INFO o.a.j.t.JMeterThread: Stopping: Stress Exp 2 Config3 1-26
2026-09-10 16:46:18,530 INFO o.a.j.t.JMeterThread: Thread finished: Stress Exp 2 Config3 1-110
2026-09-10 16:46:18,530 WARN o.a.j.t.JMeterThread: Interrupting: Stress Exp 2 Config3 1-26 sampler: HTTP Request
2026-09-10 16:46:18,529 INFO o.a.j.t.JMeterThread: Thread started: Stress Exp 2 Config3 1-65
2026-09-10 16:46:18,530 INFO o.a.j.t.JMeterThread: Thread started: Stress Exp 2 Config3 1-92
2026-09-10 16:46:18,530 INFO o.a.j.t.JMeterThread: Stopping: Stress Exp 2 Config3 1-38
2026-09-10 16:46:18,530 INFO o.a.j.t.JMeterThread: Thread finished: Stress Exp 2 Config3 1-92
2026-09-10 16:46:18,530 INFO o.a.j.t.JMeterThread: Stopping: Stress Exp 2 Config3 1-111
2026-09-10 16:46:18,530 INFO o.a.j.t.JMeterThread: Stopping: Stress Exp 2 Config3 1-147
2026-09-10 16:46:18,530 INFO o.a.j.t.JMeterThread: Stopping: Stress Exp 2 Config3 1-84
2026-09-10 16:46:18,531 INFO o.a.j.t.JMeterThread: Stopping: Stress Exp 2 Config3 1-142
2026-09-10 16:46:18,530 INFO o.a.j.t.JMeterThread: Thread started: Stress Exp 2 Config3 1-111
2026-09-10 16:46:18,531 INFO o.a.j.t.JMeterThread: Stopping: Stress Exp 2 Config3 1-55
2026-09-10 16:46:18,531 INFO o.a.j.t.JMeterThread: Stopping: Stress Exp 2 Config3 1-108
2026-09-10 16:46:18,531 INFO o.a.j.t.JMeterThread: Thread started: Stress Exp 2 Config3 1-147
2026-09-10 16:46:18,531 INFO o.a.j.t.JMeterThread: Stopping: Stress Exp 2 Config3 1-73
2026-09-10 16:46:18,531 INFO o.a.j.t.JMeterThread: Stopping: Stress Exp 2 Config3 1-32
2026-09-10 16:46:18,530 INFO o.a.j.t.JMeterThread: Thread finished: Stress Exp 2 Config3 1-65
2026-09-10 16:46:18,531 INFO o.a.j.t.JMeterThread: Stopping: Stress Exp 2 Config3 1-77
2026-09-10 16:46:18,531 INFO o.a.j.t.JMeterThread: Thread finished: Stress Exp 2 Config3 1-26
2026-09-10 16:46:18,531 INFO o.a.j.t.JMeterThread: Thread started: Stress Exp 2 Config3 1-84
2026-09-10 16:46:18,531 INFO o.a.j.t.JMeterThread: Thread started: Stress Exp 2 Config3 1-55
2026-09-10 16:46:18,532 INFO o.a.j.t.JMeterThread: Thread finished: Stress Exp 2 Config3 1-84
2026-09-10 16:46:18,532 INFO o.a.j.t.JMeterThread: Thread started: Stress Exp 2 Config3 1-108
2026-09-10 16:46:18,531 INFO o.a.j.t.JMeterThread: Thread started: Stress Exp 2 Config3 1-142
2026-09-10 16:46:18,531 INFO o.a.j.t.JMeterThread: Thread finished: Stress Exp 2 Config3 1-111
2026-09-10 16:46:18,532 INFO o.a.j.t.JMeterThread: Thread started: Stress Exp 2 Config3 1-73
2026-09-10 16:46:18,532 INFO o.a.j.t.JMeterThread: Thread started: Stress Exp 2 Config3 1-32
2026-09-10 16:46:18,532 INFO o.a.j.t.JMeterThread: Thread finished: Stress Exp 2 Config3 1-108
2026-09-10 16:46:18,532 INFO o.a.j.t.JMeterThread: Thread finished: Stress Exp 2 Config3 1-142
2026-09-10 16:46:18,532 INFO o.a.j.t.JMeterThread: Thread finished: Stress Exp 2 Config3 1-32
2026-09-10 16:46:18,532 INFO o.a.j.t.JMeterThread: Thread finished: Stress Exp 2 Config3 1-73
2026-09-10 16:46:18,531 INFO o.a.j.t.JMeterThread: Thread started: Stress Exp 2 Config3 1-38
2026-09-10 16:46:18,531 INFO o.a.j.t.JMeterThread: Thread finished: Stress Exp 2 Config3 1-147
2026-09-10 16:46:18,532 INFO o.a.j.t.JMeterThread: Thread finished: Stress Exp 2 Config3 1-55
2026-09-10 16:46:18,533 INFO o.a.j.t.JMeterThread: Thread finished: Stress Exp 2 Config3 1-38
2026-09-10 16:46:18,533 INFO o.a.j.t.JMeterThread: Stopping: Stress Exp 2 Config3 1-91
2026-09-10 16:46:18,533 INFO o.a.j.t.JMeterThread: Thread started: Stress Exp 2 Config3 1-77
2026-09-10 16:46:18,533 INFO o.a.j.t.JMeterThread: Stopping: Stress Exp 2 Config3 1-118
2026-09-10 16:46:18,533 INFO o.a.j.t.JMeterThread: Stopping: Stress Exp 2 Config3 1-71
2026-09-10 16:46:18,533 INFO o.a.j.t.JMeterThread: Stopping: Stress Exp 2 Config3 1-53
2026-09-10 16:46:18,533 INFO o.a.j.t.JMeterThread: Thread finished: Stress Exp 2 Config3 1-77
2026-09-10 16:46:18,533 INFO o.a.j.t.JMeterThread: Thread started: Stress Exp 2 Config3 1-91
2026-09-10 16:46:18,533 INFO o.a.j.t.JMeterThread: Stopping: Stress Exp 2 Config3 1-125
2026-09-10 16:46:18,533 INFO o.a.j.t.JMeterThread: Thread started: Stress Exp 2 Config3 1-118
2026-09-10 16:46:18,533 INFO o.a.j.t.JMeterThread: Thread started: Stress Exp 2 Config3 1-71
2026-09-10 16:46:18,534 INFO o.a.j.t.JMeterThread: Stopping: Stress Exp 2 Config3 1-137
2026-09-10 16:46:18,534 INFO o.a.j.t.JMeterThread: Thread finished: Stress Exp 2 Config3 1-91
2026-09-10 16:46:18,534 INFO o.a.j.t.JMeterThread: Stopping: Stress Exp 2 Config3 1-36
2026-09-10 16:46:18,534 INFO o.a.j.t.JMeterThread: Thread finished: Stress Exp 2 Config3 1-118
2026-09-10 16:46:18,534 INFO o.a.j.t.JMeterThread: Thread finished: Stress Exp 2 Config3 1-71
2026-09-10 16:46:18,534 INFO o.a.j.t.JMeterThread: Thread started: Stress Exp 2 Config3 1-53
2026-09-10 16:46:18,534 INFO o.a.j.t.JMeterThread: Thread started: Stress Exp 2 Config3 1-36
2026-09-10 16:46:18,534 INFO o.a.j.t.JMeterThread: Thread started: Stress Exp 2 Config3 1-125
2026-09-10 16:46:18,535 INFO o.a.j.t.JMeterThread: Thread started: Stress Exp 2 Config3 1-137
2026-09-10 16:46:18,535 INFO o.a.j.t.JMeterThread: Thread finished: Stress Exp 2 Config3 1-36
2026-09-10 16:46:18,535 INFO o.a.j.t.JMeterThread: Thread finished: Stress Exp 2 Config3 1-125
2026-09-10 16:46:18,535 INFO o.a.j.t.JMeterThread: Thread finished: Stress Exp 2 Config3 1-137
2026-09-10 16:46:18,534 INFO o.a.j.t.JMeterThread: Stopping: Stress Exp 2 Config3 1-146
2026-09-10 16:46:18,535 INFO o.a.j.t.JMeterThread: Thread finished: Stress Exp 2 Config3 1-53
2026-09-10 16:46:18,535 INFO o.a.j.t.JMeterThread: Stopping: Stress Exp 2 Config3 1-17
2026-09-10 16:46:18,535 WARN o.a.j.t.JMeterThread: Interrupting: Stress Exp 2 Config3 1-17 sampler: HTTP Request
2026-09-10 16:46:18,535 INFO o.a.j.t.JMeterThread: Thread started: Stress Exp 2 Config3 1-146
2026-09-10 16:46:18,536 INFO o.a.j.t.JMeterThread: Stopping: Stress Exp 2 Config3 1-24
2026-09-10 16:46:18,536 INFO o.a.j.t.JMeterThread: Thread finished: Stress Exp 2 Config3 1-146
2026-09-10 16:46:18,536 WARN o.a.j.t.JMeterThread: Interrupting: Stress Exp 2 Config3 1-24 sampler: HTTP Request
2026-09-10 16:46:18,536 INFO o.a.j.t.JMeterThread: Stopping: Stress Exp 2 Config3 1-14
2026-09-10 16:46:18,536 WARN o.a.j.t.JMeterThread: Interrupting: Stress Exp 2 Config3 1-14 sampler: HTTP Request
2026-09-10 16:46:18,537 INFO o.a.j.t.JMeterThread: Stopping: Stress Exp 2 Config3 1-116
2026-09-10 16:46:18,537 INFO o.a.j.t.JMeterThread: Thread finished: Stress Exp 2 Config3 1-17
2026-09-10 16:46:18,537 INFO o.a.j.t.JMeterThread: Stopping: Stress Exp 2 Config3 1-122
2026-09-10 16:46:18,537 INFO o.a.j.t.JMeterThread: Stopping: Stress Exp 2 Config3 1-135
2026-09-10 16:46:18,537 INFO o.a.j.t.JMeterThread: Stopping: Stress Exp 2 Config3 1-30
2026-09-10 16:46:18,537 INFO o.a.j.t.JMeterThread: Stopping: Stress Exp 2 Config3 1-20
2026-09-10 16:46:18,537 WARN o.a.j.t.JMeterThread: Interrupting: Stress Exp 2 Config3 1-20 sampler: HTTP Request
2026-09-10 16:46:18,537 INFO o.a.j.t.JMeterThread: Thread finished: Stress Exp 2 Config3 1-24
2026-09-10 16:46:18,537 INFO o.a.j.t.JMeterThread: Thread finished: Stress Exp 2 Config3 1-14
2026-09-10 16:46:18,538 INFO o.a.j.t.JMeterThread: Stopping: Stress Exp 2 Config3 1-143
2026-09-10 16:46:18,538 INFO o.a.j.t.JMeterThread: Stopping: Stress Exp 2 Config3 1-112
2026-09-10 16:46:18,538 INFO o.a.j.t.JMeterThread: Stopping: Stress Exp 2 Config3 1-29
2026-09-10 16:46:18,538 INFO o.a.j.t.JMeterThread: Stopping: Stress Exp 2 Config3 1-6
2026-09-10 16:46:18,537 INFO o.a.j.t.JMeterThread: Thread started: Stress Exp 2 Config3 1-116
2026-09-10 16:46:18,537 INFO o.a.j.t.JMeterThread: Thread started: Stress Exp 2 Config3 1-122
2026-09-10 16:46:18,538 INFO o.a.j.t.JMeterThread: Thread started: Stress Exp 2 Config3 1-143
2026-09-10 16:46:18,538 INFO o.a.j.t.JMeterThread: Thread finished: Stress Exp 2 Config3 1-116
2026-09-10 16:46:18,538 INFO o.a.j.t.JMeterThread: Thread finished: Stress Exp 2 Config3 1-122
2026-09-10 16:46:18,538 INFO o.a.j.t.JMeterThread: Thread finished: Stress Exp 2 Config3 1-20
2026-09-10 16:46:18,539 INFO o.a.j.t.JMeterThread: Thread finished: Stress Exp 2 Config3 1-143
2026-09-10 16:46:18,538 INFO o.a.j.t.JMeterThread: Thread started: Stress Exp 2 Config3 1-135
2026-09-10 16:46:18,538 WARN o.a.j.t.JMeterThread: Interrupting: Stress Exp 2 Config3 1-6 sampler: HTTP Request
2026-09-10 16:46:18,538 INFO o.a.j.t.JMeterThread: Thread started: Stress Exp 2 Config3 1-30
2026-09-10 16:46:18,539 INFO o.a.j.t.JMeterThread: Thread started: Stress Exp 2 Config3 1-112
2026-09-10 16:46:18,539 INFO o.a.j.t.JMeterThread: Thread finished: Stress Exp 2 Config3 1-135
2026-09-10 16:46:18,540 INFO o.a.j.t.JMeterThread: Stopping: Stress Exp 2 Config3 1-48
2026-09-10 16:46:18,540 INFO o.a.j.t.JMeterThread: Thread finished: Stress Exp 2 Config3 1-30
2026-09-10 16:46:18,540 INFO o.a.j.t.JMeterThread: Thread finished: Stress Exp 2 Config3 1-112
2026-09-10 16:46:18,540 INFO o.a.j.t.JMeterThread: Stopping: Stress Exp 2 Config3 1-69
2026-09-10 16:46:18,540 INFO o.a.j.t.JMeterThread: Stopping: Stress Exp 2 Config3 1-44
2026-09-10 16:46:18,540 INFO o.a.j.t.JMeterThread: Stopping: Stress Exp 2 Config3 1-9
2026-09-10 16:46:18,540 INFO o.a.j.t.JMeterThread: Thread started: Stress Exp 2 Config3 1-48
2026-09-10 16:46:18,540 WARN o.a.j.t.JMeterThread: Interrupting: Stress Exp 2 Config3 1-9 sampler: HTTP Request
2026-09-10 16:46:18,540 INFO o.a.j.t.JMeterThread: Thread started: Stress Exp 2 Config3 1-69
2026-09-10 16:46:18,540 INFO o.a.j.t.JMeterThread: Thread started: Stress Exp 2 Config3 1-44
2026-09-10 16:46:18,540 INFO o.a.j.t.JMeterThread: Thread finished: Stress Exp 2 Config3 1-48
2026-09-10 16:46:18,540 INFO o.a.j.t.JMeterThread: Stopping: Stress Exp 2 Config3 1-82
2026-09-10 16:46:18,540 INFO o.a.j.t.JMeterThread: Thread finished: Stress Exp 2 Config3 1-69
2026-09-10 16:46:18,540 INFO o.a.j.t.JMeterThread: Stopping: Stress Exp 2 Config3 1-98
2026-09-10 16:46:18,540 INFO o.a.j.t.JMeterThread: Thread finished: Stress Exp 2 Config3 1-44
2026-09-10 16:46:18,540 INFO o.a.j.t.JMeterThread: Stopping: Stress Exp 2 Config3 1-75
2026-09-10 16:46:18,540 INFO o.a.j.t.JMeterThread: Thread finished: Stress Exp 2 Config3 1-6
2026-09-10 16:46:18,540 INFO o.a.j.t.JMeterThread: Thread started: Stress Exp 2 Config3 1-82
2026-09-10 16:46:18,540 INFO o.a.j.t.JMeterThread: Stopping: Stress Exp 2 Config3 1-7
2026-09-10 16:46:18,540 INFO o.a.j.t.JMeterThread: Thread started: Stress Exp 2 Config3 1-75
2026-09-10 16:46:18,540 INFO o.a.j.t.JMeterThread: Thread started: Stress Exp 2 Config3 1-98
2026-09-10 16:46:18,541 WARN o.a.j.t.JMeterThread: Interrupting: Stress Exp 2 Config3 1-7 sampler: HTTP Request
2026-09-10 16:46:18,541 INFO o.a.j.t.JMeterThread: Thread finished: Stress Exp 2 Config3 1-82
2026-09-10 16:46:18,541 INFO o.a.j.t.JMeterThread: Thread finished: Stress Exp 2 Config3 1-9
2026-09-10 16:46:18,541 INFO o.a.j.t.JMeterThread: Thread finished: Stress Exp 2 Config3 1-75
2026-09-10 16:46:18,541 INFO o.a.j.t.JMeterThread: Stopping: Stress Exp 2 Config3 1-52
2026-09-10 16:46:18,541 INFO o.a.j.t.JMeterThread: Thread finished: Stress Exp 2 Config3 1-98
2026-09-10 16:46:18,541 INFO o.a.j.t.JMeterThread: Stopping: Stress Exp 2 Config3 1-1
2026-09-10 16:46:18,541 WARN o.a.j.t.JMeterThread: Interrupting: Stress Exp 2 Config3 1-1 sampler: HTTP Request
2026-09-10 16:46:18,541 INFO o.a.j.t.JMeterThread: Thread started: Stress Exp 2 Config3 1-52
2026-09-10 16:46:18,541 INFO o.a.j.t.JMeterThread: Stopping: Stress Exp 2 Config3 1-27
2026-09-10 16:46:18,541 INFO o.a.j.t.JMeterThread: Thread started: Stress Exp 2 Config3 1-29
2026-09-10 16:46:18,542 WARN o.a.j.t.JMeterThread: Interrupting: Stress Exp 2 Config3 1-27 sampler: HTTP Request
2026-09-10 16:46:18,542 INFO o.a.j.t.JMeterThread: Thread finished: Stress Exp 2 Config3 1-52
2026-09-10 16:46:18,542 INFO o.a.j.t.JMeterThread: Thread finished: Stress Exp 2 Config3 1-29
2026-09-10 16:46:18,542 INFO o.a.j.t.JMeterThread: Stopping: Stress Exp 2 Config3 1-93
2026-09-10 16:46:18,542 INFO o.a.j.t.JMeterThread: Thread finished: Stress Exp 2 Config3 1-7
2026-09-10 16:46:18,542 INFO o.a.j.t.JMeterThread: Stopping: Stress Exp 2 Config3 1-87
2026-09-10 16:46:18,542 INFO o.a.j.t.JMeterThread: Stopping: Stress Exp 2 Config3 1-128
2026-09-10 16:46:18,542 INFO o.a.j.t.JMeterThread: Stopping: Stress Exp 2 Config3 1-114
2026-09-10 16:46:18,542 INFO o.a.j.t.JMeterThread: Thread started: Stress Exp 2 Config3 1-93
2026-09-10 16:46:18,542 INFO o.a.j.t.JMeterThread: Stopping: Stress Exp 2 Config3 1-54
2026-09-10 16:46:18,542 INFO o.a.j.t.JMeterThread: Thread started: Stress Exp 2 Config3 1-87
2026-09-10 16:46:18,542 INFO o.a.j.t.JMeterThread: Thread finished: Stress Exp 2 Config3 1-1
2026-09-10 16:46:18,542 INFO o.a.j.t.JMeterThread: Stopping: Stress Exp 2 Config3 1-18
2026-09-10 16:46:18,543 WARN o.a.j.t.JMeterThread: Interrupting: Stress Exp 2 Config3 1-18 sampler: HTTP Request
2026-09-10 16:46:18,542 INFO o.a.j.t.JMeterThread: Thread started: Stress Exp 2 Config3 1-114
2026-09-10 16:46:18,543 INFO o.a.j.t.JMeterThread: Thread finished: Stress Exp 2 Config3 1-27
2026-09-10 16:46:18,543 INFO o.a.j.t.JMeterThread: Stopping: Stress Exp 2 Config3 1-67
2026-09-10 16:46:18,543 INFO o.a.j.t.JMeterThread: Thread finished: Stress Exp 2 Config3 1-114
2026-09-10 16:46:18,543 INFO o.a.j.t.JMeterThread: Stopping: Stress Exp 2 Config3 1-68
2026-09-10 16:46:18,543 INFO o.a.j.t.JMeterThread: Thread started: Stress Exp 2 Config3 1-128
2026-09-10 16:46:18,543 INFO o.a.j.t.JMeterThread: Thread finished: Stress Exp 2 Config3 1-93
2026-09-10 16:46:18,543 INFO o.a.j.t.JMeterThread: Thread finished: Stress Exp 2 Config3 1-87
2026-09-10 16:46:18,543 INFO o.a.j.t.JMeterThread: Thread started: Stress Exp 2 Config3 1-67
2026-09-10 16:46:18,544 INFO o.a.j.t.JMeterThread: Thread finished: Stress Exp 2 Config3 1-128
2026-09-10 16:46:18,544 INFO o.a.j.t.JMeterThread: Stopping: Stress Exp 2 Config3 1-80
2026-09-10 16:46:18,543 INFO o.a.j.t.JMeterThread: Thread started: Stress Exp 2 Config3 1-54
2026-09-10 16:46:18,544 INFO o.a.j.t.JMeterThread: Stopping: Stress Exp 2 Config3 1-120
2026-09-10 16:46:18,544 INFO o.a.j.t.JMeterThread: Thread finished: Stress Exp 2 Config3 1-67
2026-09-10 16:46:18,544 INFO o.a.j.t.JMeterThread: Stopping: Stress Exp 2 Config3 1-72
2026-09-10 16:46:18,544 INFO o.a.j.t.JMeterThread: Thread started: Stress Exp 2 Config3 1-68
2026-09-10 16:46:18,544 INFO o.a.j.t.JMeterThread: Stopping: Stress Exp 2 Config3 1-130
2026-09-10 16:46:18,544 INFO o.a.j.t.JMeterThread: Thread started: Stress Exp 2 Config3 1-80
2026-09-10 16:46:18,544 INFO o.a.j.t.JMeterThread: Thread finished: Stress Exp 2 Config3 1-18
2026-09-10 16:46:18,545 INFO o.a.j.t.JMeterThread: Stopping: Stress Exp 2 Config3 1-138
2026-09-10 16:46:18,545 INFO o.a.j.t.JMeterThread: Thread finished: Stress Exp 2 Config3 1-68
2026-09-10 16:46:18,544 INFO o.a.j.t.JMeterThread: Thread finished: Stress Exp 2 Config3 1-54
2026-09-10 16:46:18,545 INFO o.a.j.t.JMeterThread: Stopping: Stress Exp 2 Config3 1-150
2026-09-10 16:46:18,545 INFO o.a.j.t.JMeterThread: Thread finished: Stress Exp 2 Config3 1-80
2026-09-10 16:46:18,545 INFO o.a.j.t.JMeterThread: Thread started: Stress Exp 2 Config3 1-120
2026-09-10 16:46:18,545 INFO o.a.j.t.JMeterThread: Stopping: Stress Exp 2 Config3 1-16
2026-09-10 16:46:18,545 INFO o.a.j.t.JMeterThread: Thread started: Stress Exp 2 Config3 1-138
2026-09-10 16:46:18,545 WARN o.a.j.t.JMeterThread: Interrupting: Stress Exp 2 Config3 1-16 sampler: HTTP Request
2026-09-10 16:46:18,545 INFO o.a.j.t.JMeterThread: Thread finished: Stress Exp 2 Config3 1-120
2026-09-10 16:46:18,545 INFO o.a.j.t.JMeterThread: Thread finished: Stress Exp 2 Config3 1-138
2026-09-10 16:46:18,545 INFO o.a.j.t.JMeterThread: Thread started: Stress Exp 2 Config3 1-150
2026-09-10 16:46:18,545 INFO o.a.j.t.JMeterThread: Thread started: Stress Exp 2 Config3 1-72
2026-09-10 16:46:18,545 INFO o.a.j.t.JMeterThread: Stopping: Stress Exp 2 Config3 1-70
2026-09-10 16:46:18,545 INFO o.a.j.t.JMeterThread: Thread started: Stress Exp 2 Config3 1-130
2026-09-10 16:46:18,545 INFO o.a.j.t.JMeterThread: Stopping: Stress Exp 2 Config3 1-132
2026-09-10 16:46:18,545 INFO o.a.j.t.JMeterThread: Thread finished: Stress Exp 2 Config3 1-72
2026-09-10 16:46:18,545 INFO o.a.j.t.JMeterThread: Stopping: Stress Exp 2 Config3 1-33
2026-09-10 16:46:18,545 INFO o.a.j.t.JMeterThread: Thread finished: Stress Exp 2 Config3 1-130
2026-09-10 16:46:18,545 INFO o.a.j.t.JMeterThread: Thread finished: Stress Exp 2 Config3 1-150
2026-09-10 16:46:18,545 INFO o.a.j.t.JMeterThread: Thread started: Stress Exp 2 Config3 1-70
2026-09-10 16:46:18,545 INFO o.a.j.t.JMeterThread: Stopping: Stress Exp 2 Config3 1-95
2026-09-10 16:46:18,546 INFO o.a.j.t.JMeterThread: Thread started: Stress Exp 2 Config3 1-132
2026-09-10 16:46:18,546 INFO o.a.j.t.JMeterThread: Thread started: Stress Exp 2 Config3 1-33
2026-09-10 16:46:18,546 INFO o.a.j.t.JMeterThread: Stopping: Stress Exp 2 Config3 1-34
2026-09-10 16:46:18,546 INFO o.a.j.t.JMeterThread: Thread finished: Stress Exp 2 Config3 1-70
2026-09-10 16:46:18,547 INFO o.a.j.t.JMeterThread: Thread finished: Stress Exp 2 Config3 1-16
2026-09-10 16:46:18,547 INFO o.a.j.t.JMeterThread: Thread finished: Stress Exp 2 Config3 1-33
2026-09-10 16:46:18,547 INFO o.a.j.t.JMeterThread: Stopping: Stress Exp 2 Config3 1-109
2026-09-10 16:46:18,547 INFO o.a.j.t.JMeterThread: Thread finished: Stress Exp 2 Config3 1-132
2026-09-10 16:46:18,547 INFO o.a.j.t.JMeterThread: Stopping: Stress Exp 2 Config3 1-136
2026-09-10 16:46:18,547 INFO o.a.j.t.JMeterThread: Thread started: Stress Exp 2 Config3 1-34
2026-09-10 16:46:18,547 INFO o.a.j.t.JMeterThread: Thread started: Stress Exp 2 Config3 1-95
2026-09-10 16:46:18,547 INFO o.a.j.t.JMeterThread: Stopping: Stress Exp 2 Config3 1-2
2026-09-10 16:46:18,547 INFO o.a.j.t.JMeterThread: Thread started: Stress Exp 2 Config3 1-109
2026-09-10 16:46:18,548 INFO o.a.j.t.JMeterThread: Thread finished: Stress Exp 2 Config3 1-34
2026-09-10 16:46:18,548 INFO o.a.j.t.JMeterThread: Thread finished: Stress Exp 2 Config3 1-95
2026-09-10 16:46:18,548 INFO o.a.j.t.JMeterThread: Thread finished: Stress Exp 2 Config3 1-109
2026-09-10 16:46:18,548 INFO o.a.j.t.JMeterThread: Thread started: Stress Exp 2 Config3 1-136
2026-09-10 16:46:18,548 WARN o.a.j.t.JMeterThread: Interrupting: Stress Exp 2 Config3 1-2 sampler: HTTP Request
2026-09-10 16:46:18,548 INFO o.a.j.t.JMeterThread: Thread finished: Stress Exp 2 Config3 1-136
2026-09-10 16:46:18,548 INFO o.a.j.t.JMeterThread: Stopping: Stress Exp 2 Config3 1-11
2026-09-10 16:46:18,548 WARN o.a.j.t.JMeterThread: Interrupting: Stress Exp 2 Config3 1-11 sampler: HTTP Request
2026-09-10 16:46:18,549 INFO o.a.j.t.JMeterThread: Stopping: Stress Exp 2 Config3 1-133
2026-09-10 16:46:18,549 INFO o.a.j.t.JMeterThread: Stopping: Stress Exp 2 Config3 1-56
2026-09-10 16:46:18,550 INFO o.a.j.t.JMeterThread: Thread finished: Stress Exp 2 Config3 1-2
2026-09-10 16:46:18,550 INFO o.a.j.t.JMeterThread: Stopping: Stress Exp 2 Config3 1-86
2026-09-10 16:46:18,550 INFO o.a.j.t.JMeterThread: Thread started: Stress Exp 2 Config3 1-133
2026-09-10 16:46:18,550 INFO o.a.j.t.JMeterThread: Thread started: Stress Exp 2 Config3 1-56
2026-09-10 16:46:18,551 INFO o.a.j.t.JMeterThread: Thread finished: Stress Exp 2 Config3 1-11
2026-09-10 16:46:18,551 INFO o.a.j.t.JMeterThread: Thread finished: Stress Exp 2 Config3 1-133
2026-09-10 16:46:18,551 INFO o.a.j.t.JMeterThread: Thread finished: Stress Exp 2 Config3 1-56
2026-09-10 16:46:18,551 INFO o.a.j.t.JMeterThread: Thread started: Stress Exp 2 Config3 1-86
2026-09-10 16:46:18,550 INFO o.a.j.t.JMeterThread: Stopping: Stress Exp 2 Config3 1-103
2026-09-10 16:46:18,551 INFO o.a.j.t.JMeterThread: Thread finished: Stress Exp 2 Config3 1-86
2026-09-10 16:46:18,551 INFO o.a.j.t.JMeterThread: Stopping: Stress Exp 2 Config3 1-105
2026-09-10 16:46:18,552 INFO o.a.j.t.JMeterThread: Stopping: Stress Exp 2 Config3 1-25
2026-09-10 16:46:18,552 INFO o.a.j.t.JMeterThread: Thread started: Stress Exp 2 Config3 1-103
2026-09-10 16:46:18,552 WARN o.a.j.t.JMeterThread: Interrupting: Stress Exp 2 Config3 1-25 sampler: HTTP Request
2026-09-10 16:46:18,552 INFO o.a.j.t.JMeterThread: Thread started: Stress Exp 2 Config3 1-105
2026-09-10 16:46:18,552 INFO o.a.j.t.JMeterThread: Thread finished: Stress Exp 2 Config3 1-103
2026-09-10 16:46:18,553 INFO o.a.j.t.JMeterThread: Stopping: Stress Exp 2 Config3 1-78
2026-09-10 16:46:18,553 INFO o.a.j.t.JMeterThread: Stopping: Stress Exp 2 Config3 1-47
2026-09-10 16:46:18,553 INFO o.a.j.t.JMeterThread: Thread finished: Stress Exp 2 Config3 1-105
2026-09-10 16:46:18,553 INFO o.a.j.t.JMeterThread: Stopping: Stress Exp 2 Config3 1-129
2026-09-10 16:46:18,554 INFO o.a.j.t.JMeterThread: Thread started: Stress Exp 2 Config3 1-78
2026-09-10 16:46:18,553 INFO o.a.j.t.JMeterThread: Thread started: Stress Exp 2 Config3 1-47
2026-09-10 16:46:18,554 INFO o.a.j.t.JMeterThread: Thread finished: Stress Exp 2 Config3 1-25
2026-09-10 16:46:18,554 INFO o.a.j.t.JMeterThread: Stopping: Stress Exp 2 Config3 1-115
2026-09-10 16:46:18,554 INFO o.a.j.t.JMeterThread: Thread finished: Stress Exp 2 Config3 1-78
2026-09-10 16:46:18,555 INFO o.a.j.t.JMeterThread: Thread finished: Stress Exp 2 Config3 1-47
2026-09-10 16:46:18,555 INFO o.a.j.t.JMeterThread: Stopping: Stress Exp 2 Config3 1-117
2026-09-10 16:46:18,555 INFO o.a.j.t.JMeterThread: Stopping: Stress Exp 2 Config3 1-51
2026-09-10 16:46:18,555 INFO o.a.j.t.JMeterThread: Stopping: Stress Exp 2 Config3 1-90
2026-09-10 16:46:18,555 INFO o.a.j.t.JMeterThread: Thread started: Stress Exp 2 Config3 1-115
2026-09-10 16:46:18,555 INFO o.a.j.t.JMeterThread: Stopping: Stress Exp 2 Config3 1-99
2026-09-10 16:46:18,555 INFO o.a.j.t.JMeterThread: Thread started: Stress Exp 2 Config3 1-117
2026-09-10 16:46:18,556 INFO o.a.j.t.JMeterThread: Stopping: Stress Exp 2 Config3 1-42
2026-09-10 16:46:18,556 INFO o.a.j.t.JMeterThread: Thread finished: Stress Exp 2 Config3 1-115
2026-09-10 16:46:18,555 INFO o.a.j.t.JMeterThread: Thread started: Stress Exp 2 Config3 1-129
2026-09-10 16:46:18,556 INFO o.a.j.t.JMeterThread: Thread started: Stress Exp 2 Config3 1-90
2026-09-10 16:46:18,556 INFO o.a.j.t.JMeterThread: Stopping: Stress Exp 2 Config3 1-4
2026-09-10 16:46:18,556 WARN o.a.j.t.JMeterThread: Interrupting: Stress Exp 2 Config3 1-4 sampler: HTTP Request
2026-09-10 16:46:18,556 INFO o.a.j.t.JMeterThread: Thread finished: Stress Exp 2 Config3 1-129
2026-09-10 16:46:18,556 INFO o.a.j.t.JMeterThread: Thread started: Stress Exp 2 Config3 1-99
2026-09-10 16:46:18,557 INFO o.a.j.t.JMeterThread: Thread started: Stress Exp 2 Config3 1-42
2026-09-10 16:46:18,557 INFO o.a.j.t.JMeterThread: Stopping: Stress Exp 2 Config3 1-31
2026-09-10 16:46:18,557 INFO o.a.j.t.JMeterThread: Thread finished: Stress Exp 2 Config3 1-99
2026-09-10 16:46:18,557 INFO o.a.j.t.JMeterThread: Stopping: Stress Exp 2 Config3 1-3
2026-09-10 16:46:18,557 INFO o.a.j.t.JMeterThread: Thread finished: Stress Exp 2 Config3 1-42
2026-09-10 16:46:18,556 INFO o.a.j.t.JMeterThread: Thread started: Stress Exp 2 Config3 1-51
2026-09-10 16:46:18,556 INFO o.a.j.t.JMeterThread: Thread finished: Stress Exp 2 Config3 1-117
2026-09-10 16:46:18,556 INFO o.a.j.t.JMeterThread: Thread finished: Stress Exp 2 Config3 1-90
2026-09-10 16:46:18,558 WARN o.a.j.t.JMeterThread: Interrupting: Stress Exp 2 Config3 1-3 sampler: HTTP Request
2026-09-10 16:46:18,558 INFO o.a.j.t.JMeterThread: Thread finished: Stress Exp 2 Config3 1-51
2026-09-10 16:46:18,559 INFO o.a.j.t.JMeterThread: Thread finished: Stress Exp 2 Config3 1-4
2026-09-10 16:46:18,559 INFO o.a.j.t.JMeterThread: Stopping: Stress Exp 2 Config3 1-97
2026-09-10 16:46:18,559 INFO o.a.j.t.JMeterThread: Thread started: Stress Exp 2 Config3 1-31
2026-09-10 16:46:18,559 INFO o.a.j.t.JMeterThread: Stopping: Stress Exp 2 Config3 1-106
2026-09-10 16:46:18,560 INFO o.a.j.t.JMeterThread: Stopping: Stress Exp 2 Config3 1-107
2026-09-10 16:46:18,560 INFO o.a.j.t.JMeterThread: Thread finished: Stress Exp 2 Config3 1-31
2026-09-10 16:46:18,560 INFO o.a.j.t.JMeterThread: Stopping: Stress Exp 2 Config3 1-41
2026-09-10 16:46:18,560 INFO o.a.j.t.JMeterThread: Stopping: Stress Exp 2 Config3 1-148
2026-09-10 16:46:18,560 INFO o.a.j.t.JMeterThread: Thread started: Stress Exp 2 Config3 1-106
2026-09-10 16:46:18,560 INFO o.a.j.t.JMeterThread: Stopping: Stress Exp 2 Config3 1-5
2026-09-10 16:46:18,560 INFO o.a.j.t.JMeterThread: Thread started: Stress Exp 2 Config3 1-107
2026-09-10 16:46:18,560 INFO o.a.j.t.JMeterThread: Thread finished: Stress Exp 2 Config3 1-106
2026-09-10 16:46:18,560 INFO o.a.j.t.JMeterThread: Thread started: Stress Exp 2 Config3 1-97
2026-09-10 16:46:18,560 INFO o.a.j.t.JMeterThread: Thread finished: Stress Exp 2 Config3 1-3
2026-09-10 16:46:18,560 WARN o.a.j.t.JMeterThread: Interrupting: Stress Exp 2 Config3 1-5 sampler: HTTP Request
2026-09-10 16:46:18,560 INFO o.a.j.t.JMeterThread: Thread started: Stress Exp 2 Config3 1-41
2026-09-10 16:46:18,560 INFO o.a.j.t.JMeterThread: Thread started: Stress Exp 2 Config3 1-148
2026-09-10 16:46:18,561 INFO o.a.j.t.JMeterThread: Thread finished: Stress Exp 2 Config3 1-41
2026-09-10 16:46:18,561 INFO o.a.j.t.JMeterThread: Stopping: Stress Exp 2 Config3 1-127
2026-09-10 16:46:18,561 INFO o.a.j.t.JMeterThread: Thread finished: Stress Exp 2 Config3 1-97
2026-09-10 16:46:18,561 INFO o.a.j.t.JMeterThread: Stopping: Stress Exp 2 Config3 1-76
2026-09-10 16:46:18,561 INFO o.a.j.t.JMeterThread: Thread finished: Stress Exp 2 Config3 1-148
2026-09-10 16:46:18,561 INFO o.a.j.t.JMeterThread: Thread finished: Stress Exp 2 Config3 1-107
2026-09-10 16:46:18,561 INFO o.a.j.t.JMeterThread: Stopping: Stress Exp 2 Config3 1-100
2026-09-10 16:46:18,562 INFO o.a.j.t.JMeterThread: Stopping: Stress Exp 2 Config3 1-74
2026-09-10 16:46:18,562 INFO o.a.j.t.JMeterThread: Thread started: Stress Exp 2 Config3 1-127
2026-09-10 16:46:18,562 INFO o.a.j.t.JMeterThread: Stopping: Stress Exp 2 Config3 1-89
2026-09-10 16:46:18,562 INFO o.a.j.t.JMeterThread: Stopping: Stress Exp 2 Config3 1-59
2026-09-10 16:46:18,562 INFO o.a.j.t.JMeterThread: Thread started: Stress Exp 2 Config3 1-74
2026-09-10 16:46:18,562 INFO o.a.j.t.JMeterThread: Thread finished: Stress Exp 2 Config3 1-127
2026-09-10 16:46:18,562 INFO o.a.j.t.JMeterThread: Stopping: Stress Exp 2 Config3 1-46
2026-09-10 16:46:18,562 INFO o.a.j.t.JMeterThread: Thread started: Stress Exp 2 Config3 1-89
2026-09-10 16:46:18,562 INFO o.a.j.t.JMeterThread: Thread finished: Stress Exp 2 Config3 1-5
2026-09-10 16:46:18,562 INFO o.a.j.t.JMeterThread: Stopping: Stress Exp 2 Config3 1-119
2026-09-10 16:46:18,562 INFO o.a.j.t.JMeterThread: Thread finished: Stress Exp 2 Config3 1-74
2026-09-10 16:46:18,562 INFO o.a.j.t.JMeterThread: Stopping: Stress Exp 2 Config3 1-43
2026-09-10 16:46:18,563 INFO o.a.j.t.JMeterThread: Thread finished: Stress Exp 2 Config3 1-89
2026-09-10 16:46:18,563 INFO o.a.j.t.JMeterThread: Stopping: Stress Exp 2 Config3 1-102
2026-09-10 16:46:18,563 INFO o.a.j.t.JMeterThread: Thread started: Stress Exp 2 Config3 1-46
2026-09-10 16:46:18,563 INFO o.a.j.t.JMeterThread: Stopping: Stress Exp 2 Config3 1-15
2026-09-10 16:46:18,563 INFO o.a.j.t.JMeterThread: Thread finished: Stress Exp 2 Config3 1-46
2026-09-10 16:46:18,563 INFO o.a.j.t.JMeterThread: Thread started: Stress Exp 2 Config3 1-76
2026-09-10 16:46:18,563 INFO o.a.j.t.JMeterThread: Thread started: Stress Exp 2 Config3 1-100
2026-09-10 16:46:18,563 WARN o.a.j.t.JMeterThread: Interrupting: Stress Exp 2 Config3 1-15 sampler: HTTP Request
2026-09-10 16:46:18,564 INFO o.a.j.t.JMeterThread: Thread finished: Stress Exp 2 Config3 1-76
2026-09-10 16:46:18,564 INFO o.a.j.t.JMeterThread: Thread started: Stress Exp 2 Config3 1-59
2026-09-10 16:46:18,563 INFO o.a.j.t.JMeterThread: Thread started: Stress Exp 2 Config3 1-102
2026-09-10 16:46:18,564 INFO o.a.j.t.JMeterThread: Thread started: Stress Exp 2 Config3 1-119
2026-09-10 16:46:18,564 INFO o.a.j.t.JMeterThread: Thread finished: Stress Exp 2 Config3 1-100
2026-09-10 16:46:18,564 INFO o.a.j.t.JMeterThread: Stopping: Stress Exp 2 Config3 1-81
2026-09-10 16:46:18,564 INFO o.a.j.t.JMeterThread: Thread finished: Stress Exp 2 Config3 1-59
2026-09-10 16:46:18,565 INFO o.a.j.t.JMeterThread: Stopping: Stress Exp 2 Config3 1-61
2026-09-10 16:46:18,564 INFO o.a.j.t.JMeterThread: Thread started: Stress Exp 2 Config3 1-43
2026-09-10 16:46:18,565 INFO o.a.j.t.JMeterThread: Thread finished: Stress Exp 2 Config3 1-102
2026-09-10 16:46:18,565 INFO o.a.j.t.JMeterThread: Thread started: Stress Exp 2 Config3 1-81
2026-09-10 16:46:18,565 INFO o.a.j.t.JMeterThread: Thread finished: Stress Exp 2 Config3 1-43
2026-09-10 16:46:18,565 INFO o.a.j.t.JMeterThread: Thread started: Stress Exp 2 Config3 1-61
2026-09-10 16:46:18,564 INFO o.a.j.t.JMeterThread: Thread finished: Stress Exp 2 Config3 1-119
2026-09-10 16:46:18,565 INFO o.a.j.t.JMeterThread: Stopping: Stress Exp 2 Config3 1-140
2026-09-10 16:46:18,565 INFO o.a.j.t.JMeterThread: Thread finished: Stress Exp 2 Config3 1-81
2026-09-10 16:46:18,565 INFO o.a.j.t.JMeterThread: Thread finished: Stress Exp 2 Config3 1-61
2026-09-10 16:46:18,566 INFO o.a.j.t.JMeterThread: Stopping: Stress Exp 2 Config3 1-50
2026-09-10 16:46:18,566 INFO o.a.j.t.JMeterThread: Thread finished: Stress Exp 2 Config3 1-15
2026-09-10 16:46:18,566 INFO o.a.j.t.JMeterThread: Stopping: Stress Exp 2 Config3 1-145
2026-09-10 16:46:18,566 INFO o.a.j.t.JMeterThread: Thread started: Stress Exp 2 Config3 1-140
2026-09-10 16:46:18,566 INFO o.a.j.t.JMeterThread: Thread started: Stress Exp 2 Config3 1-50
2026-09-10 16:46:18,566 INFO o.a.j.t.JMeterThread: Thread finished: Stress Exp 2 Config3 1-140
2026-09-10 16:46:18,566 INFO o.a.j.t.JMeterThread: Thread started: Stress Exp 2 Config3 1-145
2026-09-10 16:46:18,567 INFO o.a.j.t.JMeterThread: Thread finished: Stress Exp 2 Config3 1-50
2026-09-10 16:46:18,567 INFO o.a.j.t.JMeterThread: Thread finished: Stress Exp 2 Config3 1-145
2026-09-10 16:46:18,567 INFO o.a.j.e.StandardJMeterEngine: Notifying test listeners of end of test
2026-09-10 16:46:18,567 INFO o.a.j.g.u.JMeterMenuBar: setRunning(false, *local*)
2026-09-10 16:46:58,535 INFO o.a.j.e.StandardJMeterEngine: Running the test!
2026-09-10 16:46:58,536 INFO o.a.j.s.SampleEvent: List of sample_variables: []
2026-09-10 16:46:58,538 INFO o.a.j.g.u.JMeterMenuBar: setRunning(true, *local*)
2026-09-10 16:46:58,588 INFO o.a.j.e.StandardJMeterEngine: Starting ThreadGroup: 1 : Stress Exp 2 Config3
2026-09-10 16:46:58,589 INFO o.a.j.e.StandardJMeterEngine: Starting 150 threads for group Stress Exp 2 Config3.
2026-09-10 16:46:58,589 INFO o.a.j.e.StandardJMeterEngine: Thread will continue on error
2026-09-10 16:46:58,589 INFO o.a.j.t.ThreadGroup: Starting thread group... number=1 threads=150 ramp-up=50 delayedStart=false
2026-09-10 16:46:58,590 INFO o.a.j.t.JMeterThread: Thread started: Stress Exp 2 Config3 1-1
2026-09-10 16:46:58,613 INFO o.a.j.t.ThreadGroup: Started thread group number 1
2026-09-10 16:46:58,613 INFO o.a.j.e.StandardJMeterEngine: All thread groups have been started
2026-09-10 16:46:58,923 INFO o.a.j.t.JMeterThread: Thread started: Stress Exp 2 Config3 1-2
2026-09-10 16:46:59,256 INFO o.a.j.t.JMeterThread: Thread started: Stress Exp 2 Config3 1-3
2026-09-10 16:46:59,589 INFO o.a.j.t.JMeterThread: Thread started: Stress Exp 2 Config3 1-4
2026-09-10 16:46:59,923 INFO o.a.j.t.JMeterThread: Thread started: Stress Exp 2 Config3 1-5
2026-09-10 16:47:00,254 INFO o.a.j.t.JMeterThread: Thread started: Stress Exp 2 Config3 1-6
2026-09-10 16:47:00,587 INFO o.a.j.t.JMeterThread: Thread started: Stress Exp 2 Config3 1-7
2026-09-10 16:47:00,921 INFO o.a.j.t.JMeterThread: Thread started: Stress Exp 2 Config3 1-8
2026-09-10 16:47:01,254 INFO o.a.j.t.JMeterThread: Thread started: Stress Exp 2 Config3 1-9
2026-09-10 16:47:01,588 INFO o.a.j.t.JMeterThread: Thread started: Stress Exp 2 Config3 1-10
2026-09-10 16:47:01,920 INFO o.a.j.t.JMeterThread: Thread started: Stress Exp 2 Config3 1-11
2026-09-10 16:47:02,252 INFO o.a.j.t.JMeterThread: Thread started: Stress Exp 2 Config3 1-12
2026-09-10 16:47:02,586 INFO o.a.j.t.JMeterThread: Thread started: Stress Exp 2 Config3 1-13
2026-09-10 16:47:02,919 INFO o.a.j.t.JMeterThread: Thread started: Stress Exp 2 Config3 1-14
2026-09-10 16:47:03,252 INFO o.a.j.t.JMeterThread: Thread started: Stress Exp 2 Config3 1-15
2026-09-10 16:47:03,584 INFO o.a.j.t.JMeterThread: Thread started: Stress Exp 2 Config3 1-16
2026-09-10 16:47:03,917 INFO o.a.j.t.JMeterThread: Thread started: Stress Exp 2 Config3 1-17
2026-09-10 16:47:04,250 INFO o.a.j.t.JMeterThread: Thread started: Stress Exp 2 Config3 1-18
2026-09-10 16:47:04,584 INFO o.a.j.t.JMeterThread: Thread started: Stress Exp 2 Config3 1-19
2026-09-10 16:47:04,654 INFO o.a.j.g.a.Start: Stopping test
2026-09-10 16:47:04,670 INFO o.a.j.t.JMeterThread: Stopping: Stress Exp 2 Config3 1-140
2026-09-10 16:47:04,670 INFO o.a.j.t.JMeterThread: Stopping: Stress Exp 2 Config3 1-3
2026-09-10 16:47:04,670 WARN o.a.j.t.JMeterThread: Interrupting: Stress Exp 2 Config3 1-3 sampler: HTTP Request
2026-09-10 16:47:04,671 INFO o.a.j.t.JMeterThread: Stopping: Stress Exp 2 Config3 1-27
2026-09-10 16:47:04,670 INFO o.a.j.t.JMeterThread: Thread started: Stress Exp 2 Config3 1-140
2026-09-10 16:47:04,671 INFO o.a.j.t.JMeterThread: Stopping: Stress Exp 2 Config3 1-69
2026-09-10 16:47:04,671 INFO o.a.j.t.JMeterThread: Stopping: Stress Exp 2 Config3 1-95
2026-09-10 16:47:04,671 INFO o.a.j.t.JMeterThread: Thread finished: Stress Exp 2 Config3 1-140
2026-09-10 16:47:04,671 INFO o.a.j.t.JMeterThread: Thread started: Stress Exp 2 Config3 1-27
2026-09-10 16:47:04,671 INFO o.a.j.t.JMeterThread: Stopping: Stress Exp 2 Config3 1-102
2026-09-10 16:47:04,671 INFO o.a.j.t.JMeterThread: Stopping: Stress Exp 2 Config3 1-34
2026-09-10 16:47:04,671 INFO o.a.j.t.JMeterThread: Thread finished: Stress Exp 2 Config3 1-27
2026-09-10 16:47:04,671 INFO o.a.j.t.JMeterThread: Stopping: Stress Exp 2 Config3 1-21
2026-09-10 16:47:04,671 INFO o.a.j.t.JMeterThread: Thread started: Stress Exp 2 Config3 1-95
2026-09-10 16:47:04,671 INFO o.a.j.t.JMeterThread: Thread started: Stress Exp 2 Config3 1-69
2026-09-10 16:47:04,672 INFO o.a.j.t.JMeterThread: Stopping: Stress Exp 2 Config3 1-38
2026-09-10 16:47:04,672 INFO o.a.j.t.JMeterThread: Stopping: Stress Exp 2 Config3 1-10
2026-09-10 16:47:04,672 INFO o.a.j.t.JMeterThread: Thread finished: Stress Exp 2 Config3 1-95
2026-09-10 16:47:04,672 WARN o.a.j.t.JMeterThread: Interrupting: Stress Exp 2 Config3 1-10 sampler: HTTP Request
2026-09-10 16:47:04,672 INFO o.a.j.t.JMeterThread: Thread finished: Stress Exp 2 Config3 1-69
2026-09-10 16:47:04,672 INFO o.a.j.t.JMeterThread: Thread started: Stress Exp 2 Config3 1-102
2026-09-10 16:47:04,672 INFO o.a.j.t.JMeterThread: Stopping: Stress Exp 2 Config3 1-60
2026-09-10 16:47:04,672 INFO o.a.j.t.JMeterThread: Thread finished: Stress Exp 2 Config3 1-102
2026-09-10 16:47:04,673 INFO o.a.j.t.JMeterThread: Thread started: Stress Exp 2 Config3 1-38
2026-09-10 16:47:04,673 INFO o.a.j.t.JMeterThread: Thread started: Stress Exp 2 Config3 1-21
2026-09-10 16:47:04,673 INFO o.a.j.t.JMeterThread: Thread started: Stress Exp 2 Config3 1-60
2026-09-10 16:47:04,673 INFO o.a.j.t.JMeterThread: Thread finished: Stress Exp 2 Config3 1-38
2026-09-10 16:47:04,673 INFO o.a.j.t.JMeterThread: Thread finished: Stress Exp 2 Config3 1-21
2026-09-10 16:47:04,673 INFO o.a.j.t.JMeterThread: Thread started: Stress Exp 2 Config3 1-34
2026-09-10 16:47:04,673 INFO o.a.j.t.JMeterThread: Thread finished: Stress Exp 2 Config3 1-60
2026-09-10 16:47:04,672 INFO o.a.j.t.JMeterThread: Stopping: Stress Exp 2 Config3 1-130
2026-09-10 16:47:04,673 INFO o.a.j.t.JMeterThread: Thread finished: Stress Exp 2 Config3 1-10
2026-09-10 16:47:04,673 INFO o.a.j.t.JMeterThread: Thread finished: Stress Exp 2 Config3 1-34
2026-09-10 16:47:04,672 INFO o.a.j.t.JMeterThread: Thread finished: Stress Exp 2 Config3 1-3
2026-09-10 16:47:04,674 INFO o.a.j.t.JMeterThread: Stopping: Stress Exp 2 Config3 1-23
2026-09-10 16:47:04,674 INFO o.a.j.t.JMeterThread: Stopping: Stress Exp 2 Config3 1-99
2026-09-10 16:47:04,674 INFO o.a.j.t.JMeterThread: Thread started: Stress Exp 2 Config3 1-130
2026-09-10 16:47:04,674 INFO o.a.j.t.JMeterThread: Stopping: Stress Exp 2 Config3 1-18
2026-09-10 16:47:04,674 INFO o.a.j.t.JMeterThread: Thread finished: Stress Exp 2 Config3 1-130
2026-09-10 16:47:04,674 WARN o.a.j.t.JMeterThread: Interrupting: Stress Exp 2 Config3 1-18 sampler: HTTP Request
2026-09-10 16:47:04,674 INFO o.a.j.t.JMeterThread: Thread started: Stress Exp 2 Config3 1-23
2026-09-10 16:47:04,674 INFO o.a.j.t.JMeterThread: Thread started: Stress Exp 2 Config3 1-99
2026-09-10 16:47:04,674 INFO o.a.j.t.JMeterThread: Thread finished: Stress Exp 2 Config3 1-23
2026-09-10 16:47:04,674 INFO o.a.j.t.JMeterThread: Thread finished: Stress Exp 2 Config3 1-99
2026-09-10 16:47:04,675 INFO o.a.j.t.JMeterThread: Stopping: Stress Exp 2 Config3 1-65
2026-09-10 16:47:04,675 INFO o.a.j.t.JMeterThread: Stopping: Stress Exp 2 Config3 1-86
2026-09-10 16:47:04,675 INFO o.a.j.t.JMeterThread: Stopping: Stress Exp 2 Config3 1-141
2026-09-10 16:47:04,675 INFO o.a.j.t.JMeterThread: Thread started: Stress Exp 2 Config3 1-65
2026-09-10 16:47:04,675 INFO o.a.j.t.JMeterThread: Stopping: Stress Exp 2 Config3 1-93
2026-09-10 16:47:04,675 INFO o.a.j.t.JMeterThread: Thread started: Stress Exp 2 Config3 1-86
2026-09-10 16:47:04,675 INFO o.a.j.t.JMeterThread: Stopping: Stress Exp 2 Config3 1-78
2026-09-10 16:47:04,675 INFO o.a.j.t.JMeterThread: Thread finished: Stress Exp 2 Config3 1-65
2026-09-10 16:47:04,675 INFO o.a.j.t.JMeterThread: Thread started: Stress Exp 2 Config3 1-141
2026-09-10 16:47:04,675 INFO o.a.j.t.JMeterThread: Stopping: Stress Exp 2 Config3 1-7
2026-09-10 16:47:04,675 INFO o.a.j.t.JMeterThread: Thread finished: Stress Exp 2 Config3 1-86
2026-09-10 16:47:04,675 WARN o.a.j.t.JMeterThread: Interrupting: Stress Exp 2 Config3 1-7 sampler: HTTP Request
2026-09-10 16:47:04,676 INFO o.a.j.t.JMeterThread: Thread finished: Stress Exp 2 Config3 1-141
2026-09-10 16:47:04,676 INFO o.a.j.t.JMeterThread: Thread finished: Stress Exp 2 Config3 1-18
2026-09-10 16:47:04,675 INFO o.a.j.t.JMeterThread: Thread started: Stress Exp 2 Config3 1-93
2026-09-10 16:47:04,676 INFO o.a.j.t.JMeterThread: Stopping: Stress Exp 2 Config3 1-40
2026-09-10 16:47:04,676 INFO o.a.j.t.JMeterThread: Thread started: Stress Exp 2 Config3 1-78
2026-09-10 16:47:04,676 INFO o.a.j.t.JMeterThread: Thread finished: Stress Exp 2 Config3 1-93
2026-09-10 16:47:04,676 INFO o.a.j.t.JMeterThread: Stopping: Stress Exp 2 Config3 1-58
2026-09-10 16:47:04,676 INFO o.a.j.t.JMeterThread: Thread finished: Stress Exp 2 Config3 1-78
2026-09-10 16:47:04,676 INFO o.a.j.t.JMeterThread: Stopping: Stress Exp 2 Config3 1-101
2026-09-10 16:47:04,676 INFO o.a.j.t.JMeterThread: Thread started: Stress Exp 2 Config3 1-40
2026-09-10 16:47:04,676 INFO o.a.j.t.JMeterThread: Stopping: Stress Exp 2 Config3 1-131
2026-09-10 16:47:04,676 INFO o.a.j.t.JMeterThread: Thread finished: Stress Exp 2 Config3 1-40
2026-09-10 16:47:04,677 INFO o.a.j.t.JMeterThread: Stopping: Stress Exp 2 Config3 1-16
2026-09-10 16:47:04,676 INFO o.a.j.t.JMeterThread: Thread started: Stress Exp 2 Config3 1-58
2026-09-10 16:47:04,677 WARN o.a.j.t.JMeterThread: Interrupting: Stress Exp 2 Config3 1-16 sampler: HTTP Request
2026-09-10 16:47:04,677 INFO o.a.j.t.JMeterThread: Thread finished: Stress Exp 2 Config3 1-7
2026-09-10 16:47:04,677 INFO o.a.j.t.JMeterThread: Thread started: Stress Exp 2 Config3 1-101
2026-09-10 16:47:04,677 INFO o.a.j.t.JMeterThread: Stopping: Stress Exp 2 Config3 1-25
2026-09-10 16:47:04,677 INFO o.a.j.t.JMeterThread: Stopping: Stress Exp 2 Config3 1-46
2026-09-10 16:47:04,677 INFO o.a.j.t.JMeterThread: Thread finished: Stress Exp 2 Config3 1-101
2026-09-10 16:47:04,677 INFO o.a.j.t.JMeterThread: Stopping: Stress Exp 2 Config3 1-26
2026-09-10 16:47:04,678 INFO o.a.j.t.JMeterThread: Thread finished: Stress Exp 2 Config3 1-58
2026-09-10 16:47:04,677 INFO o.a.j.t.JMeterThread: Thread started: Stress Exp 2 Config3 1-131
2026-09-10 16:47:04,678 INFO o.a.j.t.JMeterThread: Stopping: Stress Exp 2 Config3 1-121
2026-09-10 16:47:04,678 INFO o.a.j.t.JMeterThread: Thread finished: Stress Exp 2 Config3 1-16
2026-09-10 16:47:04,678 INFO o.a.j.t.JMeterThread: Stopping: Stress Exp 2 Config3 1-84
2026-09-10 16:47:04,678 INFO o.a.j.t.JMeterThread: Thread started: Stress Exp 2 Config3 1-46
2026-09-10 16:47:04,678 INFO o.a.j.t.JMeterThread: Thread started: Stress Exp 2 Config3 1-25
2026-09-10 16:47:04,678 INFO o.a.j.t.JMeterThread: Thread finished: Stress Exp 2 Config3 1-131
2026-09-10 16:47:04,678 INFO o.a.j.t.JMeterThread: Thread started: Stress Exp 2 Config3 1-121
2026-09-10 16:47:04,678 INFO o.a.j.t.JMeterThread: Thread started: Stress Exp 2 Config3 1-84
2026-09-10 16:47:04,678 INFO o.a.j.t.JMeterThread: Stopping: Stress Exp 2 Config3 1-100
2026-09-10 16:47:04,679 INFO o.a.j.t.JMeterThread: Thread finished: Stress Exp 2 Config3 1-121
2026-09-10 16:47:04,679 INFO o.a.j.t.JMeterThread: Thread finished: Stress Exp 2 Config3 1-46
2026-09-10 16:47:04,679 INFO o.a.j.t.JMeterThread: Thread finished: Stress Exp 2 Config3 1-84
2026-09-10 16:47:04,678 INFO o.a.j.t.JMeterThread: Thread finished: Stress Exp 2 Config3 1-25
2026-09-10 16:47:04,679 INFO o.a.j.t.JMeterThread: Stopping: Stress Exp 2 Config3 1-148
2026-09-10 16:47:04,679 INFO o.a.j.t.JMeterThread: Stopping: Stress Exp 2 Config3 1-79
2026-09-10 16:47:04,679 INFO o.a.j.t.JMeterThread: Stopping: Stress Exp 2 Config3 1-92
2026-09-10 16:47:04,679 INFO o.a.j.t.JMeterThread: Thread started: Stress Exp 2 Config3 1-100
2026-09-10 16:47:04,679 INFO o.a.j.t.JMeterThread: Stopping: Stress Exp 2 Config3 1-124
2026-09-10 16:47:04,679 INFO o.a.j.t.JMeterThread: Thread started: Stress Exp 2 Config3 1-148
2026-09-10 16:47:04,680 INFO o.a.j.t.JMeterThread: Thread finished: Stress Exp 2 Config3 1-100
2026-09-10 16:47:04,680 INFO o.a.j.t.JMeterThread: Thread started: Stress Exp 2 Config3 1-79
2026-09-10 16:47:04,680 INFO o.a.j.t.JMeterThread: Thread started: Stress Exp 2 Config3 1-92
2026-09-10 16:47:04,680 INFO o.a.j.t.JMeterThread: Thread finished: Stress Exp 2 Config3 1-148
2026-09-10 16:47:04,680 INFO o.a.j.t.JMeterThread: Thread finished: Stress Exp 2 Config3 1-79
2026-09-10 16:47:04,680 INFO o.a.j.t.JMeterThread: Thread finished: Stress Exp 2 Config3 1-92
2026-09-10 16:47:04,680 INFO o.a.j.t.JMeterThread: Stopping: Stress Exp 2 Config3 1-11
2026-09-10 16:47:04,680 WARN o.a.j.t.JMeterThread: Interrupting: Stress Exp 2 Config3 1-11 sampler: HTTP Request
2026-09-10 16:47:04,678 INFO o.a.j.t.JMeterThread: Thread started: Stress Exp 2 Config3 1-26
2026-09-10 16:47:04,680 INFO o.a.j.t.JMeterThread: Thread started: Stress Exp 2 Config3 1-124
2026-09-10 16:47:04,681 INFO o.a.j.t.JMeterThread: Thread finished: Stress Exp 2 Config3 1-26
2026-09-10 16:47:04,681 INFO o.a.j.t.JMeterThread: Thread finished: Stress Exp 2 Config3 1-124
2026-09-10 16:47:04,681 INFO o.a.j.t.JMeterThread: Stopping: Stress Exp 2 Config3 1-71
2026-09-10 16:47:04,681 INFO o.a.j.t.JMeterThread: Stopping: Stress Exp 2 Config3 1-115
2026-09-10 16:47:04,681 INFO o.a.j.t.JMeterThread: Stopping: Stress Exp 2 Config3 1-74
2026-09-10 16:47:04,681 INFO o.a.j.t.JMeterThread: Stopping: Stress Exp 2 Config3 1-2
2026-09-10 16:47:04,681 WARN o.a.j.t.JMeterThread: Interrupting: Stress Exp 2 Config3 1-2 sampler: HTTP Request
2026-09-10 16:47:04,681 INFO o.a.j.t.JMeterThread: Thread started: Stress Exp 2 Config3 1-71
2026-09-10 16:47:04,681 INFO o.a.j.t.JMeterThread: Stopping: Stress Exp 2 Config3 1-50
2026-09-10 16:47:04,681 INFO o.a.j.t.JMeterThread: Stopping: Stress Exp 2 Config3 1-57
2026-09-10 16:47:04,681 INFO o.a.j.t.JMeterThread: Thread finished: Stress Exp 2 Config3 1-71
2026-09-10 16:47:04,681 INFO o.a.j.t.JMeterThread: Stopping: Stress Exp 2 Config3 1-82
2026-09-10 16:47:04,681 INFO o.a.j.t.JMeterThread: Thread finished: Stress Exp 2 Config3 1-11
2026-09-10 16:47:04,681 INFO o.a.j.t.JMeterThread: Stopping: Stress Exp 2 Config3 1-147
2026-09-10 16:47:04,682 INFO o.a.j.t.JMeterThread: Stopping: Stress Exp 2 Config3 1-20
2026-09-10 16:47:04,682 INFO o.a.j.t.JMeterThread: Stopping: Stress Exp 2 Config3 1-88
2026-09-10 16:47:04,682 INFO o.a.j.t.JMeterThread: Stopping: Stress Exp 2 Config3 1-122
2026-09-10 16:47:04,682 INFO o.a.j.t.JMeterThread: Stopping: Stress Exp 2 Config3 1-103
2026-09-10 16:47:04,682 INFO o.a.j.t.JMeterThread: Stopping: Stress Exp 2 Config3 1-8
2026-09-10 16:47:04,682 WARN o.a.j.t.JMeterThread: Interrupting: Stress Exp 2 Config3 1-8 sampler: HTTP Request
2026-09-10 16:47:04,682 INFO o.a.j.t.JMeterThread: Thread finished: Stress Exp 2 Config3 1-2
2026-09-10 16:47:04,682 INFO o.a.j.t.JMeterThread: Stopping: Stress Exp 2 Config3 1-136
2026-09-10 16:47:04,683 INFO o.a.j.t.JMeterThread: Stopping: Stress Exp 2 Config3 1-116
2026-09-10 16:47:04,683 INFO o.a.j.t.JMeterThread: Stopping: Stress Exp 2 Config3 1-138
2026-09-10 16:47:04,683 INFO o.a.j.t.JMeterThread: Stopping: Stress Exp 2 Config3 1-35
2026-09-10 16:47:04,683 INFO o.a.j.t.JMeterThread: Stopping: Stress Exp 2 Config3 1-117
2026-09-10 16:47:04,683 INFO o.a.j.t.JMeterThread: Stopping: Stress Exp 2 Config3 1-41
2026-09-10 16:47:04,683 INFO o.a.j.t.JMeterThread: Stopping: Stress Exp 2 Config3 1-91
2026-09-10 16:47:04,683 INFO o.a.j.t.JMeterThread: Thread started: Stress Exp 2 Config3 1-115
2026-09-10 16:47:04,683 INFO o.a.j.t.JMeterThread: Stopping: Stress Exp 2 Config3 1-14
2026-09-10 16:47:04,683 WARN o.a.j.t.JMeterThread: Interrupting: Stress Exp 2 Config3 1-14 sampler: HTTP Request
2026-09-10 16:47:04,683 INFO o.a.j.t.JMeterThread: Thread finished: Stress Exp 2 Config3 1-115
2026-09-10 16:47:04,683 INFO o.a.j.t.JMeterThread: Thread started: Stress Exp 2 Config3 1-74
2026-09-10 16:47:04,684 INFO o.a.j.t.JMeterThread: Stopping: Stress Exp 2 Config3 1-150
2026-09-10 16:47:04,684 INFO o.a.j.t.JMeterThread: Thread finished: Stress Exp 2 Config3 1-8
2026-09-10 16:47:04,684 INFO o.a.j.t.JMeterThread: Stopping: Stress Exp 2 Config3 1-89
2026-09-10 16:47:04,684 INFO o.a.j.t.JMeterThread: Stopping: Stress Exp 2 Config3 1-123
2026-09-10 16:47:04,684 INFO o.a.j.t.JMeterThread: Stopping: Stress Exp 2 Config3 1-129
2026-09-10 16:47:04,684 INFO o.a.j.t.JMeterThread: Stopping: Stress Exp 2 Config3 1-137
2026-09-10 16:47:04,684 INFO o.a.j.t.JMeterThread: Stopping: Stress Exp 2 Config3 1-110
2026-09-10 16:47:04,684 INFO o.a.j.t.JMeterThread: Stopping: Stress Exp 2 Config3 1-1
2026-09-10 16:47:04,684 WARN o.a.j.t.JMeterThread: Interrupting: Stress Exp 2 Config3 1-1 sampler: HTTP Request
2026-09-10 16:47:04,684 INFO o.a.j.t.JMeterThread: Thread started: Stress Exp 2 Config3 1-82
2026-09-10 16:47:04,684 INFO o.a.j.t.JMeterThread: Stopping: Stress Exp 2 Config3 1-19
2026-09-10 16:47:04,685 INFO o.a.j.t.JMeterThread: Thread finished: Stress Exp 2 Config3 1-82
2026-09-10 16:47:04,685 WARN o.a.j.t.JMeterThread: Interrupting: Stress Exp 2 Config3 1-19 sampler: HTTP Request
2026-09-10 16:47:04,684 INFO o.a.j.t.JMeterThread: Thread started: Stress Exp 2 Config3 1-50
2026-09-10 16:47:04,685 INFO o.a.j.t.JMeterThread: Stopping: Stress Exp 2 Config3 1-105
2026-09-10 16:47:04,685 INFO o.a.j.t.JMeterThread: Stopping: Stress Exp 2 Config3 1-126
2026-09-10 16:47:04,685 INFO o.a.j.t.JMeterThread: Stopping: Stress Exp 2 Config3 1-134
2026-09-10 16:47:04,685 INFO o.a.j.t.JMeterThread: Stopping: Stress Exp 2 Config3 1-142
2026-09-10 16:47:04,685 INFO o.a.j.t.JMeterThread: Stopping: Stress Exp 2 Config3 1-5
2026-09-10 16:47:04,685 WARN o.a.j.t.JMeterThread: Interrupting: Stress Exp 2 Config3 1-5 sampler: HTTP Request
2026-09-10 16:47:04,685 INFO o.a.j.t.JMeterThread: Stopping: Stress Exp 2 Config3 1-37
2026-09-10 16:47:04,686 INFO o.a.j.t.JMeterThread: Thread finished: Stress Exp 2 Config3 1-19
2026-09-10 16:47:04,686 INFO o.a.j.t.JMeterThread: Stopping: Stress Exp 2 Config3 1-59
2026-09-10 16:47:04,686 INFO o.a.j.t.JMeterThread: Stopping: Stress Exp 2 Config3 1-68
2026-09-10 16:47:04,686 INFO o.a.j.t.JMeterThread: Stopping: Stress Exp 2 Config3 1-80
2026-09-10 16:47:04,686 INFO o.a.j.t.JMeterThread: Stopping: Stress Exp 2 Config3 1-104
2026-09-10 16:47:04,686 INFO o.a.j.t.JMeterThread: Stopping: Stress Exp 2 Config3 1-47
2026-09-10 16:47:04,686 INFO o.a.j.t.JMeterThread: Thread started: Stress Exp 2 Config3 1-20
2026-09-10 16:47:04,686 INFO o.a.j.t.JMeterThread: Stopping: Stress Exp 2 Config3 1-139
2026-09-10 16:47:04,686 INFO o.a.j.t.JMeterThread: Stopping: Stress Exp 2 Config3 1-133
2026-09-10 16:47:04,686 INFO o.a.j.t.JMeterThread: Thread finished: Stress Exp 2 Config3 1-5
2026-09-10 16:47:04,686 INFO o.a.j.t.JMeterThread: Stopping: Stress Exp 2 Config3 1-4
2026-09-10 16:47:04,686 WARN o.a.j.t.JMeterThread: Interrupting: Stress Exp 2 Config3 1-4 sampler: HTTP Request
2026-09-10 16:47:04,686 INFO o.a.j.t.JMeterThread: Thread started: Stress Exp 2 Config3 1-88
2026-09-10 16:47:04,686 INFO o.a.j.t.JMeterThread: Stopping: Stress Exp 2 Config3 1-98
2026-09-10 16:47:04,687 INFO o.a.j.t.JMeterThread: Stopping: Stress Exp 2 Config3 1-33
2026-09-10 16:47:04,687 INFO o.a.j.t.JMeterThread: Stopping: Stress Exp 2 Config3 1-96
2026-09-10 16:47:04,687 INFO o.a.j.t.JMeterThread: Stopping: Stress Exp 2 Config3 1-54
2026-09-10 16:47:04,687 INFO o.a.j.t.JMeterThread: Thread started: Stress Exp 2 Config3 1-122
2026-09-10 16:47:04,687 INFO o.a.j.t.JMeterThread: Thread finished: Stress Exp 2 Config3 1-122
2026-09-10 16:47:04,687 INFO o.a.j.t.JMeterThread: Thread started: Stress Exp 2 Config3 1-103
2026-09-10 16:47:04,687 INFO o.a.j.t.JMeterThread: Thread finished: Stress Exp 2 Config3 1-103
2026-09-10 16:47:04,687 INFO o.a.j.t.JMeterThread: Thread finished: Stress Exp 2 Config3 1-4
2026-09-10 16:47:04,687 INFO o.a.j.t.JMeterThread: Thread started: Stress Exp 2 Config3 1-136
2026-09-10 16:47:04,688 INFO o.a.j.t.JMeterThread: Thread finished: Stress Exp 2 Config3 1-136
2026-09-10 16:47:04,688 INFO o.a.j.t.JMeterThread: Thread started: Stress Exp 2 Config3 1-35
2026-09-10 16:47:04,688 INFO o.a.j.t.JMeterThread: Thread started: Stress Exp 2 Config3 1-117
2026-09-10 16:47:04,688 INFO o.a.j.t.JMeterThread: Thread started: Stress Exp 2 Config3 1-41
2026-09-10 16:47:04,688 INFO o.a.j.t.JMeterThread: Thread started: Stress Exp 2 Config3 1-91
2026-09-10 16:47:04,688 INFO o.a.j.t.JMeterThread: Thread finished: Stress Exp 2 Config3 1-35
2026-09-10 16:47:04,688 INFO o.a.j.t.JMeterThread: Thread started: Stress Exp 2 Config3 1-150
2026-09-10 16:47:04,688 INFO o.a.j.t.JMeterThread: Thread started: Stress Exp 2 Config3 1-89
2026-09-10 16:47:04,688 INFO o.a.j.t.JMeterThread: Thread started: Stress Exp 2 Config3 1-129
2026-09-10 16:47:04,688 INFO o.a.j.t.JMeterThread: Thread finished: Stress Exp 2 Config3 1-150
2026-09-10 16:47:04,689 INFO o.a.j.t.JMeterThread: Thread finished: Stress Exp 2 Config3 1-89
2026-09-10 16:47:04,689 INFO o.a.j.t.JMeterThread: Thread finished: Stress Exp 2 Config3 1-129
2026-09-10 16:47:04,689 INFO o.a.j.t.JMeterThread: Thread started: Stress Exp 2 Config3 1-59
2026-09-10 16:47:04,689 INFO o.a.j.t.JMeterThread: Thread started: Stress Exp 2 Config3 1-110
2026-09-10 16:47:04,689 INFO o.a.j.t.JMeterThread: Thread finished: Stress Exp 2 Config3 1-59
2026-09-10 16:47:04,689 INFO o.a.j.t.JMeterThread: Thread started: Stress Exp 2 Config3 1-105
2026-09-10 16:47:04,689 INFO o.a.j.t.JMeterThread: Thread started: Stress Exp 2 Config3 1-126
2026-09-10 16:47:04,689 INFO o.a.j.t.JMeterThread: Thread started: Stress Exp 2 Config3 1-142
2026-09-10 16:47:04,689 INFO o.a.j.t.JMeterThread: Thread finished: Stress Exp 2 Config3 1-105
2026-09-10 16:47:04,689 INFO o.a.j.t.JMeterThread: Thread finished: Stress Exp 2 Config3 1-126
2026-09-10 16:47:04,688 INFO o.a.j.t.JMeterThread: Thread started: Stress Exp 2 Config3 1-123
2026-09-10 16:47:04,689 INFO o.a.j.t.JMeterThread: Thread started: Stress Exp 2 Config3 1-133
2026-09-10 16:47:04,689 INFO o.a.j.t.JMeterThread: Thread finished: Stress Exp 2 Config3 1-123
2026-09-10 16:47:04,684 INFO o.a.j.t.JMeterThread: Thread finished: Stress Exp 2 Config3 1-74
2026-09-10 16:47:04,689 INFO o.a.j.t.JMeterThread: Thread finished: Stress Exp 2 Config3 1-133
2026-09-10 16:47:04,689 INFO o.a.j.t.JMeterThread: Thread started: Stress Exp 2 Config3 1-54
2026-09-10 16:47:04,684 INFO o.a.j.t.JMeterThread: Thread started: Stress Exp 2 Config3 1-57
2026-09-10 16:47:04,684 INFO o.a.j.t.JMeterThread: Thread finished: Stress Exp 2 Config3 1-14
2026-09-10 16:47:04,690 INFO o.a.j.t.JMeterThread: Thread finished: Stress Exp 2 Config3 1-54
2026-09-10 16:47:04,685 INFO o.a.j.t.JMeterThread: Thread finished: Stress Exp 2 Config3 1-50
2026-09-10 16:47:04,685 INFO o.a.j.t.JMeterThread: Thread finished: Stress Exp 2 Config3 1-1
2026-09-10 16:47:04,691 INFO o.a.j.t.JMeterThread: Thread started: Stress Exp 2 Config3 1-68
2026-09-10 16:47:04,691 INFO o.a.j.t.JMeterThread: Thread finished: Stress Exp 2 Config3 1-68
2026-09-10 16:47:04,691 INFO o.a.j.t.JMeterThread: Thread started: Stress Exp 2 Config3 1-80
2026-09-10 16:47:04,691 INFO o.a.j.t.JMeterThread: Thread started: Stress Exp 2 Config3 1-104
2026-09-10 16:47:04,691 INFO o.a.j.t.JMeterThread: Thread finished: Stress Exp 2 Config3 1-80
2026-09-10 16:47:04,691 INFO o.a.j.t.JMeterThread: Thread finished: Stress Exp 2 Config3 1-104
2026-09-10 16:47:04,691 INFO o.a.j.t.JMeterThread: Thread started: Stress Exp 2 Config3 1-47
2026-09-10 16:47:04,691 INFO o.a.j.t.JMeterThread: Thread started: Stress Exp 2 Config3 1-139
2026-09-10 16:47:04,685 INFO o.a.j.t.JMeterThread: Thread started: Stress Exp 2 Config3 1-147
2026-09-10 16:47:04,691 INFO o.a.j.t.JMeterThread: Thread finished: Stress Exp 2 Config3 1-139
2026-09-10 16:47:04,686 INFO o.a.j.t.JMeterThread: Thread finished: Stress Exp 2 Config3 1-20
2026-09-10 16:47:04,686 INFO o.a.j.t.JMeterThread: Thread finished: Stress Exp 2 Config3 1-88
2026-09-10 16:47:04,691 INFO o.a.j.t.JMeterThread: Thread finished: Stress Exp 2 Config3 1-147
2026-09-10 16:47:04,687 INFO o.a.j.t.JMeterThread: Stopping: Stress Exp 2 Config3 1-149
2026-09-10 16:47:04,688 INFO o.a.j.t.JMeterThread: Thread started: Stress Exp 2 Config3 1-116
2026-09-10 16:47:04,688 INFO o.a.j.t.JMeterThread: Thread started: Stress Exp 2 Config3 1-138
2026-09-10 16:47:04,691 INFO o.a.j.t.JMeterThread: Stopping: Stress Exp 2 Config3 1-55
2026-09-10 16:47:04,691 INFO o.a.j.t.JMeterThread: Thread finished: Stress Exp 2 Config3 1-116
2026-09-10 16:47:04,691 INFO o.a.j.t.JMeterThread: Stopping: Stress Exp 2 Config3 1-118
2026-09-10 16:47:04,691 INFO o.a.j.t.JMeterThread: Thread finished: Stress Exp 2 Config3 1-138
2026-09-10 16:47:04,691 INFO o.a.j.t.JMeterThread: Stopping: Stress Exp 2 Config3 1-52
2026-09-10 16:47:04,691 INFO o.a.j.t.JMeterThread: Thread started: Stress Exp 2 Config3 1-149
2026-09-10 16:47:04,691 INFO o.a.j.t.JMeterThread: Thread started: Stress Exp 2 Config3 1-55
2026-09-10 16:47:04,692 INFO o.a.j.t.JMeterThread: Thread started: Stress Exp 2 Config3 1-118
2026-09-10 16:47:04,692 INFO o.a.j.t.JMeterThread: Thread finished: Stress Exp 2 Config3 1-149
2026-09-10 16:47:04,688 INFO o.a.j.t.JMeterThread: Thread finished: Stress Exp 2 Config3 1-117
2026-09-10 16:47:04,692 INFO o.a.j.t.JMeterThread: Thread finished: Stress Exp 2 Config3 1-118
2026-09-10 16:47:04,688 INFO o.a.j.t.JMeterThread: Thread finished: Stress Exp 2 Config3 1-91
2026-09-10 16:47:04,692 INFO o.a.j.t.JMeterThread: Thread finished: Stress Exp 2 Config3 1-55
2026-09-10 16:47:04,688 INFO o.a.j.t.JMeterThread: Thread started: Stress Exp 2 Config3 1-137
2026-09-10 16:47:04,689 INFO o.a.j.t.JMeterThread: Thread finished: Stress Exp 2 Config3 1-110
2026-09-10 16:47:04,693 INFO o.a.j.t.JMeterThread: Thread finished: Stress Exp 2 Config3 1-137
2026-09-10 16:47:04,689 INFO o.a.j.t.JMeterThread: Thread started: Stress Exp 2 Config3 1-134
2026-09-10 16:47:04,689 INFO o.a.j.t.JMeterThread: Thread finished: Stress Exp 2 Config3 1-142
2026-09-10 16:47:04,689 INFO o.a.j.t.JMeterThread: Thread started: Stress Exp 2 Config3 1-37
2026-09-10 16:47:04,689 INFO o.a.j.t.JMeterThread: Thread started: Stress Exp 2 Config3 1-98
2026-09-10 16:47:04,693 INFO o.a.j.t.JMeterThread: Thread finished: Stress Exp 2 Config3 1-134
2026-09-10 16:47:04,689 INFO o.a.j.t.JMeterThread: Thread started: Stress Exp 2 Config3 1-33
2026-09-10 16:47:04,693 INFO o.a.j.t.JMeterThread: Thread finished: Stress Exp 2 Config3 1-37
2026-09-10 16:47:04,693 INFO o.a.j.t.JMeterThread: Thread finished: Stress Exp 2 Config3 1-98
2026-09-10 16:47:04,690 INFO o.a.j.t.JMeterThread: Thread finished: Stress Exp 2 Config3 1-57
2026-09-10 16:47:04,691 INFO o.a.j.t.JMeterThread: Thread started: Stress Exp 2 Config3 1-96
2026-09-10 16:47:04,691 INFO o.a.j.t.JMeterThread: Thread finished: Stress Exp 2 Config3 1-47
2026-09-10 16:47:04,692 INFO o.a.j.t.JMeterThread: Stopping: Stress Exp 2 Config3 1-64
2026-09-10 16:47:04,692 INFO o.a.j.t.JMeterThread: Thread finished: Stress Exp 2 Config3 1-41
2026-09-10 16:47:04,692 INFO o.a.j.t.JMeterThread: Thread started: Stress Exp 2 Config3 1-52
2026-09-10 16:47:04,693 INFO o.a.j.t.JMeterThread: Thread finished: Stress Exp 2 Config3 1-33
2026-09-10 16:47:04,694 INFO o.a.j.t.JMeterThread: Thread finished: Stress Exp 2 Config3 1-52
2026-09-10 16:47:04,693 INFO o.a.j.t.JMeterThread: Stopping: Stress Exp 2 Config3 1-87
2026-09-10 16:47:04,693 INFO o.a.j.t.JMeterThread: Thread finished: Stress Exp 2 Config3 1-96
2026-09-10 16:47:04,694 INFO o.a.j.t.JMeterThread: Thread started: Stress Exp 2 Config3 1-64
2026-09-10 16:47:04,694 INFO o.a.j.t.JMeterThread: Stopping: Stress Exp 2 Config3 1-73
2026-09-10 16:47:04,694 INFO o.a.j.t.JMeterThread: Stopping: Stress Exp 2 Config3 1-28
2026-09-10 16:47:04,694 INFO o.a.j.t.JMeterThread: Thread finished: Stress Exp 2 Config3 1-64
2026-09-10 16:47:04,694 INFO o.a.j.t.JMeterThread: Stopping: Stress Exp 2 Config3 1-127
2026-09-10 16:47:04,694 INFO o.a.j.t.JMeterThread: Thread started: Stress Exp 2 Config3 1-73
2026-09-10 16:47:04,694 INFO o.a.j.t.JMeterThread: Thread started: Stress Exp 2 Config3 1-87
2026-09-10 16:47:04,695 INFO o.a.j.t.JMeterThread: Thread finished: Stress Exp 2 Config3 1-73
2026-09-10 16:47:04,695 INFO o.a.j.t.JMeterThread: Thread finished: Stress Exp 2 Config3 1-87
2026-09-10 16:47:04,695 INFO o.a.j.t.JMeterThread: Thread started: Stress Exp 2 Config3 1-127
2026-09-10 16:47:04,695 INFO o.a.j.t.JMeterThread: Thread started: Stress Exp 2 Config3 1-28
2026-09-10 16:47:04,695 INFO o.a.j.t.JMeterThread: Stopping: Stress Exp 2 Config3 1-107
2026-09-10 16:47:04,695 INFO o.a.j.t.JMeterThread: Stopping: Stress Exp 2 Config3 1-81
2026-09-10 16:47:04,695 INFO o.a.j.t.JMeterThread: Thread finished: Stress Exp 2 Config3 1-127
2026-09-10 16:47:04,695 INFO o.a.j.t.JMeterThread: Thread finished: Stress Exp 2 Config3 1-28
2026-09-10 16:47:04,695 INFO o.a.j.t.JMeterThread: Stopping: Stress Exp 2 Config3 1-63
2026-09-10 16:47:04,695 INFO o.a.j.t.JMeterThread: Stopping: Stress Exp 2 Config3 1-90
2026-09-10 16:47:04,695 INFO o.a.j.t.JMeterThread: Stopping: Stress Exp 2 Config3 1-108
2026-09-10 16:47:04,695 INFO o.a.j.t.JMeterThread: Thread started: Stress Exp 2 Config3 1-81
2026-09-10 16:47:04,695 INFO o.a.j.t.JMeterThread: Thread started: Stress Exp 2 Config3 1-90
2026-09-10 16:47:04,696 INFO o.a.j.t.JMeterThread: Stopping: Stress Exp 2 Config3 1-12
2026-09-10 16:47:04,695 INFO o.a.j.t.JMeterThread: Thread started: Stress Exp 2 Config3 1-107
2026-09-10 16:47:04,696 INFO o.a.j.t.JMeterThread: Thread finished: Stress Exp 2 Config3 1-81
2026-09-10 16:47:04,696 INFO o.a.j.t.JMeterThread: Thread started: Stress Exp 2 Config3 1-108
2026-09-10 16:47:04,695 INFO o.a.j.t.JMeterThread: Thread started: Stress Exp 2 Config3 1-63
2026-09-10 16:47:04,696 INFO o.a.j.t.JMeterThread: Thread finished: Stress Exp 2 Config3 1-107
2026-09-10 16:47:04,696 WARN o.a.j.t.JMeterThread: Interrupting: Stress Exp 2 Config3 1-12 sampler: HTTP Request
2026-09-10 16:47:04,696 INFO o.a.j.t.JMeterThread: Thread finished: Stress Exp 2 Config3 1-90
2026-09-10 16:47:04,696 INFO o.a.j.t.JMeterThread: Thread finished: Stress Exp 2 Config3 1-108
2026-09-10 16:47:04,696 INFO o.a.j.t.JMeterThread: Thread finished: Stress Exp 2 Config3 1-63
2026-09-10 16:47:04,696 INFO o.a.j.t.JMeterThread: Stopping: Stress Exp 2 Config3 1-145
2026-09-10 16:47:04,696 INFO o.a.j.t.JMeterThread: Stopping: Stress Exp 2 Config3 1-17
2026-09-10 16:47:04,696 WARN o.a.j.t.JMeterThread: Interrupting: Stress Exp 2 Config3 1-17 sampler: HTTP Request
2026-09-10 16:47:04,696 INFO o.a.j.t.JMeterThread: Thread started: Stress Exp 2 Config3 1-145
2026-09-10 16:47:04,696 INFO o.a.j.t.JMeterThread: Stopping: Stress Exp 2 Config3 1-51
2026-09-10 16:47:04,696 INFO o.a.j.t.JMeterThread: Stopping: Stress Exp 2 Config3 1-97
2026-09-10 16:47:04,696 INFO o.a.j.t.JMeterThread: Thread finished: Stress Exp 2 Config3 1-145
2026-09-10 16:47:04,696 INFO o.a.j.t.JMeterThread: Stopping: Stress Exp 2 Config3 1-42
2026-09-10 16:47:04,696 INFO o.a.j.t.JMeterThread: Stopping: Stress Exp 2 Config3 1-143
2026-09-10 16:47:04,696 INFO o.a.j.t.JMeterThread: Stopping: Stress Exp 2 Config3 1-85
2026-09-10 16:47:04,696 INFO o.a.j.t.JMeterThread: Thread finished: Stress Exp 2 Config3 1-12
2026-09-10 16:47:04,696 INFO o.a.j.t.JMeterThread: Stopping: Stress Exp 2 Config3 1-94
2026-09-10 16:47:04,696 INFO o.a.j.t.JMeterThread: Thread started: Stress Exp 2 Config3 1-143
2026-09-10 16:47:04,696 INFO o.a.j.t.JMeterThread: Stopping: Stress Exp 2 Config3 1-109
2026-09-10 16:47:04,696 INFO o.a.j.t.JMeterThread: Thread started: Stress Exp 2 Config3 1-51
2026-09-10 16:47:04,696 INFO o.a.j.t.JMeterThread: Thread finished: Stress Exp 2 Config3 1-17
2026-09-10 16:47:04,696 INFO o.a.j.t.JMeterThread: Stopping: Stress Exp 2 Config3 1-31
2026-09-10 16:47:04,696 INFO o.a.j.t.JMeterThread: Thread finished: Stress Exp 2 Config3 1-143
2026-09-10 16:47:04,696 INFO o.a.j.t.JMeterThread: Stopping: Stress Exp 2 Config3 1-67
2026-09-10 16:47:04,696 INFO o.a.j.t.JMeterThread: Thread finished: Stress Exp 2 Config3 1-51
2026-09-10 16:47:04,697 INFO o.a.j.t.JMeterThread: Stopping: Stress Exp 2 Config3 1-111
2026-09-10 16:47:04,697 INFO o.a.j.t.JMeterThread: Thread started: Stress Exp 2 Config3 1-31
2026-09-10 16:47:04,697 INFO o.a.j.t.JMeterThread: Stopping: Stress Exp 2 Config3 1-132
2026-09-10 16:47:04,697 INFO o.a.j.t.JMeterThread: Stopping: Stress Exp 2 Config3 1-39
2026-09-10 16:47:04,697 INFO o.a.j.t.JMeterThread: Thread started: Stress Exp 2 Config3 1-97
2026-09-10 16:47:04,697 INFO o.a.j.t.JMeterThread: Thread finished: Stress Exp 2 Config3 1-31
2026-09-10 16:47:04,697 INFO o.a.j.t.JMeterThread: Thread finished: Stress Exp 2 Config3 1-97
2026-09-10 16:47:04,697 INFO o.a.j.t.JMeterThread: Thread started: Stress Exp 2 Config3 1-132
2026-09-10 16:47:04,697 INFO o.a.j.t.JMeterThread: Thread finished: Stress Exp 2 Config3 1-132
2026-09-10 16:47:04,697 INFO o.a.j.t.JMeterThread: Thread started: Stress Exp 2 Config3 1-39
2026-09-10 16:47:04,697 INFO o.a.j.t.JMeterThread: Thread started: Stress Exp 2 Config3 1-94
2026-09-10 16:47:04,697 INFO o.a.j.t.JMeterThread: Thread started: Stress Exp 2 Config3 1-109
2026-09-10 16:47:04,697 INFO o.a.j.t.JMeterThread: Thread started: Stress Exp 2 Config3 1-67
2026-09-10 16:47:04,697 INFO o.a.j.t.JMeterThread: Thread started: Stress Exp 2 Config3 1-111
2026-09-10 16:47:04,697 INFO o.a.j.t.JMeterThread: Stopping: Stress Exp 2 Config3 1-32
2026-09-10 16:47:04,697 INFO o.a.j.t.JMeterThread: Thread finished: Stress Exp 2 Config3 1-109
2026-09-10 16:47:04,697 INFO o.a.j.t.JMeterThread: Thread finished: Stress Exp 2 Config3 1-67
2026-09-10 16:47:04,697 INFO o.a.j.t.JMeterThread: Thread started: Stress Exp 2 Config3 1-42
2026-09-10 16:47:04,697 INFO o.a.j.t.JMeterThread: Thread started: Stress Exp 2 Config3 1-85
2026-09-10 16:47:04,697 INFO o.a.j.t.JMeterThread: Thread finished: Stress Exp 2 Config3 1-39
2026-09-10 16:47:04,697 INFO o.a.j.t.JMeterThread: Thread started: Stress Exp 2 Config3 1-32
2026-09-10 16:47:04,698 INFO o.a.j.t.JMeterThread: Thread finished: Stress Exp 2 Config3 1-42
2026-09-10 16:47:04,698 INFO o.a.j.t.JMeterThread: Thread finished: Stress Exp 2 Config3 1-85
2026-09-10 16:47:04,698 INFO o.a.j.t.JMeterThread: Thread finished: Stress Exp 2 Config3 1-32
2026-09-10 16:47:04,697 INFO o.a.j.t.JMeterThread: Thread finished: Stress Exp 2 Config3 1-94
2026-09-10 16:47:04,697 INFO o.a.j.t.JMeterThread: Stopping: Stress Exp 2 Config3 1-128
2026-09-10 16:47:04,697 INFO o.a.j.t.JMeterThread: Thread finished: Stress Exp 2 Config3 1-111
2026-09-10 16:47:04,698 INFO o.a.j.t.JMeterThread: Stopping: Stress Exp 2 Config3 1-76
2026-09-10 16:47:04,698 INFO o.a.j.t.JMeterThread: Stopping: Stress Exp 2 Config3 1-22
2026-09-10 16:47:04,698 INFO o.a.j.t.JMeterThread: Stopping: Stress Exp 2 Config3 1-9
2026-09-10 16:47:04,698 WARN o.a.j.t.JMeterThread: Interrupting: Stress Exp 2 Config3 1-9 sampler: HTTP Request
2026-09-10 16:47:04,698 INFO o.a.j.t.JMeterThread: Thread started: Stress Exp 2 Config3 1-22
2026-09-10 16:47:04,698 INFO o.a.j.t.JMeterThread: Thread started: Stress Exp 2 Config3 1-76
2026-09-10 16:47:04,698 INFO o.a.j.t.JMeterThread: Thread finished: Stress Exp 2 Config3 1-22
2026-09-10 16:47:04,698 INFO o.a.j.t.JMeterThread: Stopping: Stress Exp 2 Config3 1-29
2026-09-10 16:47:04,698 INFO o.a.j.t.JMeterThread: Thread finished: Stress Exp 2 Config3 1-76
2026-09-10 16:47:04,698 INFO o.a.j.t.JMeterThread: Thread started: Stress Exp 2 Config3 1-128
2026-09-10 16:47:04,698 INFO o.a.j.t.JMeterThread: Stopping: Stress Exp 2 Config3 1-13
2026-09-10 16:47:04,698 INFO o.a.j.t.JMeterThread: Thread started: Stress Exp 2 Config3 1-29
2026-09-10 16:47:04,699 INFO o.a.j.t.JMeterThread: Thread finished: Stress Exp 2 Config3 1-128
2026-09-10 16:47:04,699 WARN o.a.j.t.JMeterThread: Interrupting: Stress Exp 2 Config3 1-13 sampler: HTTP Request
2026-09-10 16:47:04,699 INFO o.a.j.t.JMeterThread: Thread finished: Stress Exp 2 Config3 1-29
2026-09-10 16:47:04,699 INFO o.a.j.t.JMeterThread: Stopping: Stress Exp 2 Config3 1-24
2026-09-10 16:47:04,699 INFO o.a.j.t.JMeterThread: Thread finished: Stress Exp 2 Config3 1-9
2026-09-10 16:47:04,699 INFO o.a.j.t.JMeterThread: Stopping: Stress Exp 2 Config3 1-106
2026-09-10 16:47:04,699 INFO o.a.j.t.JMeterThread: Stopping: Stress Exp 2 Config3 1-120
2026-09-10 16:47:04,699 INFO o.a.j.t.JMeterThread: Stopping: Stress Exp 2 Config3 1-44
2026-09-10 16:47:04,699 INFO o.a.j.t.JMeterThread: Stopping: Stress Exp 2 Config3 1-113
2026-09-10 16:47:04,699 INFO o.a.j.t.JMeterThread: Stopping: Stress Exp 2 Config3 1-119
2026-09-10 16:47:04,699 INFO o.a.j.t.JMeterThread: Stopping: Stress Exp 2 Config3 1-83
2026-09-10 16:47:04,699 INFO o.a.j.t.JMeterThread: Stopping: Stress Exp 2 Config3 1-61
2026-09-10 16:47:04,699 INFO o.a.j.t.JMeterThread: Stopping: Stress Exp 2 Config3 1-125
2026-09-10 16:47:04,699 INFO o.a.j.t.JMeterThread: Thread finished: Stress Exp 2 Config3 1-13
2026-09-10 16:47:04,699 INFO o.a.j.t.JMeterThread: Thread started: Stress Exp 2 Config3 1-120
2026-09-10 16:47:04,700 INFO o.a.j.t.JMeterThread: Stopping: Stress Exp 2 Config3 1-144
2026-09-10 16:47:04,700 INFO o.a.j.t.JMeterThread: Stopping: Stress Exp 2 Config3 1-45
2026-09-10 16:47:04,700 INFO o.a.j.t.JMeterThread: Thread finished: Stress Exp 2 Config3 1-120
2026-09-10 16:47:04,700 INFO o.a.j.t.JMeterThread: Thread started: Stress Exp 2 Config3 1-113
2026-09-10 16:47:04,700 INFO o.a.j.t.JMeterThread: Stopping: Stress Exp 2 Config3 1-49
2026-09-10 16:47:04,700 INFO o.a.j.t.JMeterThread: Thread started: Stress Exp 2 Config3 1-144
2026-09-10 16:47:04,700 INFO o.a.j.t.JMeterThread: Thread finished: Stress Exp 2 Config3 1-144
2026-09-10 16:47:04,699 INFO o.a.j.t.JMeterThread: Thread started: Stress Exp 2 Config3 1-24
2026-09-10 16:47:04,699 INFO o.a.j.t.JMeterThread: Thread started: Stress Exp 2 Config3 1-106
2026-09-10 16:47:04,699 INFO o.a.j.t.JMeterThread: Thread started: Stress Exp 2 Config3 1-44
2026-09-10 16:47:04,700 INFO o.a.j.t.JMeterThread: Thread finished: Stress Exp 2 Config3 1-24
2026-09-10 16:47:04,699 INFO o.a.j.t.JMeterThread: Thread started: Stress Exp 2 Config3 1-119
2026-09-10 16:47:04,700 INFO o.a.j.t.JMeterThread: Thread finished: Stress Exp 2 Config3 1-44
2026-09-10 16:47:04,700 INFO o.a.j.t.JMeterThread: Thread finished: Stress Exp 2 Config3 1-119
2026-09-10 16:47:04,700 INFO o.a.j.t.JMeterThread: Thread started: Stress Exp 2 Config3 1-83
2026-09-10 16:47:04,700 INFO o.a.j.t.JMeterThread: Thread finished: Stress Exp 2 Config3 1-113
2026-09-10 16:47:04,701 INFO o.a.j.t.JMeterThread: Stopping: Stress Exp 2 Config3 1-146
2026-09-10 16:47:04,700 INFO o.a.j.t.JMeterThread: Thread started: Stress Exp 2 Config3 1-61
2026-09-10 16:47:04,701 INFO o.a.j.t.JMeterThread: Thread started: Stress Exp 2 Config3 1-49
2026-09-10 16:47:04,700 INFO o.a.j.t.JMeterThread: Thread started: Stress Exp 2 Config3 1-125
2026-09-10 16:47:04,701 INFO o.a.j.t.JMeterThread: Thread finished: Stress Exp 2 Config3 1-61
2026-09-10 16:47:04,700 INFO o.a.j.t.JMeterThread: Thread started: Stress Exp 2 Config3 1-45
2026-09-10 16:47:04,701 INFO o.a.j.t.JMeterThread: Thread finished: Stress Exp 2 Config3 1-49
2026-09-10 16:47:04,700 INFO o.a.j.t.JMeterThread: Thread finished: Stress Exp 2 Config3 1-106
2026-09-10 16:47:04,701 INFO o.a.j.t.JMeterThread: Thread finished: Stress Exp 2 Config3 1-125
2026-09-10 16:47:04,701 INFO o.a.j.t.JMeterThread: Thread finished: Stress Exp 2 Config3 1-83
2026-09-10 16:47:04,701 INFO o.a.j.t.JMeterThread: Stopping: Stress Exp 2 Config3 1-56
2026-09-10 16:47:04,701 INFO o.a.j.t.JMeterThread: Stopping: Stress Exp 2 Config3 1-43
2026-09-10 16:47:04,701 INFO o.a.j.t.JMeterThread: Stopping: Stress Exp 2 Config3 1-48
2026-09-10 16:47:04,702 INFO o.a.j.t.JMeterThread: Stopping: Stress Exp 2 Config3 1-15
2026-09-10 16:47:04,702 WARN o.a.j.t.JMeterThread: Interrupting: Stress Exp 2 Config3 1-15 sampler: HTTP Request
2026-09-10 16:47:04,702 INFO o.a.j.t.JMeterThread: Thread finished: Stress Exp 2 Config3 1-45
2026-09-10 16:47:04,702 INFO o.a.j.t.JMeterThread: Stopping: Stress Exp 2 Config3 1-77
2026-09-10 16:47:04,702 INFO o.a.j.t.JMeterThread: Stopping: Stress Exp 2 Config3 1-6
2026-09-10 16:47:04,702 WARN o.a.j.t.JMeterThread: Interrupting: Stress Exp 2 Config3 1-6 sampler: HTTP Request
2026-09-10 16:47:04,702 INFO o.a.j.t.JMeterThread: Stopping: Stress Exp 2 Config3 1-53
2026-09-10 16:47:04,702 INFO o.a.j.t.JMeterThread: Stopping: Stress Exp 2 Config3 1-66
2026-09-10 16:47:04,702 INFO o.a.j.t.JMeterThread: Stopping: Stress Exp 2 Config3 1-112
2026-09-10 16:47:04,702 INFO o.a.j.t.JMeterThread: Stopping: Stress Exp 2 Config3 1-36
2026-09-10 16:47:04,702 INFO o.a.j.t.JMeterThread: Stopping: Stress Exp 2 Config3 1-62
2026-09-10 16:47:04,702 INFO o.a.j.t.JMeterThread: Stopping: Stress Exp 2 Config3 1-75
2026-09-10 16:47:04,702 INFO o.a.j.t.JMeterThread: Thread finished: Stress Exp 2 Config3 1-15
2026-09-10 16:47:04,703 INFO o.a.j.t.JMeterThread: Stopping: Stress Exp 2 Config3 1-30
2026-09-10 16:47:04,703 INFO o.a.j.t.JMeterThread: Thread finished: Stress Exp 2 Config3 1-6
2026-09-10 16:47:04,703 INFO o.a.j.t.JMeterThread: Stopping: Stress Exp 2 Config3 1-70
2026-09-10 16:47:04,703 INFO o.a.j.t.JMeterThread: Stopping: Stress Exp 2 Config3 1-72
2026-09-10 16:47:04,703 INFO o.a.j.t.JMeterThread: Stopping: Stress Exp 2 Config3 1-114
2026-09-10 16:47:04,703 INFO o.a.j.t.JMeterThread: Thread started: Stress Exp 2 Config3 1-56
2026-09-10 16:47:04,703 INFO o.a.j.t.JMeterThread: Stopping: Stress Exp 2 Config3 1-135
2026-09-10 16:47:04,703 INFO o.a.j.t.JMeterThread: Thread started: Stress Exp 2 Config3 1-43
2026-09-10 16:47:04,703 INFO o.a.j.t.JMeterThread: Thread started: Stress Exp 2 Config3 1-77
2026-09-10 16:47:04,703 INFO o.a.j.t.JMeterThread: Thread started: Stress Exp 2 Config3 1-48
2026-09-10 16:47:04,703 INFO o.a.j.t.JMeterThread: Thread started: Stress Exp 2 Config3 1-112
2026-09-10 16:47:04,703 INFO o.a.j.t.JMeterThread: Thread finished: Stress Exp 2 Config3 1-48
2026-09-10 16:47:04,703 INFO o.a.j.t.JMeterThread: Thread started: Stress Exp 2 Config3 1-66
2026-09-10 16:47:04,704 INFO o.a.j.t.JMeterThread: Thread finished: Stress Exp 2 Config3 1-66
2026-09-10 16:47:04,704 INFO o.a.j.t.JMeterThread: Thread started: Stress Exp 2 Config3 1-36
2026-09-10 16:47:04,704 INFO o.a.j.t.JMeterThread: Thread started: Stress Exp 2 Config3 1-75
2026-09-10 16:47:04,704 INFO o.a.j.t.JMeterThread: Thread finished: Stress Exp 2 Config3 1-36
2026-09-10 16:47:04,704 INFO o.a.j.t.JMeterThread: Thread finished: Stress Exp 2 Config3 1-75
2026-09-10 16:47:04,704 INFO o.a.j.t.JMeterThread: Thread started: Stress Exp 2 Config3 1-62
2026-09-10 16:47:04,703 INFO o.a.j.t.JMeterThread: Thread started: Stress Exp 2 Config3 1-53
2026-09-10 16:47:04,703 INFO o.a.j.t.JMeterThread: Thread finished: Stress Exp 2 Config3 1-112
2026-09-10 16:47:04,704 INFO o.a.j.t.JMeterThread: Thread finished: Stress Exp 2 Config3 1-62
2026-09-10 16:47:04,704 INFO o.a.j.t.JMeterThread: Thread finished: Stress Exp 2 Config3 1-53
2026-09-10 16:47:04,704 INFO o.a.j.t.JMeterThread: Thread started: Stress Exp 2 Config3 1-72
2026-09-10 16:47:04,705 INFO o.a.j.t.JMeterThread: Thread finished: Stress Exp 2 Config3 1-72
2026-09-10 16:47:04,704 INFO o.a.j.t.JMeterThread: Thread started: Stress Exp 2 Config3 1-30
2026-09-10 16:47:04,704 INFO o.a.j.t.JMeterThread: Thread started: Stress Exp 2 Config3 1-135
2026-09-10 16:47:04,704 INFO o.a.j.t.JMeterThread: Thread finished: Stress Exp 2 Config3 1-43
2026-09-10 16:47:04,705 INFO o.a.j.t.JMeterThread: Thread finished: Stress Exp 2 Config3 1-30
2026-09-10 16:47:04,703 INFO o.a.j.t.JMeterThread: Thread finished: Stress Exp 2 Config3 1-56
2026-09-10 16:47:04,705 INFO o.a.j.t.JMeterThread: Thread finished: Stress Exp 2 Config3 1-135
2026-09-10 16:47:04,701 INFO o.a.j.t.JMeterThread: Thread started: Stress Exp 2 Config3 1-146
2026-09-10 16:47:04,703 INFO o.a.j.t.JMeterThread: Thread finished: Stress Exp 2 Config3 1-77
2026-09-10 16:47:04,704 INFO o.a.j.t.JMeterThread: Thread started: Stress Exp 2 Config3 1-114
2026-09-10 16:47:04,705 INFO o.a.j.t.JMeterThread: Thread finished: Stress Exp 2 Config3 1-146
2026-09-10 16:47:04,704 INFO o.a.j.t.JMeterThread: Thread started: Stress Exp 2 Config3 1-70
2026-09-10 16:47:04,705 INFO o.a.j.t.JMeterThread: Thread finished: Stress Exp 2 Config3 1-70
2026-09-10 16:47:04,705 INFO o.a.j.t.JMeterThread: Thread finished: Stress Exp 2 Config3 1-114
2026-09-10 16:47:04,706 INFO o.a.j.e.StandardJMeterEngine: Notifying test listeners of end of test
2026-09-10 16:47:04,707 INFO o.a.j.g.u.JMeterMenuBar: setRunning(false, *local*)
2026-09-10 17:06:31,680 INFO o.a.j.e.StandardJMeterEngine: Running the test!
2026-09-10 17:06:31,681 INFO o.a.j.s.SampleEvent: List of sample_variables: []
2026-09-10 17:06:31,681 INFO o.a.j.g.u.JMeterMenuBar: setRunning(true, *local*)
2026-09-10 17:06:31,722 INFO o.a.j.e.StandardJMeterEngine: Starting ThreadGroup: 1 : Stress Exp 2 Config3
2026-09-10 17:06:31,722 INFO o.a.j.e.StandardJMeterEngine: Starting 300 threads for group Stress Exp 2 Config3.
2026-09-10 17:06:31,722 INFO o.a.j.e.StandardJMeterEngine: Thread will continue on error
2026-09-10 17:06:31,723 INFO o.a.j.t.ThreadGroup: Starting thread group... number=1 threads=300 ramp-up=60 delayedStart=false
2026-09-10 17:06:31,725 INFO o.a.j.t.JMeterThread: Thread started: Stress Exp 2 Config3 1-1
2026-09-10 17:06:31,800 INFO o.a.j.t.ThreadGroup: Started thread group number 1
2026-09-10 17:06:31,800 INFO o.a.j.e.StandardJMeterEngine: All thread groups have been started
2026-09-10 17:06:31,926 INFO o.a.j.t.JMeterThread: Thread started: Stress Exp 2 Config3 1-2
2026-09-10 17:06:32,126 INFO o.a.j.t.JMeterThread: Thread started: Stress Exp 2 Config3 1-3
2026-09-10 17:06:32,324 INFO o.a.j.t.JMeterThread: Thread started: Stress Exp 2 Config3 1-4
2026-09-10 17:06:32,525 INFO o.a.j.t.JMeterThread: Thread started: Stress Exp 2 Config3 1-5
2026-09-10 17:06:32,725 INFO o.a.j.t.JMeterThread: Thread started: Stress Exp 2 Config3 1-6
2026-09-10 17:06:32,924 INFO o.a.j.t.JMeterThread: Thread started: Stress Exp 2 Config3 1-7
2026-09-10 17:06:33,124 INFO o.a.j.t.JMeterThread: Thread started: Stress Exp 2 Config3 1-8
2026-09-10 17:06:33,323 INFO o.a.j.t.JMeterThread: Thread started: Stress Exp 2 Config3 1-9
2026-09-10 17:06:33,523 INFO o.a.j.t.JMeterThread: Thread started: Stress Exp 2 Config3 1-10
2026-09-10 17:06:33,724 INFO o.a.j.t.JMeterThread: Thread started: Stress Exp 2 Config3 1-11
2026-09-10 17:06:33,924 INFO o.a.j.t.JMeterThread: Thread started: Stress Exp 2 Config3 1-12
2026-09-10 17:06:34,123 INFO o.a.j.t.JMeterThread: Thread started: Stress Exp 2 Config3 1-13
2026-09-10 17:06:34,323 INFO o.a.j.t.JMeterThread: Thread started: Stress Exp 2 Config3 1-14
2026-09-10 17:06:34,523 INFO o.a.j.t.JMeterThread: Thread started: Stress Exp 2 Config3 1-15
2026-09-10 17:06:34,724 INFO o.a.j.t.JMeterThread: Thread started: Stress Exp 2 Config3 1-16
2026-09-10 17:06:34,925 INFO o.a.j.t.JMeterThread: Thread started: Stress Exp 2 Config3 1-17
2026-09-10 17:06:35,124 INFO o.a.j.t.JMeterThread: Thread started: Stress Exp 2 Config3 1-18
2026-09-10 17:06:35,324 INFO o.a.j.t.JMeterThread: Thread started: Stress Exp 2 Config3 1-19
2026-09-10 17:06:35,525 INFO o.a.j.t.JMeterThread: Thread started: Stress Exp 2 Config3 1-20
2026-09-10 17:06:35,725 INFO o.a.j.t.JMeterThread: Thread started: Stress Exp 2 Config3 1-21
2026-09-10 17:06:35,924 INFO o.a.j.t.JMeterThread: Thread started: Stress Exp 2 Config3 1-22
2026-09-10 17:06:36,125 INFO o.a.j.t.JMeterThread: Thread started: Stress Exp 2 Config3 1-23
2026-09-10 17:06:36,324 INFO o.a.j.t.JMeterThread: Thread started: Stress Exp 2 Config3 1-24
2026-09-10 17:06:36,524 INFO o.a.j.t.JMeterThread: Thread started: Stress Exp 2 Config3 1-25
2026-09-10 17:06:36,724 INFO o.a.j.t.JMeterThread: Thread started: Stress Exp 2 Config3 1-26
2026-09-10 17:06:36,923 INFO o.a.j.t.JMeterThread: Thread started: Stress Exp 2 Config3 1-27
2026-09-10 17:06:37,123 INFO o.a.j.t.JMeterThread: Thread started: Stress Exp 2 Config3 1-28
2026-09-10 17:06:37,325 INFO o.a.j.t.JMeterThread: Thread started: Stress Exp 2 Config3 1-29
2026-09-10 17:06:37,525 INFO o.a.j.t.JMeterThread: Thread started: Stress Exp 2 Config3 1-30
2026-09-10 17:06:37,725 INFO o.a.j.t.JMeterThread: Thread started: Stress Exp 2 Config3 1-31
2026-09-10 17:06:37,924 INFO o.a.j.t.JMeterThread: Thread started: Stress Exp 2 Config3 1-32
2026-09-10 17:06:38,124 INFO o.a.j.t.JMeterThread: Thread started: Stress Exp 2 Config3 1-33
2026-09-10 17:06:38,324 INFO o.a.j.t.JMeterThread: Thread started: Stress Exp 2 Config3 1-34
2026-09-10 17:06:38,525 INFO o.a.j.t.JMeterThread: Thread started: Stress Exp 2 Config3 1-35
2026-09-10 17:06:38,726 INFO o.a.j.t.JMeterThread: Thread started: Stress Exp 2 Config3 1-36
2026-09-10 17:06:38,926 INFO o.a.j.t.JMeterThread: Thread started: Stress Exp 2 Config3 1-37
2026-09-10 17:06:39,127 INFO o.a.j.t.JMeterThread: Thread started: Stress Exp 2 Config3 1-38
2026-09-10 17:06:39,327 INFO o.a.j.t.JMeterThread: Thread started: Stress Exp 2 Config3 1-39
2026-09-10 17:06:39,526 INFO o.a.j.t.JMeterThread: Thread started: Stress Exp 2 Config3 1-40
2026-09-10 17:06:39,727 INFO o.a.j.t.JMeterThread: Thread started: Stress Exp 2 Config3 1-41
2026-09-10 17:06:39,928 INFO o.a.j.t.JMeterThread: Thread started: Stress Exp 2 Config3 1-42
2026-09-10 17:06:40,127 INFO o.a.j.t.JMeterThread: Thread started: Stress Exp 2 Config3 1-43
2026-09-10 17:06:40,327 INFO o.a.j.t.JMeterThread: Thread started: Stress Exp 2 Config3 1-44
2026-09-10 17:06:40,526 INFO o.a.j.t.JMeterThread: Thread started: Stress Exp 2 Config3 1-45
2026-09-10 17:06:40,727 INFO o.a.j.t.JMeterThread: Thread started: Stress Exp 2 Config3 1-46
2026-09-10 17:06:40,926 INFO o.a.j.t.JMeterThread: Thread started: Stress Exp 2 Config3 1-47
2026-09-10 17:06:41,127 INFO o.a.j.t.JMeterThread: Thread started: Stress Exp 2 Config3 1-48
2026-09-10 17:06:41,328 INFO o.a.j.t.JMeterThread: Thread started: Stress Exp 2 Config3 1-49
2026-09-10 17:06:41,526 INFO o.a.j.t.JMeterThread: Thread started: Stress Exp 2 Config3 1-50
2026-09-10 17:06:41,725 INFO o.a.j.t.JMeterThread: Thread started: Stress Exp 2 Config3 1-51
2026-09-10 17:06:41,924 INFO o.a.j.t.JMeterThread: Thread started: Stress Exp 2 Config3 1-52
2026-09-10 17:06:42,124 INFO o.a.j.t.JMeterThread: Thread started: Stress Exp 2 Config3 1-53
2026-09-10 17:06:42,327 INFO o.a.j.t.JMeterThread: Thread started: Stress Exp 2 Config3 1-54
2026-09-10 17:06:42,524 INFO o.a.j.t.JMeterThread: Thread started: Stress Exp 2 Config3 1-55
2026-09-10 17:06:42,725 INFO o.a.j.t.JMeterThread: Thread started: Stress Exp 2 Config3 1-56
2026-09-10 17:06:42,926 INFO o.a.j.t.JMeterThread: Thread started: Stress Exp 2 Config3 1-57
2026-09-10 17:06:43,125 INFO o.a.j.t.JMeterThread: Thread started: Stress Exp 2 Config3 1-58
2026-09-10 17:06:43,325 INFO o.a.j.t.JMeterThread: Thread started: Stress Exp 2 Config3 1-59
2026-09-10 17:06:43,525 INFO o.a.j.t.JMeterThread: Thread started: Stress Exp 2 Config3 1-60
2026-09-10 17:06:43,728 INFO o.a.j.t.JMeterThread: Thread started: Stress Exp 2 Config3 1-61
2026-09-10 17:06:43,925 INFO o.a.j.t.JMeterThread: Thread started: Stress Exp 2 Config3 1-62
2026-09-10 17:06:44,124 INFO o.a.j.t.JMeterThread: Thread started: Stress Exp 2 Config3 1-63
2026-09-10 17:06:44,324 INFO o.a.j.t.JMeterThread: Thread started: Stress Exp 2 Config3 1-64
2026-09-10 17:06:44,525 INFO o.a.j.t.JMeterThread: Thread started: Stress Exp 2 Config3 1-65
2026-09-10 17:06:44,725 INFO o.a.j.t.JMeterThread: Thread started: Stress Exp 2 Config3 1-66
2026-09-10 17:06:44,924 INFO o.a.j.t.JMeterThread: Thread started: Stress Exp 2 Config3 1-67
2026-09-10 17:06:45,125 INFO o.a.j.t.JMeterThread: Thread started: Stress Exp 2 Config3 1-68
2026-09-10 17:06:45,324 INFO o.a.j.t.JMeterThread: Thread started: Stress Exp 2 Config3 1-69
2026-09-10 17:06:45,526 INFO o.a.j.t.JMeterThread: Thread started: Stress Exp 2 Config3 1-70
2026-09-10 17:06:45,724 INFO o.a.j.t.JMeterThread: Thread started: Stress Exp 2 Config3 1-71
2026-09-10 17:06:45,924 INFO o.a.j.t.JMeterThread: Thread started: Stress Exp 2 Config3 1-72
2026-09-10 17:06:46,125 INFO o.a.j.t.JMeterThread: Thread started: Stress Exp 2 Config3 1-73
2026-09-10 17:06:46,324 INFO o.a.j.t.JMeterThread: Thread started: Stress Exp 2 Config3 1-74
2026-09-10 17:06:46,523 INFO o.a.j.t.JMeterThread: Thread started: Stress Exp 2 Config3 1-75
2026-09-10 17:06:46,724 INFO o.a.j.t.JMeterThread: Thread started: Stress Exp 2 Config3 1-76
2026-09-10 17:06:46,924 INFO o.a.j.t.JMeterThread: Thread started: Stress Exp 2 Config3 1-77
2026-09-10 17:06:47,125 INFO o.a.j.t.JMeterThread: Thread started: Stress Exp 2 Config3 1-78
2026-09-10 17:06:47,323 INFO o.a.j.t.JMeterThread: Thread started: Stress Exp 2 Config3 1-79
2026-09-10 17:06:47,525 INFO o.a.j.t.JMeterThread: Thread started: Stress Exp 2 Config3 1-80
2026-09-10 17:06:47,724 INFO o.a.j.t.JMeterThread: Thread started: Stress Exp 2 Config3 1-81
2026-09-10 17:06:47,924 INFO o.a.j.t.JMeterThread: Thread started: Stress Exp 2 Config3 1-82
2026-09-10 17:06:48,125 INFO o.a.j.t.JMeterThread: Thread started: Stress Exp 2 Config3 1-83
2026-09-10 17:06:48,325 INFO o.a.j.t.JMeterThread: Thread started: Stress Exp 2 Config3 1-84
2026-09-10 17:06:48,523 INFO o.a.j.t.JMeterThread: Thread started: Stress Exp 2 Config3 1-85
2026-09-10 17:06:48,724 INFO o.a.j.t.JMeterThread: Thread started: Stress Exp 2 Config3 1-86
2026-09-10 17:06:48,924 INFO o.a.j.t.JMeterThread: Thread started: Stress Exp 2 Config3 1-87
2026-09-10 17:06:49,125 INFO o.a.j.t.JMeterThread: Thread started: Stress Exp 2 Config3 1-88
2026-09-10 17:06:49,324 INFO o.a.j.t.JMeterThread: Thread started: Stress Exp 2 Config3 1-89
2026-09-10 17:06:49,524 INFO o.a.j.t.JMeterThread: Thread started: Stress Exp 2 Config3 1-90
2026-09-10 17:06:49,724 INFO o.a.j.t.JMeterThread: Thread started: Stress Exp 2 Config3 1-91
2026-09-10 17:06:49,927 INFO o.a.j.t.JMeterThread: Thread started: Stress Exp 2 Config3 1-92
2026-09-10 17:06:50,125 INFO o.a.j.t.JMeterThread: Thread started: Stress Exp 2 Config3 1-93
2026-09-10 17:06:50,324 INFO o.a.j.t.JMeterThread: Thread started: Stress Exp 2 Config3 1-94
2026-09-10 17:06:50,525 INFO o.a.j.t.JMeterThread: Thread started: Stress Exp 2 Config3 1-95
2026-09-10 17:06:50,726 INFO o.a.j.t.JMeterThread: Thread started: Stress Exp 2 Config3 1-96
2026-09-10 17:06:50,925 INFO o.a.j.t.JMeterThread: Thread started: Stress Exp 2 Config3 1-97
2026-09-10 17:06:51,124 INFO o.a.j.t.JMeterThread: Thread started: Stress Exp 2 Config3 1-98
2026-09-10 17:06:51,323 INFO o.a.j.t.JMeterThread: Thread started: Stress Exp 2 Config3 1-99
2026-09-10 17:06:51,524 INFO o.a.j.t.JMeterThread: Thread started: Stress Exp 2 Config3 1-100
2026-09-10 17:06:51,725 INFO o.a.j.t.JMeterThread: Thread started: Stress Exp 2 Config3 1-101
2026-09-10 17:06:51,925 INFO o.a.j.t.JMeterThread: Thread started: Stress Exp 2 Config3 1-102
2026-09-10 17:06:52,126 INFO o.a.j.t.JMeterThread: Thread started: Stress Exp 2 Config3 1-103
2026-09-10 17:06:52,326 INFO o.a.j.t.JMeterThread: Thread started: Stress Exp 2 Config3 1-104
2026-09-10 17:06:52,527 INFO o.a.j.t.JMeterThread: Thread started: Stress Exp 2 Config3 1-105
2026-09-10 17:06:52,725 INFO o.a.j.t.JMeterThread: Thread started: Stress Exp 2 Config3 1-106
2026-09-10 17:06:52,929 INFO o.a.j.t.JMeterThread: Thread started: Stress Exp 2 Config3 1-107
2026-09-10 17:06:53,124 INFO o.a.j.t.JMeterThread: Thread started: Stress Exp 2 Config3 1-108
2026-09-10 17:06:53,324 INFO o.a.j.t.JMeterThread: Thread started: Stress Exp 2 Config3 1-109
2026-09-10 17:06:53,525 INFO o.a.j.t.JMeterThread: Thread started: Stress Exp 2 Config3 1-110
2026-09-10 17:06:53,725 INFO o.a.j.t.JMeterThread: Thread started: Stress Exp 2 Config3 1-111
2026-09-10 17:06:53,925 INFO o.a.j.t.JMeterThread: Thread started: Stress Exp 2 Config3 1-112
2026-09-10 17:06:54,125 INFO o.a.j.t.JMeterThread: Thread started: Stress Exp 2 Config3 1-113
2026-09-10 17:06:54,324 INFO o.a.j.t.JMeterThread: Thread started: Stress Exp 2 Config3 1-114
2026-09-10 17:06:54,524 INFO o.a.j.t.JMeterThread: Thread started: Stress Exp 2 Config3 1-115
2026-09-10 17:06:54,723 INFO o.a.j.t.JMeterThread: Thread started: Stress Exp 2 Config3 1-116
2026-09-10 17:06:54,927 INFO o.a.j.t.JMeterThread: Thread started: Stress Exp 2 Config3 1-117
2026-09-10 17:06:55,129 INFO o.a.j.t.JMeterThread: Thread started: Stress Exp 2 Config3 1-118
2026-09-10 17:06:55,325 INFO o.a.j.t.JMeterThread: Thread started: Stress Exp 2 Config3 1-119
2026-09-10 17:06:55,524 INFO o.a.j.t.JMeterThread: Thread started: Stress Exp 2 Config3 1-120
2026-09-10 17:06:55,732 INFO o.a.j.t.JMeterThread: Thread started: Stress Exp 2 Config3 1-121
2026-09-10 17:06:55,931 INFO o.a.j.t.JMeterThread: Thread started: Stress Exp 2 Config3 1-122
2026-09-10 17:06:56,125 INFO o.a.j.t.JMeterThread: Thread started: Stress Exp 2 Config3 1-123
2026-09-10 17:06:56,325 INFO o.a.j.t.JMeterThread: Thread started: Stress Exp 2 Config3 1-124
2026-09-10 17:06:56,530 INFO o.a.j.t.JMeterThread: Thread started: Stress Exp 2 Config3 1-125
2026-09-10 17:06:56,733 INFO o.a.j.t.JMeterThread: Thread started: Stress Exp 2 Config3 1-126
2026-09-10 17:06:56,923 INFO o.a.j.t.JMeterThread: Thread started: Stress Exp 2 Config3 1-127
2026-09-10 17:06:57,124 INFO o.a.j.t.JMeterThread: Thread started: Stress Exp 2 Config3 1-128
2026-09-10 17:06:57,336 INFO o.a.j.t.JMeterThread: Thread started: Stress Exp 2 Config3 1-129
2026-09-10 17:06:57,536 INFO o.a.j.t.JMeterThread: Thread started: Stress Exp 2 Config3 1-130
2026-09-10 17:06:57,725 INFO o.a.j.t.JMeterThread: Thread started: Stress Exp 2 Config3 1-131
2026-09-10 17:06:57,926 INFO o.a.j.t.JMeterThread: Thread started: Stress Exp 2 Config3 1-132
2026-09-10 17:06:58,136 INFO o.a.j.t.JMeterThread: Thread started: Stress Exp 2 Config3 1-133
2026-09-10 17:06:58,337 INFO o.a.j.t.JMeterThread: Thread started: Stress Exp 2 Config3 1-134
2026-09-10 17:06:58,525 INFO o.a.j.t.JMeterThread: Thread started: Stress Exp 2 Config3 1-135
2026-09-10 17:06:58,725 INFO o.a.j.t.JMeterThread: Thread started: Stress Exp 2 Config3 1-136
2026-09-10 17:06:58,932 INFO o.a.j.t.JMeterThread: Thread started: Stress Exp 2 Config3 1-137
2026-09-10 17:06:59,136 INFO o.a.j.t.JMeterThread: Thread started: Stress Exp 2 Config3 1-138
2026-09-10 17:06:59,333 INFO o.a.j.t.JMeterThread: Thread started: Stress Exp 2 Config3 1-139
2026-09-10 17:06:59,533 INFO o.a.j.t.JMeterThread: Thread started: Stress Exp 2 Config3 1-140
2026-09-10 17:06:59,731 INFO o.a.j.t.JMeterThread: Thread started: Stress Exp 2 Config3 1-141
2026-09-10 17:06:59,932 INFO o.a.j.t.JMeterThread: Thread started: Stress Exp 2 Config3 1-142
2026-09-10 17:07:00,132 INFO o.a.j.t.JMeterThread: Thread started: Stress Exp 2 Config3 1-143
2026-09-10 17:07:00,332 INFO o.a.j.t.JMeterThread: Thread started: Stress Exp 2 Config3 1-144
2026-09-10 17:07:00,534 INFO o.a.j.t.JMeterThread: Thread started: Stress Exp 2 Config3 1-145
2026-09-10 17:07:00,735 INFO o.a.j.t.JMeterThread: Thread started: Stress Exp 2 Config3 1-146
2026-09-10 17:07:00,923 INFO o.a.j.t.JMeterThread: Thread started: Stress Exp 2 Config3 1-147
2026-09-10 17:07:01,125 INFO o.a.j.t.JMeterThread: Thread started: Stress Exp 2 Config3 1-148
2026-09-10 17:07:01,334 INFO o.a.j.t.JMeterThread: Thread started: Stress Exp 2 Config3 1-149
2026-09-10 17:07:01,533 INFO o.a.j.t.JMeterThread: Thread started: Stress Exp 2 Config3 1-150
2026-09-10 17:07:01,725 INFO o.a.j.t.JMeterThread: Thread started: Stress Exp 2 Config3 1-151
2026-09-10 17:07:01,928 INFO o.a.j.t.JMeterThread: Thread started: Stress Exp 2 Config3 1-152
2026-09-10 17:07:02,134 INFO o.a.j.t.JMeterThread: Thread started: Stress Exp 2 Config3 1-153
2026-09-10 17:07:02,332 INFO o.a.j.t.JMeterThread: Thread started: Stress Exp 2 Config3 1-154
2026-09-10 17:07:02,527 INFO o.a.j.t.JMeterThread: Thread started: Stress Exp 2 Config3 1-155
2026-09-10 17:07:02,727 INFO o.a.j.t.JMeterThread: Thread started: Stress Exp 2 Config3 1-156
2026-09-10 17:07:02,931 INFO o.a.j.t.JMeterThread: Thread started: Stress Exp 2 Config3 1-157
2026-09-10 17:07:03,131 INFO o.a.j.t.JMeterThread: Thread started: Stress Exp 2 Config3 1-158
2026-09-10 17:07:03,325 INFO o.a.j.t.JMeterThread: Thread started: Stress Exp 2 Config3 1-159
2026-09-10 17:07:03,528 INFO o.a.j.t.JMeterThread: Thread started: Stress Exp 2 Config3 1-160
2026-09-10 17:07:03,731 INFO o.a.j.t.JMeterThread: Thread started: Stress Exp 2 Config3 1-161
2026-09-10 17:07:03,931 INFO o.a.j.t.JMeterThread: Thread started: Stress Exp 2 Config3 1-162
2026-09-10 17:07:04,127 INFO o.a.j.t.JMeterThread: Thread started: Stress Exp 2 Config3 1-163
2026-09-10 17:07:04,326 INFO o.a.j.t.JMeterThread: Thread started: Stress Exp 2 Config3 1-164
2026-09-10 17:07:04,531 INFO o.a.j.t.JMeterThread: Thread started: Stress Exp 2 Config3 1-165
2026-09-10 17:07:04,727 INFO o.a.j.t.JMeterThread: Thread started: Stress Exp 2 Config3 1-166
2026-09-10 17:07:04,929 INFO o.a.j.t.JMeterThread: Thread started: Stress Exp 2 Config3 1-167
2026-09-10 17:07:05,130 INFO o.a.j.t.JMeterThread: Thread started: Stress Exp 2 Config3 1-168
2026-09-10 17:07:05,328 INFO o.a.j.t.JMeterThread: Thread started: Stress Exp 2 Config3 1-169
2026-09-10 17:07:05,528 INFO o.a.j.t.JMeterThread: Thread started: Stress Exp 2 Config3 1-170
2026-09-10 17:07:05,729 INFO o.a.j.t.JMeterThread: Thread started: Stress Exp 2 Config3 1-171
2026-09-10 17:07:05,929 INFO o.a.j.t.JMeterThread: Thread started: Stress Exp 2 Config3 1-172
2026-09-10 17:07:06,128 INFO o.a.j.t.JMeterThread: Thread started: Stress Exp 2 Config3 1-173
2026-09-10 17:07:06,329 INFO o.a.j.t.JMeterThread: Thread started: Stress Exp 2 Config3 1-174
2026-09-10 17:07:06,529 INFO o.a.j.t.JMeterThread: Thread started: Stress Exp 2 Config3 1-175
2026-09-10 17:07:06,727 INFO o.a.j.t.JMeterThread: Thread started: Stress Exp 2 Config3 1-176
2026-09-10 17:07:06,929 INFO o.a.j.t.JMeterThread: Thread started: Stress Exp 2 Config3 1-177
2026-09-10 17:07:07,129 INFO o.a.j.t.JMeterThread: Thread started: Stress Exp 2 Config3 1-178
2026-09-10 17:07:07,328 INFO o.a.j.t.JMeterThread: Thread started: Stress Exp 2 Config3 1-179
2026-09-10 17:07:07,528 INFO o.a.j.t.JMeterThread: Thread started: Stress Exp 2 Config3 1-180
2026-09-10 17:07:07,728 INFO o.a.j.t.JMeterThread: Thread started: Stress Exp 2 Config3 1-181
2026-09-10 17:07:07,928 INFO o.a.j.t.JMeterThread: Thread started: Stress Exp 2 Config3 1-182
2026-09-10 17:07:08,128 INFO o.a.j.t.JMeterThread: Thread started: Stress Exp 2 Config3 1-183
2026-09-10 17:07:08,329 INFO o.a.j.t.JMeterThread: Thread started: Stress Exp 2 Config3 1-184
2026-09-10 17:07:08,528 INFO o.a.j.t.JMeterThread: Thread started: Stress Exp 2 Config3 1-185
2026-09-10 17:07:08,728 INFO o.a.j.t.JMeterThread: Thread started: Stress Exp 2 Config3 1-186
2026-09-10 17:07:08,928 INFO o.a.j.t.JMeterThread: Thread started: Stress Exp 2 Config3 1-187
2026-09-10 17:07:09,127 INFO o.a.j.t.JMeterThread: Thread started: Stress Exp 2 Config3 1-188
2026-09-10 17:07:09,329 INFO o.a.j.t.JMeterThread: Thread started: Stress Exp 2 Config3 1-189
2026-09-10 17:07:09,531 INFO o.a.j.t.JMeterThread: Thread started: Stress Exp 2 Config3 1-190
2026-09-10 17:07:09,727 INFO o.a.j.t.JMeterThread: Thread started: Stress Exp 2 Config3 1-191
2026-09-10 17:07:09,926 INFO o.a.j.t.JMeterThread: Thread started: Stress Exp 2 Config3 1-192
2026-09-10 17:07:10,126 INFO o.a.j.t.JMeterThread: Thread started: Stress Exp 2 Config3 1-193
2026-09-10 17:07:10,326 INFO o.a.j.t.JMeterThread: Thread started: Stress Exp 2 Config3 1-194
2026-09-10 17:07:10,526 INFO o.a.j.t.JMeterThread: Thread started: Stress Exp 2 Config3 1-195
2026-09-10 17:07:10,727 INFO o.a.j.t.JMeterThread: Thread started: Stress Exp 2 Config3 1-196
2026-09-10 17:07:10,926 INFO o.a.j.t.JMeterThread: Thread started: Stress Exp 2 Config3 1-197
2026-09-10 17:07:11,127 INFO o.a.j.t.JMeterThread: Thread started: Stress Exp 2 Config3 1-198
2026-09-10 17:07:11,325 INFO o.a.j.t.JMeterThread: Thread started: Stress Exp 2 Config3 1-199
2026-09-10 17:07:11,526 INFO o.a.j.t.JMeterThread: Thread started: Stress Exp 2 Config3 1-200
2026-09-10 17:07:11,723 INFO o.a.j.t.JMeterThread: Thread started: Stress Exp 2 Config3 1-201
2026-09-10 17:07:11,926 INFO o.a.j.t.JMeterThread: Thread started: Stress Exp 2 Config3 1-202
2026-09-10 17:07:12,128 INFO o.a.j.t.JMeterThread: Thread started: Stress Exp 2 Config3 1-203
2026-09-10 17:07:12,327 INFO o.a.j.t.JMeterThread: Thread started: Stress Exp 2 Config3 1-204
2026-09-10 17:07:12,525 INFO o.a.j.t.JMeterThread: Thread started: Stress Exp 2 Config3 1-205
2026-09-10 17:07:12,725 INFO o.a.j.t.JMeterThread: Thread started: Stress Exp 2 Config3 1-206
2026-09-10 17:07:12,926 INFO o.a.j.t.JMeterThread: Thread started: Stress Exp 2 Config3 1-207
2026-09-10 17:07:13,125 INFO o.a.j.t.JMeterThread: Thread started: Stress Exp 2 Config3 1-208
2026-09-10 17:07:13,326 INFO o.a.j.t.JMeterThread: Thread started: Stress Exp 2 Config3 1-209
2026-09-10 17:07:13,525 INFO o.a.j.t.JMeterThread: Thread started: Stress Exp 2 Config3 1-210
2026-09-10 17:07:13,725 INFO o.a.j.t.JMeterThread: Thread started: Stress Exp 2 Config3 1-211
2026-09-10 17:07:13,924 INFO o.a.j.t.JMeterThread: Thread started: Stress Exp 2 Config3 1-212
2026-09-10 17:07:14,123 INFO o.a.j.t.JMeterThread: Thread started: Stress Exp 2 Config3 1-213
2026-09-10 17:07:14,324 INFO o.a.j.t.JMeterThread: Thread started: Stress Exp 2 Config3 1-214
2026-09-10 17:07:14,523 INFO o.a.j.t.JMeterThread: Thread started: Stress Exp 2 Config3 1-215
2026-09-10 17:07:14,724 INFO o.a.j.t.JMeterThread: Thread started: Stress Exp 2 Config3 1-216
2026-09-10 17:07:14,925 INFO o.a.j.t.JMeterThread: Thread started: Stress Exp 2 Config3 1-217
2026-09-10 17:07:15,124 INFO o.a.j.t.JMeterThread: Thread started: Stress Exp 2 Config3 1-218
2026-09-10 17:07:15,324 INFO o.a.j.t.JMeterThread: Thread started: Stress Exp 2 Config3 1-219
2026-09-10 17:07:15,525 INFO o.a.j.t.JMeterThread: Thread started: Stress Exp 2 Config3 1-220
2026-09-10 17:07:15,724 INFO o.a.j.t.JMeterThread: Thread started: Stress Exp 2 Config3 1-221
2026-09-10 17:07:15,925 INFO o.a.j.t.JMeterThread: Thread started: Stress Exp 2 Config3 1-222
2026-09-10 17:07:16,123 INFO o.a.j.t.JMeterThread: Thread started: Stress Exp 2 Config3 1-223
2026-09-10 17:07:16,324 INFO o.a.j.t.JMeterThread: Thread started: Stress Exp 2 Config3 1-224
2026-09-10 17:07:16,525 INFO o.a.j.t.JMeterThread: Thread started: Stress Exp 2 Config3 1-225
2026-09-10 17:07:16,725 INFO o.a.j.t.JMeterThread: Thread started: Stress Exp 2 Config3 1-226
2026-09-10 17:07:16,925 INFO o.a.j.t.JMeterThread: Thread started: Stress Exp 2 Config3 1-227
2026-09-10 17:07:17,124 INFO o.a.j.t.JMeterThread: Thread started: Stress Exp 2 Config3 1-228
2026-09-10 17:07:17,325 INFO o.a.j.t.JMeterThread: Thread started: Stress Exp 2 Config3 1-229
2026-09-10 17:07:17,526 INFO o.a.j.t.JMeterThread: Thread started: Stress Exp 2 Config3 1-230
2026-09-10 17:07:17,724 INFO o.a.j.t.JMeterThread: Thread started: Stress Exp 2 Config3 1-231
2026-09-10 17:07:17,925 INFO o.a.j.t.JMeterThread: Thread started: Stress Exp 2 Config3 1-232
2026-09-10 17:07:18,124 INFO o.a.j.t.JMeterThread: Thread started: Stress Exp 2 Config3 1-233
2026-09-10 17:07:18,323 INFO o.a.j.t.JMeterThread: Thread started: Stress Exp 2 Config3 1-234
2026-09-10 17:07:18,523 INFO o.a.j.t.JMeterThread: Thread started: Stress Exp 2 Config3 1-235
2026-09-10 17:07:18,727 INFO o.a.j.t.JMeterThread: Thread started: Stress Exp 2 Config3 1-236
2026-09-10 17:07:18,926 INFO o.a.j.t.JMeterThread: Thread started: Stress Exp 2 Config3 1-237
2026-09-10 17:07:19,126 INFO o.a.j.t.JMeterThread: Thread started: Stress Exp 2 Config3 1-238
2026-09-10 17:07:19,323 INFO o.a.j.t.JMeterThread: Thread started: Stress Exp 2 Config3 1-239
2026-09-10 17:07:19,523 INFO o.a.j.t.JMeterThread: Thread started: Stress Exp 2 Config3 1-240
2026-09-10 17:07:19,724 INFO o.a.j.t.JMeterThread: Thread started: Stress Exp 2 Config3 1-241
2026-09-10 17:07:19,924 INFO o.a.j.t.JMeterThread: Thread started: Stress Exp 2 Config3 1-242
2026-09-10 17:07:20,124 INFO o.a.j.t.JMeterThread: Thread started: Stress Exp 2 Config3 1-243
2026-09-10 17:07:20,325 INFO o.a.j.t.JMeterThread: Thread started: Stress Exp 2 Config3 1-244
2026-09-10 17:07:20,524 INFO o.a.j.t.JMeterThread: Thread started: Stress Exp 2 Config3 1-245
2026-09-10 17:07:20,723 INFO o.a.j.t.JMeterThread: Thread started: Stress Exp 2 Config3 1-246
2026-09-10 17:07:20,924 INFO o.a.j.t.JMeterThread: Thread started: Stress Exp 2 Config3 1-247
2026-09-10 17:07:21,123 INFO o.a.j.t.JMeterThread: Thread started: Stress Exp 2 Config3 1-248
2026-09-10 17:07:21,325 INFO o.a.j.t.JMeterThread: Thread started: Stress Exp 2 Config3 1-249
2026-09-10 17:07:21,524 INFO o.a.j.t.JMeterThread: Thread started: Stress Exp 2 Config3 1-250
2026-09-10 17:07:21,723 INFO o.a.j.t.JMeterThread: Thread started: Stress Exp 2 Config3 1-251
2026-09-10 17:07:21,925 INFO o.a.j.t.JMeterThread: Thread started: Stress Exp 2 Config3 1-252
2026-09-10 17:07:22,126 INFO o.a.j.t.JMeterThread: Thread started: Stress Exp 2 Config3 1-253
2026-09-10 17:07:22,326 INFO o.a.j.t.JMeterThread: Thread started: Stress Exp 2 Config3 1-254
2026-09-10 17:07:22,526 INFO o.a.j.t.JMeterThread: Thread started: Stress Exp 2 Config3 1-255
2026-09-10 17:07:22,725 INFO o.a.j.t.JMeterThread: Thread started: Stress Exp 2 Config3 1-256
2026-09-10 17:07:22,925 INFO o.a.j.t.JMeterThread: Thread started: Stress Exp 2 Config3 1-257
2026-09-10 17:07:23,125 INFO o.a.j.t.JMeterThread: Thread started: Stress Exp 2 Config3 1-258
2026-09-10 17:07:23,325 INFO o.a.j.t.JMeterThread: Thread started: Stress Exp 2 Config3 1-259
2026-09-10 17:07:23,524 INFO o.a.j.t.JMeterThread: Thread started: Stress Exp 2 Config3 1-260
2026-09-10 17:07:23,724 INFO o.a.j.t.JMeterThread: Thread started: Stress Exp 2 Config3 1-261
2026-09-10 17:07:23,924 INFO o.a.j.t.JMeterThread: Thread started: Stress Exp 2 Config3 1-262
2026-09-10 17:07:24,124 INFO o.a.j.t.JMeterThread: Thread started: Stress Exp 2 Config3 1-263
2026-09-10 17:07:24,324 INFO o.a.j.t.JMeterThread: Thread started: Stress Exp 2 Config3 1-264
2026-09-10 17:07:24,524 INFO o.a.j.t.JMeterThread: Thread started: Stress Exp 2 Config3 1-265
2026-09-10 17:07:24,724 INFO o.a.j.t.JMeterThread: Thread started: Stress Exp 2 Config3 1-266
2026-09-10 17:07:24,926 INFO o.a.j.t.JMeterThread: Thread started: Stress Exp 2 Config3 1-267
2026-09-10 17:07:25,125 INFO o.a.j.t.JMeterThread: Thread started: Stress Exp 2 Config3 1-268
2026-09-10 17:07:25,325 INFO o.a.j.t.JMeterThread: Thread started: Stress Exp 2 Config3 1-269
2026-09-10 17:07:25,523 INFO o.a.j.t.JMeterThread: Thread started: Stress Exp 2 Config3 1-270
2026-09-10 17:07:25,723 INFO o.a.j.t.JMeterThread: Thread started: Stress Exp 2 Config3 1-271
2026-09-10 17:07:25,923 INFO o.a.j.t.JMeterThread: Thread started: Stress Exp 2 Config3 1-272
2026-09-10 17:07:26,124 INFO o.a.j.t.JMeterThread: Thread started: Stress Exp 2 Config3 1-273
2026-09-10 17:07:26,325 INFO o.a.j.t.JMeterThread: Thread started: Stress Exp 2 Config3 1-274
2026-09-10 17:07:26,524 INFO o.a.j.t.JMeterThread: Thread started: Stress Exp 2 Config3 1-275
2026-09-10 17:07:26,725 INFO o.a.j.t.JMeterThread: Thread started: Stress Exp 2 Config3 1-276
2026-09-10 17:07:26,923 INFO o.a.j.t.JMeterThread: Thread started: Stress Exp 2 Config3 1-277
2026-09-10 17:07:27,123 INFO o.a.j.t.JMeterThread: Thread started: Stress Exp 2 Config3 1-278
2026-09-10 17:07:27,323 INFO o.a.j.t.JMeterThread: Thread started: Stress Exp 2 Config3 1-279
2026-09-10 17:07:27,524 INFO o.a.j.t.JMeterThread: Thread started: Stress Exp 2 Config3 1-280
2026-09-10 17:07:27,724 INFO o.a.j.t.JMeterThread: Thread started: Stress Exp 2 Config3 1-281
2026-09-10 17:07:27,924 INFO o.a.j.t.JMeterThread: Thread started: Stress Exp 2 Config3 1-282
2026-09-10 17:07:28,125 INFO o.a.j.t.JMeterThread: Thread started: Stress Exp 2 Config3 1-283
2026-09-10 17:07:28,323 INFO o.a.j.t.JMeterThread: Thread started: Stress Exp 2 Config3 1-284
2026-09-10 17:07:28,523 INFO o.a.j.t.JMeterThread: Thread started: Stress Exp 2 Config3 1-285
2026-09-10 17:07:28,724 INFO o.a.j.t.JMeterThread: Thread started: Stress Exp 2 Config3 1-286
2026-09-10 17:07:28,923 INFO o.a.j.t.JMeterThread: Thread started: Stress Exp 2 Config3 1-287
2026-09-10 17:07:29,123 INFO o.a.j.t.JMeterThread: Thread started: Stress Exp 2 Config3 1-288
2026-09-10 17:07:29,324 INFO o.a.j.t.JMeterThread: Thread started: Stress Exp 2 Config3 1-289
2026-09-10 17:07:29,524 INFO o.a.j.t.JMeterThread: Thread started: Stress Exp 2 Config3 1-290
2026-09-10 17:07:29,726 INFO o.a.j.t.JMeterThread: Thread started: Stress Exp 2 Config3 1-291
2026-09-10 17:07:29,925 INFO o.a.j.t.JMeterThread: Thread started: Stress Exp 2 Config3 1-292
2026-09-10 17:07:30,124 INFO o.a.j.t.JMeterThread: Thread started: Stress Exp 2 Config3 1-293
2026-09-10 17:07:30,324 INFO o.a.j.t.JMeterThread: Thread started: Stress Exp 2 Config3 1-294
2026-09-10 17:07:30,525 INFO o.a.j.t.JMeterThread: Thread started: Stress Exp 2 Config3 1-295
2026-09-10 17:07:30,724 INFO o.a.j.t.JMeterThread: Thread started: Stress Exp 2 Config3 1-296
2026-09-10 17:07:30,926 INFO o.a.j.t.JMeterThread: Thread started: Stress Exp 2 Config3 1-297
2026-09-10 17:07:31,123 INFO o.a.j.t.JMeterThread: Thread started: Stress Exp 2 Config3 1-298
2026-09-10 17:07:31,323 INFO o.a.j.t.JMeterThread: Thread started: Stress Exp 2 Config3 1-299
2026-09-10 17:07:31,523 INFO o.a.j.t.JMeterThread: Thread started: Stress Exp 2 Config3 1-300
2026-09-10 17:09:33,070 INFO o.a.j.t.JMeterThread: Stopping because end time detected by thread: Stress Exp 2 Config3 1-142
2026-09-10 17:09:33,070 INFO o.a.j.t.JMeterThread: Stopping because end time detected by thread: Stress Exp 2 Config3 1-23
2026-09-10 17:09:33,071 INFO o.a.j.t.JMeterThread: Stopping because end time detected by thread: Stress Exp 2 Config3 1-229
2026-09-10 17:09:33,071 INFO o.a.j.t.JMeterThread: Stopping because end time detected by thread: Stress Exp 2 Config3 1-191
2026-09-10 17:09:33,071 INFO o.a.j.t.JMeterThread: Thread finished: Stress Exp 2 Config3 1-229
2026-09-10 17:09:33,071 INFO o.a.j.t.JMeterThread: Thread finished: Stress Exp 2 Config3 1-23
2026-09-10 17:09:33,071 INFO o.a.j.t.JMeterThread: Stopping because end time detected by thread: Stress Exp 2 Config3 1-3
2026-09-10 17:09:33,071 INFO o.a.j.t.JMeterThread: Thread finished: Stress Exp 2 Config3 1-191
2026-09-10 17:09:33,071 INFO o.a.j.t.JMeterThread: Stopping because end time detected by thread: Stress Exp 2 Config3 1-124
2026-09-10 17:09:33,071 INFO o.a.j.t.JMeterThread: Thread finished: Stress Exp 2 Config3 1-3
2026-09-10 17:09:33,071 INFO o.a.j.t.JMeterThread: Stopping because end time detected by thread: Stress Exp 2 Config3 1-201
2026-09-10 17:09:33,071 INFO o.a.j.t.JMeterThread: Thread finished: Stress Exp 2 Config3 1-124
2026-09-10 17:09:33,071 INFO o.a.j.t.JMeterThread: Thread finished: Stress Exp 2 Config3 1-142
2026-09-10 17:09:33,072 INFO o.a.j.t.JMeterThread: Stopping because end time detected by thread: Stress Exp 2 Config3 1-147
2026-09-10 17:09:33,072 INFO o.a.j.t.JMeterThread: Thread finished: Stress Exp 2 Config3 1-201
2026-09-10 17:09:33,072 INFO o.a.j.t.JMeterThread: Thread finished: Stress Exp 2 Config3 1-147
2026-09-10 17:09:33,072 INFO o.a.j.t.JMeterThread: Stopping because end time detected by thread: Stress Exp 2 Config3 1-91
2026-09-10 17:09:33,072 INFO o.a.j.t.JMeterThread: Thread finished: Stress Exp 2 Config3 1-91
2026-09-10 17:09:33,072 INFO o.a.j.t.JMeterThread: Stopping because end time detected by thread: Stress Exp 2 Config3 1-92
2026-09-10 17:09:33,072 INFO o.a.j.t.JMeterThread: Thread finished: Stress Exp 2 Config3 1-92
2026-09-10 17:09:33,072 INFO o.a.j.t.JMeterThread: Stopping because end time detected by thread: Stress Exp 2 Config3 1-187
2026-09-10 17:09:33,073 INFO o.a.j.t.JMeterThread: Thread finished: Stress Exp 2 Config3 1-187
2026-09-10 17:09:33,073 INFO o.a.j.t.JMeterThread: Stopping because end time detected by thread: Stress Exp 2 Config3 1-9
2026-09-10 17:09:33,073 INFO o.a.j.t.JMeterThread: Thread finished: Stress Exp 2 Config3 1-9
2026-09-10 17:09:33,073 INFO o.a.j.t.JMeterThread: Stopping because end time detected by thread: Stress Exp 2 Config3 1-83
2026-09-10 17:09:33,073 INFO o.a.j.t.JMeterThread: Thread finished: Stress Exp 2 Config3 1-83
2026-09-10 17:09:33,074 INFO o.a.j.t.JMeterThread: Stopping because end time detected by thread: Stress Exp 2 Config3 1-89
2026-09-10 17:09:33,074 INFO o.a.j.t.JMeterThread: Thread finished: Stress Exp 2 Config3 1-89
2026-09-10 17:09:33,075 INFO o.a.j.t.JMeterThread: Stopping because end time detected by thread: Stress Exp 2 Config3 1-246
2026-09-10 17:09:33,075 INFO o.a.j.t.JMeterThread: Thread finished: Stress Exp 2 Config3 1-246
2026-09-10 17:09:33,075 INFO o.a.j.t.JMeterThread: Stopping because end time detected by thread: Stress Exp 2 Config3 1-44
2026-09-10 17:09:33,075 INFO o.a.j.t.JMeterThread: Thread finished: Stress Exp 2 Config3 1-44
2026-09-10 17:09:33,075 INFO o.a.j.t.JMeterThread: Stopping because end time detected by thread: Stress Exp 2 Config3 1-202
2026-09-10 17:09:33,075 INFO o.a.j.t.JMeterThread: Stopping because end time detected by thread: Stress Exp 2 Config3 1-273
2026-09-10 17:09:33,075 INFO o.a.j.t.JMeterThread: Thread finished: Stress Exp 2 Config3 1-202
2026-09-10 17:09:33,075 INFO o.a.j.t.JMeterThread: Thread finished: Stress Exp 2 Config3 1-273
2026-09-10 17:09:33,076 INFO o.a.j.t.JMeterThread: Stopping because end time detected by thread: Stress Exp 2 Config3 1-261
2026-09-10 17:09:33,076 INFO o.a.j.t.JMeterThread: Stopping because end time detected by thread: Stress Exp 2 Config3 1-136
2026-09-10 17:09:33,076 INFO o.a.j.t.JMeterThread: Thread finished: Stress Exp 2 Config3 1-261
2026-09-10 17:09:33,076 INFO o.a.j.t.JMeterThread: Thread finished: Stress Exp 2 Config3 1-136
2026-09-10 17:09:33,076 INFO o.a.j.t.JMeterThread: Stopping because end time detected by thread: Stress Exp 2 Config3 1-172
2026-09-10 17:09:33,076 INFO o.a.j.t.JMeterThread: Thread finished: Stress Exp 2 Config3 1-172
2026-09-10 17:09:33,077 INFO o.a.j.t.JMeterThread: Stopping because end time detected by thread: Stress Exp 2 Config3 1-67
2026-09-10 17:09:33,077 INFO o.a.j.t.JMeterThread: Thread finished: Stress Exp 2 Config3 1-67
2026-09-10 17:09:33,077 INFO o.a.j.t.JMeterThread: Stopping because end time detected by thread: Stress Exp 2 Config3 1-214
2026-09-10 17:09:33,077 INFO o.a.j.t.JMeterThread: Stopping because end time detected by thread: Stress Exp 2 Config3 1-213
2026-09-10 17:09:33,077 INFO o.a.j.t.JMeterThread: Thread finished: Stress Exp 2 Config3 1-214
2026-09-10 17:09:33,077 INFO o.a.j.t.JMeterThread: Thread finished: Stress Exp 2 Config3 1-213
2026-09-10 17:09:33,078 INFO o.a.j.t.JMeterThread: Stopping because end time detected by thread: Stress Exp 2 Config3 1-19
2026-09-10 17:09:33,078 INFO o.a.j.t.JMeterThread: Stopping because end time detected by thread: Stress Exp 2 Config3 1-131
2026-09-10 17:09:33,078 INFO o.a.j.t.JMeterThread: Thread finished: Stress Exp 2 Config3 1-19
2026-09-10 17:09:33,078 INFO o.a.j.t.JMeterThread: Stopping because end time detected by thread: Stress Exp 2 Config3 1-241
2026-09-10 17:09:33,078 INFO o.a.j.t.JMeterThread: Thread finished: Stress Exp 2 Config3 1-131
2026-09-10 17:09:33,078 INFO o.a.j.t.JMeterThread: Thread finished: Stress Exp 2 Config3 1-241
2026-09-10 17:09:33,078 INFO o.a.j.t.JMeterThread: Stopping because end time detected by thread: Stress Exp 2 Config3 1-268
2026-09-10 17:09:33,078 INFO o.a.j.t.JMeterThread: Thread finished: Stress Exp 2 Config3 1-268
2026-09-10 17:09:33,078 INFO o.a.j.t.JMeterThread: Stopping because end time detected by thread: Stress Exp 2 Config3 1-173
2026-09-10 17:09:33,078 INFO o.a.j.t.JMeterThread: Thread finished: Stress Exp 2 Config3 1-173
2026-09-10 17:09:33,078 INFO o.a.j.t.JMeterThread: Stopping because end time detected by thread: Stress Exp 2 Config3 1-295
2026-09-10 17:09:33,079 INFO o.a.j.t.JMeterThread: Thread finished: Stress Exp 2 Config3 1-295
2026-09-10 17:09:33,079 INFO o.a.j.t.JMeterThread: Stopping because end time detected by thread: Stress Exp 2 Config3 1-181
2026-09-10 17:09:33,079 INFO o.a.j.t.JMeterThread: Thread finished: Stress Exp 2 Config3 1-181
2026-09-10 17:09:33,079 INFO o.a.j.t.JMeterThread: Stopping because end time detected by thread: Stress Exp 2 Config3 1-203
2026-09-10 17:09:33,079 INFO o.a.j.t.JMeterThread: Thread finished: Stress Exp 2 Config3 1-203
2026-09-10 17:09:33,079 INFO o.a.j.t.JMeterThread: Stopping because end time detected by thread: Stress Exp 2 Config3 1-48
2026-09-10 17:09:33,079 INFO o.a.j.t.JMeterThread: Thread finished: Stress Exp 2 Config3 1-48
2026-09-10 17:09:33,079 INFO o.a.j.t.JMeterThread: Stopping because end time detected by thread: Stress Exp 2 Config3 1-141
2026-09-10 17:09:33,080 INFO o.a.j.t.JMeterThread: Thread finished: Stress Exp 2 Config3 1-141
2026-09-10 17:09:33,080 INFO o.a.j.t.JMeterThread: Stopping because end time detected by thread: Stress Exp 2 Config3 1-94
2026-09-10 17:09:33,080 INFO o.a.j.t.JMeterThread: Thread finished: Stress Exp 2 Config3 1-94
2026-09-10 17:09:33,080 INFO o.a.j.t.JMeterThread: Stopping because end time detected by thread: Stress Exp 2 Config3 1-259
2026-09-10 17:09:33,080 INFO o.a.j.t.JMeterThread: Stopping because end time detected by thread: Stress Exp 2 Config3 1-216
2026-09-10 17:09:33,080 INFO o.a.j.t.JMeterThread: Thread finished: Stress Exp 2 Config3 1-216
2026-09-10 17:09:33,080 INFO o.a.j.t.JMeterThread: Stopping because end time detected by thread: Stress Exp 2 Config3 1-107
2026-09-10 17:09:33,081 INFO o.a.j.t.JMeterThread: Thread finished: Stress Exp 2 Config3 1-107
2026-09-10 17:09:33,081 INFO o.a.j.t.JMeterThread: Stopping because end time detected by thread: Stress Exp 2 Config3 1-186
2026-09-10 17:09:33,081 INFO o.a.j.t.JMeterThread: Stopping because end time detected by thread: Stress Exp 2 Config3 1-165
2026-09-10 17:09:33,081 INFO o.a.j.t.JMeterThread: Thread finished: Stress Exp 2 Config3 1-165
2026-09-10 17:09:33,080 INFO o.a.j.t.JMeterThread: Stopping because end time detected by thread: Stress Exp 2 Config3 1-13
2026-09-10 17:09:33,081 INFO o.a.j.t.JMeterThread: Stopping because end time detected by thread: Stress Exp 2 Config3 1-69
2026-09-10 17:09:33,080 INFO o.a.j.t.JMeterThread: Thread finished: Stress Exp 2 Config3 1-259
2026-09-10 17:09:33,081 INFO o.a.j.t.JMeterThread: Thread finished: Stress Exp 2 Config3 1-69
2026-09-10 17:09:33,081 INFO o.a.j.t.JMeterThread: Stopping because end time detected by thread: Stress Exp 2 Config3 1-116
2026-09-10 17:09:33,082 INFO o.a.j.t.JMeterThread: Thread finished: Stress Exp 2 Config3 1-116
2026-09-10 17:09:33,082 INFO o.a.j.t.JMeterThread: Stopping because end time detected by thread: Stress Exp 2 Config3 1-210
2026-09-10 17:09:33,083 INFO o.a.j.t.JMeterThread: Thread finished: Stress Exp 2 Config3 1-210
2026-09-10 17:09:33,083 INFO o.a.j.t.JMeterThread: Stopping because end time detected by thread: Stress Exp 2 Config3 1-59
2026-09-10 17:09:33,081 INFO o.a.j.t.JMeterThread: Thread finished: Stress Exp 2 Config3 1-186
2026-09-10 17:09:33,081 INFO o.a.j.t.JMeterThread: Thread finished: Stress Exp 2 Config3 1-13
2026-09-10 17:09:33,083 INFO o.a.j.t.JMeterThread: Stopping because end time detected by thread: Stress Exp 2 Config3 1-292
2026-09-10 17:09:33,083 INFO o.a.j.t.JMeterThread: Thread finished: Stress Exp 2 Config3 1-292
2026-09-10 17:09:33,083 INFO o.a.j.t.JMeterThread: Stopping because end time detected by thread: Stress Exp 2 Config3 1-58
2026-09-10 17:09:33,083 INFO o.a.j.t.JMeterThread: Stopping because end time detected by thread: Stress Exp 2 Config3 1-269
2026-09-10 17:09:33,083 INFO o.a.j.t.JMeterThread: Stopping because end time detected by thread: Stress Exp 2 Config3 1-152
2026-09-10 17:09:33,083 INFO o.a.j.t.JMeterThread: Thread finished: Stress Exp 2 Config3 1-59
2026-09-10 17:09:33,083 INFO o.a.j.t.JMeterThread: Thread finished: Stress Exp 2 Config3 1-58
2026-09-10 17:09:33,083 INFO o.a.j.t.JMeterThread: Thread finished: Stress Exp 2 Config3 1-269
2026-09-10 17:09:33,083 INFO o.a.j.t.JMeterThread: Stopping because end time detected by thread: Stress Exp 2 Config3 1-22
2026-09-10 17:09:33,083 INFO o.a.j.t.JMeterThread: Thread finished: Stress Exp 2 Config3 1-152
2026-09-10 17:09:33,084 INFO o.a.j.t.JMeterThread: Thread finished: Stress Exp 2 Config3 1-22
2026-09-10 17:09:33,106 INFO o.a.j.t.JMeterThread: Stopping because end time detected by thread: Stress Exp 2 Config3 1-262
2026-09-10 17:09:33,106 INFO o.a.j.t.JMeterThread: Stopping because end time detected by thread: Stress Exp 2 Config3 1-95
2026-09-10 17:09:33,106 INFO o.a.j.t.JMeterThread: Thread finished: Stress Exp 2 Config3 1-262
2026-09-10 17:09:33,107 INFO o.a.j.t.JMeterThread: Thread finished: Stress Exp 2 Config3 1-95
2026-09-10 17:09:33,107 INFO o.a.j.t.JMeterThread: Stopping because end time detected by thread: Stress Exp 2 Config3 1-117
2026-09-10 17:09:33,107 INFO o.a.j.t.JMeterThread: Thread finished: Stress Exp 2 Config3 1-117
2026-09-10 17:09:33,107 INFO o.a.j.t.JMeterThread: Stopping because end time detected by thread: Stress Exp 2 Config3 1-272
2026-09-10 17:09:33,107 INFO o.a.j.t.JMeterThread: Thread finished: Stress Exp 2 Config3 1-272
2026-09-10 17:09:33,106 INFO o.a.j.t.JMeterThread: Stopping because end time detected by thread: Stress Exp 2 Config3 1-275
2026-09-10 17:09:33,107 INFO o.a.j.t.JMeterThread: Stopping because end time detected by thread: Stress Exp 2 Config3 1-242
2026-09-10 17:09:33,107 INFO o.a.j.t.JMeterThread: Stopping because end time detected by thread: Stress Exp 2 Config3 1-126
2026-09-10 17:09:33,107 INFO o.a.j.t.JMeterThread: Thread finished: Stress Exp 2 Config3 1-126
2026-09-10 17:09:33,107 INFO o.a.j.t.JMeterThread: Stopping because end time detected by thread: Stress Exp 2 Config3 1-174
2026-09-10 17:09:33,108 INFO o.a.j.t.JMeterThread: Thread finished: Stress Exp 2 Config3 1-174
2026-09-10 17:09:33,108 INFO o.a.j.t.JMeterThread: Stopping because end time detected by thread: Stress Exp 2 Config3 1-120
2026-09-10 17:09:33,108 INFO o.a.j.t.JMeterThread: Thread finished: Stress Exp 2 Config3 1-120
2026-09-10 17:09:33,108 INFO o.a.j.t.JMeterThread: Stopping because end time detected by thread: Stress Exp 2 Config3 1-8
2026-09-10 17:09:33,108 INFO o.a.j.t.JMeterThread: Stopping because end time detected by thread: Stress Exp 2 Config3 1-88
2026-09-10 17:09:33,109 INFO o.a.j.t.JMeterThread: Thread finished: Stress Exp 2 Config3 1-8
2026-09-10 17:09:33,109 INFO o.a.j.t.JMeterThread: Thread finished: Stress Exp 2 Config3 1-88
2026-09-10 17:09:33,109 INFO o.a.j.t.JMeterThread: Stopping because end time detected by thread: Stress Exp 2 Config3 1-128
2026-09-10 17:09:33,109 INFO o.a.j.t.JMeterThread: Thread finished: Stress Exp 2 Config3 1-128
2026-09-10 17:09:33,109 INFO o.a.j.t.JMeterThread: Stopping because end time detected by thread: Stress Exp 2 Config3 1-60
2026-09-10 17:09:33,109 INFO o.a.j.t.JMeterThread: Thread finished: Stress Exp 2 Config3 1-60
2026-09-10 17:09:33,109 INFO o.a.j.t.JMeterThread: Stopping because end time detected by thread: Stress Exp 2 Config3 1-10
2026-09-10 17:09:33,109 INFO o.a.j.t.JMeterThread: Stopping because end time detected by thread: Stress Exp 2 Config3 1-158
2026-09-10 17:09:33,109 INFO o.a.j.t.JMeterThread: Thread finished: Stress Exp 2 Config3 1-158
2026-09-10 17:09:33,109 INFO o.a.j.t.JMeterThread: Stopping because end time detected by thread: Stress Exp 2 Config3 1-299
2026-09-10 17:09:33,110 INFO o.a.j.t.JMeterThread: Thread finished: Stress Exp 2 Config3 1-299
2026-09-10 17:09:33,110 INFO o.a.j.t.JMeterThread: Stopping because end time detected by thread: Stress Exp 2 Config3 1-250
2026-09-10 17:09:33,110 INFO o.a.j.t.JMeterThread: Stopping because end time detected by thread: Stress Exp 2 Config3 1-64
2026-09-10 17:09:33,110 INFO o.a.j.t.JMeterThread: Stopping because end time detected by thread: Stress Exp 2 Config3 1-260
2026-09-10 17:09:33,110 INFO o.a.j.t.JMeterThread: Thread finished: Stress Exp 2 Config3 1-260
2026-09-10 17:09:33,110 INFO o.a.j.t.JMeterThread: Stopping because end time detected by thread: Stress Exp 2 Config3 1-170
2026-09-10 17:09:33,110 INFO o.a.j.t.JMeterThread: Thread finished: Stress Exp 2 Config3 1-170
2026-09-10 17:09:33,110 INFO o.a.j.t.JMeterThread: Stopping because end time detected by thread: Stress Exp 2 Config3 1-146
2026-09-10 17:09:33,111 INFO o.a.j.t.JMeterThread: Thread finished: Stress Exp 2 Config3 1-146
2026-09-10 17:09:33,111 INFO o.a.j.t.JMeterThread: Stopping because end time detected by thread: Stress Exp 2 Config3 1-215
2026-09-10 17:09:33,111 INFO o.a.j.t.JMeterThread: Stopping because end time detected by thread: Stress Exp 2 Config3 1-199
2026-09-10 17:09:33,111 INFO o.a.j.t.JMeterThread: Stopping because end time detected by thread: Stress Exp 2 Config3 1-79
2026-09-10 17:09:33,111 INFO o.a.j.t.JMeterThread: Thread finished: Stress Exp 2 Config3 1-199
2026-09-10 17:09:33,111 INFO o.a.j.t.JMeterThread: Thread finished: Stress Exp 2 Config3 1-79
2026-09-10 17:09:33,111 INFO o.a.j.t.JMeterThread: Thread finished: Stress Exp 2 Config3 1-250
2026-09-10 17:09:33,111 INFO o.a.j.t.JMeterThread: Stopping because end time detected by thread: Stress Exp 2 Config3 1-235
2026-09-10 17:09:33,111 INFO o.a.j.t.JMeterThread: Thread finished: Stress Exp 2 Config3 1-235
2026-09-10 17:09:33,111 INFO o.a.j.t.JMeterThread: Stopping because end time detected by thread: Stress Exp 2 Config3 1-220
2026-09-10 17:09:33,112 INFO o.a.j.t.JMeterThread: Thread finished: Stress Exp 2 Config3 1-220
2026-09-10 17:09:33,107 INFO o.a.j.t.JMeterThread: Stopping because end time detected by thread: Stress Exp 2 Config3 1-193
2026-09-10 17:09:33,112 INFO o.a.j.t.JMeterThread: Stopping because end time detected by thread: Stress Exp 2 Config3 1-156
2026-09-10 17:09:33,112 INFO o.a.j.t.JMeterThread: Thread finished: Stress Exp 2 Config3 1-156
2026-09-10 17:09:33,112 INFO o.a.j.t.JMeterThread: Stopping because end time detected by thread: Stress Exp 2 Config3 1-50
2026-09-10 17:09:33,112 INFO o.a.j.t.JMeterThread: Thread finished: Stress Exp 2 Config3 1-50
2026-09-10 17:09:33,112 INFO o.a.j.t.JMeterThread: Stopping because end time detected by thread: Stress Exp 2 Config3 1-286
2026-09-10 17:09:33,112 INFO o.a.j.t.JMeterThread: Thread finished: Stress Exp 2 Config3 1-286
2026-09-10 17:09:33,112 INFO o.a.j.t.JMeterThread: Stopping because end time detected by thread: Stress Exp 2 Config3 1-267
2026-09-10 17:09:33,113 INFO o.a.j.t.JMeterThread: Thread finished: Stress Exp 2 Config3 1-267
2026-09-10 17:09:33,113 INFO o.a.j.t.JMeterThread: Thread finished: Stress Exp 2 Config3 1-275
2026-09-10 17:09:33,113 INFO o.a.j.t.JMeterThread: Stopping because end time detected by thread: Stress Exp 2 Config3 1-218
2026-09-10 17:09:33,113 INFO o.a.j.t.JMeterThread: Thread finished: Stress Exp 2 Config3 1-218
2026-09-10 17:09:33,113 INFO o.a.j.t.JMeterThread: Stopping because end time detected by thread: Stress Exp 2 Config3 1-53
2026-09-10 17:09:33,114 INFO o.a.j.t.JMeterThread: Thread finished: Stress Exp 2 Config3 1-53
2026-09-10 17:09:33,114 INFO o.a.j.t.JMeterThread: Stopping because end time detected by thread: Stress Exp 2 Config3 1-298
2026-09-10 17:09:33,114 INFO o.a.j.t.JMeterThread: Stopping because end time detected by thread: Stress Exp 2 Config3 1-277
2026-09-10 17:09:33,115 INFO o.a.j.t.JMeterThread: Thread finished: Stress Exp 2 Config3 1-277
2026-09-10 17:09:33,115 INFO o.a.j.t.JMeterThread: Stopping because end time detected by thread: Stress Exp 2 Config3 1-34
2026-09-10 17:09:33,115 INFO o.a.j.t.JMeterThread: Stopping because end time detected by thread: Stress Exp 2 Config3 1-82
2026-09-10 17:09:33,115 INFO o.a.j.t.JMeterThread: Thread finished: Stress Exp 2 Config3 1-82
2026-09-10 17:09:33,115 INFO o.a.j.t.JMeterThread: Stopping because end time detected by thread: Stress Exp 2 Config3 1-204
2026-09-10 17:09:33,115 INFO o.a.j.t.JMeterThread: Stopping because end time detected by thread: Stress Exp 2 Config3 1-279
2026-09-10 17:09:33,115 INFO o.a.j.t.JMeterThread: Thread finished: Stress Exp 2 Config3 1-279
2026-09-10 17:09:33,107 INFO o.a.j.t.JMeterThread: Thread finished: Stress Exp 2 Config3 1-242
2026-09-10 17:09:33,108 INFO o.a.j.t.JMeterThread: Stopping because end time detected by thread: Stress Exp 2 Config3 1-255
2026-09-10 17:09:33,116 INFO o.a.j.t.JMeterThread: Thread finished: Stress Exp 2 Config3 1-255
2026-09-10 17:09:33,109 INFO o.a.j.t.JMeterThread: Stopping because end time detected by thread: Stress Exp 2 Config3 1-66
2026-09-10 17:09:33,116 INFO o.a.j.t.JMeterThread: Stopping because end time detected by thread: Stress Exp 2 Config3 1-182
2026-09-10 17:09:33,116 INFO o.a.j.t.JMeterThread: Thread finished: Stress Exp 2 Config3 1-182
2026-09-10 17:09:33,117 INFO o.a.j.t.JMeterThread: Stopping because end time detected by thread: Stress Exp 2 Config3 1-26
2026-09-10 17:09:33,117 INFO o.a.j.t.JMeterThread: Thread finished: Stress Exp 2 Config3 1-26
2026-09-10 17:09:33,117 INFO o.a.j.t.JMeterThread: Stopping because end time detected by thread: Stress Exp 2 Config3 1-266
2026-09-10 17:09:33,117 INFO o.a.j.t.JMeterThread: Thread finished: Stress Exp 2 Config3 1-266
2026-09-10 17:09:33,117 INFO o.a.j.t.JMeterThread: Stopping because end time detected by thread: Stress Exp 2 Config3 1-227
2026-09-10 17:09:33,117 INFO o.a.j.t.JMeterThread: Thread finished: Stress Exp 2 Config3 1-227
2026-09-10 17:09:33,109 INFO o.a.j.t.JMeterThread: Stopping because end time detected by thread: Stress Exp 2 Config3 1-49
2026-09-10 17:09:33,117 INFO o.a.j.t.JMeterThread: Thread finished: Stress Exp 2 Config3 1-49
2026-09-10 17:09:33,109 INFO o.a.j.t.JMeterThread: Thread finished: Stress Exp 2 Config3 1-10
2026-09-10 17:09:33,118 INFO o.a.j.t.JMeterThread: Stopping because end time detected by thread: Stress Exp 2 Config3 1-166
2026-09-10 17:09:33,118 INFO o.a.j.t.JMeterThread: Thread finished: Stress Exp 2 Config3 1-166
2026-09-10 17:09:33,119 INFO o.a.j.t.JMeterThread: Stopping because end time detected by thread: Stress Exp 2 Config3 1-76
2026-09-10 17:09:33,119 INFO o.a.j.t.JMeterThread: Thread finished: Stress Exp 2 Config3 1-76
2026-09-10 17:09:33,110 INFO o.a.j.t.JMeterThread: Thread finished: Stress Exp 2 Config3 1-64
2026-09-10 17:09:33,110 INFO o.a.j.t.JMeterThread: Stopping because end time detected by thread: Stress Exp 2 Config3 1-90
2026-09-10 17:09:33,119 INFO o.a.j.t.JMeterThread: Thread finished: Stress Exp 2 Config3 1-90
2026-09-10 17:09:33,111 INFO o.a.j.t.JMeterThread: Thread finished: Stress Exp 2 Config3 1-215
2026-09-10 17:09:33,120 INFO o.a.j.t.JMeterThread: Stopping because end time detected by thread: Stress Exp 2 Config3 1-248
2026-09-10 17:09:33,120 INFO o.a.j.t.JMeterThread: Thread finished: Stress Exp 2 Config3 1-248
2026-09-10 17:09:33,120 INFO o.a.j.t.JMeterThread: Thread finished: Stress Exp 2 Config3 1-193
2026-09-10 17:09:33,120 INFO o.a.j.t.JMeterThread: Stopping because end time detected by thread: Stress Exp 2 Config3 1-212
2026-09-10 17:09:33,114 INFO o.a.j.t.JMeterThread: Thread finished: Stress Exp 2 Config3 1-298
2026-09-10 17:09:33,114 INFO o.a.j.t.JMeterThread: Stopping because end time detected by thread: Stress Exp 2 Config3 1-1
2026-09-10 17:09:33,121 INFO o.a.j.t.JMeterThread: Stopping because end time detected by thread: Stress Exp 2 Config3 1-194
2026-09-10 17:09:33,121 INFO o.a.j.t.JMeterThread: Thread finished: Stress Exp 2 Config3 1-1
2026-09-10 17:09:33,121 INFO o.a.j.t.JMeterThread: Thread finished: Stress Exp 2 Config3 1-194
2026-09-10 17:09:33,121 INFO o.a.j.t.JMeterThread: Stopping because end time detected by thread: Stress Exp 2 Config3 1-154
2026-09-10 17:09:33,121 INFO o.a.j.t.JMeterThread: Thread finished: Stress Exp 2 Config3 1-154
2026-09-10 17:09:33,115 INFO o.a.j.t.JMeterThread: Thread finished: Stress Exp 2 Config3 1-34
2026-09-10 17:09:33,115 INFO o.a.j.t.JMeterThread: Thread finished: Stress Exp 2 Config3 1-204
2026-09-10 17:09:33,122 INFO o.a.j.t.JMeterThread: Stopping because end time detected by thread: Stress Exp 2 Config3 1-169
2026-09-10 17:09:33,122 INFO o.a.j.t.JMeterThread: Thread finished: Stress Exp 2 Config3 1-169
2026-09-10 17:09:33,122 INFO o.a.j.t.JMeterThread: Stopping because end time detected by thread: Stress Exp 2 Config3 1-148
2026-09-10 17:09:33,122 INFO o.a.j.t.JMeterThread: Thread finished: Stress Exp 2 Config3 1-148
2026-09-10 17:09:33,122 INFO o.a.j.t.JMeterThread: Stopping because end time detected by thread: Stress Exp 2 Config3 1-209
2026-09-10 17:09:33,116 INFO o.a.j.t.JMeterThread: Thread finished: Stress Exp 2 Config3 1-66
2026-09-10 17:09:33,122 INFO o.a.j.t.JMeterThread: Stopping because end time detected by thread: Stress Exp 2 Config3 1-42
2026-09-10 17:09:33,120 INFO o.a.j.t.JMeterThread: Stopping because end time detected by thread: Stress Exp 2 Config3 1-293
2026-09-10 17:09:33,121 INFO o.a.j.t.JMeterThread: Thread finished: Stress Exp 2 Config3 1-212
2026-09-10 17:09:33,121 INFO o.a.j.t.JMeterThread: Stopping because end time detected by thread: Stress Exp 2 Config3 1-179
2026-09-10 17:09:33,122 INFO o.a.j.t.JMeterThread: Stopping because end time detected by thread: Stress Exp 2 Config3 1-75
2026-09-10 17:09:33,122 INFO o.a.j.t.JMeterThread: Stopping because end time detected by thread: Stress Exp 2 Config3 1-300
2026-09-10 17:09:33,122 INFO o.a.j.t.JMeterThread: Thread finished: Stress Exp 2 Config3 1-209
2026-09-10 17:09:33,122 INFO o.a.j.t.JMeterThread: Thread finished: Stress Exp 2 Config3 1-42
2026-09-10 17:09:33,123 INFO o.a.j.t.JMeterThread: Thread finished: Stress Exp 2 Config3 1-293
2026-09-10 17:09:33,123 INFO o.a.j.t.JMeterThread: Thread finished: Stress Exp 2 Config3 1-179
2026-09-10 17:09:33,123 INFO o.a.j.t.JMeterThread: Thread finished: Stress Exp 2 Config3 1-75
2026-09-10 17:09:33,123 INFO o.a.j.t.JMeterThread: Thread finished: Stress Exp 2 Config3 1-300
2026-09-10 17:09:37,330 INFO o.a.j.t.JMeterThread: Stopping because end time detected by thread: Stress Exp 2 Config3 1-99
2026-09-10 17:09:37,330 INFO o.a.j.t.JMeterThread: Thread finished: Stress Exp 2 Config3 1-99
2026-09-10 17:09:37,331 INFO o.a.j.t.JMeterThread: Stopping because end time detected by thread: Stress Exp 2 Config3 1-103
2026-09-10 17:09:37,331 INFO o.a.j.t.JMeterThread: Thread finished: Stress Exp 2 Config3 1-103
2026-09-10 17:09:37,332 INFO o.a.j.t.JMeterThread: Stopping because end time detected by thread: Stress Exp 2 Config3 1-167
2026-09-10 17:09:37,333 INFO o.a.j.t.JMeterThread: Thread finished: Stress Exp 2 Config3 1-167
2026-09-10 17:09:37,333 INFO o.a.j.t.JMeterThread: Stopping because end time detected by thread: Stress Exp 2 Config3 1-57
2026-09-10 17:09:37,333 INFO o.a.j.t.JMeterThread: Stopping because end time detected by thread: Stress Exp 2 Config3 1-245
2026-09-10 17:09:37,333 INFO o.a.j.t.JMeterThread: Stopping because end time detected by thread: Stress Exp 2 Config3 1-247
2026-09-10 17:09:37,333 INFO o.a.j.t.JMeterThread: Thread finished: Stress Exp 2 Config3 1-57
2026-09-10 17:09:37,333 INFO o.a.j.t.JMeterThread: Thread finished: Stress Exp 2 Config3 1-245
2026-09-10 17:09:37,333 INFO o.a.j.t.JMeterThread: Stopping because end time detected by thread: Stress Exp 2 Config3 1-256
2026-09-10 17:09:37,333 INFO o.a.j.t.JMeterThread: Thread finished: Stress Exp 2 Config3 1-256
2026-09-10 17:09:37,333 INFO o.a.j.t.JMeterThread: Thread finished: Stress Exp 2 Config3 1-247
2026-09-10 17:09:37,334 INFO o.a.j.t.JMeterThread: Stopping because end time detected by thread: Stress Exp 2 Config3 1-81
2026-09-10 17:09:37,334 INFO o.a.j.t.JMeterThread: Thread finished: Stress Exp 2 Config3 1-81
2026-09-10 17:09:37,334 INFO o.a.j.t.JMeterThread: Stopping because end time detected by thread: Stress Exp 2 Config3 1-155
2026-09-10 17:09:37,334 INFO o.a.j.t.JMeterThread: Thread finished: Stress Exp 2 Config3 1-155
2026-09-10 17:09:37,334 INFO o.a.j.t.JMeterThread: Stopping because end time detected by thread: Stress Exp 2 Config3 1-289
2026-09-10 17:09:37,334 INFO o.a.j.t.JMeterThread: Thread finished: Stress Exp 2 Config3 1-289
2026-09-10 17:09:37,335 INFO o.a.j.t.JMeterThread: Stopping because end time detected by thread: Stress Exp 2 Config3 1-125
2026-09-10 17:09:37,335 INFO o.a.j.t.JMeterThread: Thread finished: Stress Exp 2 Config3 1-125
2026-09-10 17:09:37,334 INFO o.a.j.t.JMeterThread: Stopping because end time detected by thread: Stress Exp 2 Config3 1-163
2026-09-10 17:09:37,335 INFO o.a.j.t.JMeterThread: Stopping because end time detected by thread: Stress Exp 2 Config3 1-111
2026-09-10 17:09:37,335 INFO o.a.j.t.JMeterThread: Thread finished: Stress Exp 2 Config3 1-163
2026-09-10 17:09:37,335 INFO o.a.j.t.JMeterThread: Thread finished: Stress Exp 2 Config3 1-111
2026-09-10 17:09:37,336 INFO o.a.j.t.JMeterThread: Stopping because end time detected by thread: Stress Exp 2 Config3 1-110
2026-09-10 17:09:37,336 INFO o.a.j.t.JMeterThread: Thread finished: Stress Exp 2 Config3 1-110
2026-09-10 17:09:37,336 INFO o.a.j.t.JMeterThread: Stopping because end time detected by thread: Stress Exp 2 Config3 1-78
2026-09-10 17:09:37,336 INFO o.a.j.t.JMeterThread: Thread finished: Stress Exp 2 Config3 1-78
2026-09-10 17:09:37,336 INFO o.a.j.t.JMeterThread: Stopping because end time detected by thread: Stress Exp 2 Config3 1-109
2026-09-10 17:09:37,336 INFO o.a.j.t.JMeterThread: Stopping because end time detected by thread: Stress Exp 2 Config3 1-14
2026-09-10 17:09:37,336 INFO o.a.j.t.JMeterThread: Stopping because end time detected by thread: Stress Exp 2 Config3 1-104
2026-09-10 17:09:37,336 INFO o.a.j.t.JMeterThread: Thread finished: Stress Exp 2 Config3 1-14
2026-09-10 17:09:37,336 INFO o.a.j.t.JMeterThread: Thread finished: Stress Exp 2 Config3 1-109
2026-09-10 17:09:37,336 INFO o.a.j.t.JMeterThread: Thread finished: Stress Exp 2 Config3 1-104
2026-09-10 17:09:37,336 INFO o.a.j.t.JMeterThread: Stopping because end time detected by thread: Stress Exp 2 Config3 1-294
2026-09-10 17:09:37,336 INFO o.a.j.t.JMeterThread: Thread finished: Stress Exp 2 Config3 1-294
2026-09-10 17:09:37,337 INFO o.a.j.t.JMeterThread: Stopping because end time detected by thread: Stress Exp 2 Config3 1-291
2026-09-10 17:09:37,337 INFO o.a.j.t.JMeterThread: Thread finished: Stress Exp 2 Config3 1-291
2026-09-10 17:09:37,337 INFO o.a.j.t.JMeterThread: Stopping because end time detected by thread: Stress Exp 2 Config3 1-36
2026-09-10 17:09:37,337 INFO o.a.j.t.JMeterThread: Thread finished: Stress Exp 2 Config3 1-36
2026-09-10 17:09:37,338 INFO o.a.j.t.JMeterThread: Stopping because end time detected by thread: Stress Exp 2 Config3 1-114
2026-09-10 17:09:37,338 INFO o.a.j.t.JMeterThread: Stopping because end time detected by thread: Stress Exp 2 Config3 1-12
2026-09-10 17:09:37,338 INFO o.a.j.t.JMeterThread: Thread finished: Stress Exp 2 Config3 1-114
2026-09-10 17:09:37,338 INFO o.a.j.t.JMeterThread: Stopping because end time detected by thread: Stress Exp 2 Config3 1-219
2026-09-10 17:09:37,338 INFO o.a.j.t.JMeterThread: Thread finished: Stress Exp 2 Config3 1-12
2026-09-10 17:09:37,338 INFO o.a.j.t.JMeterThread: Stopping because end time detected by thread: Stress Exp 2 Config3 1-284
2026-09-10 17:09:37,338 INFO o.a.j.t.JMeterThread: Thread finished: Stress Exp 2 Config3 1-284
2026-09-10 17:09:37,338 INFO o.a.j.t.JMeterThread: Thread finished: Stress Exp 2 Config3 1-219
2026-09-10 17:09:37,339 INFO o.a.j.t.JMeterThread: Stopping because end time detected by thread: Stress Exp 2 Config3 1-112
2026-09-10 17:09:37,339 INFO o.a.j.t.JMeterThread: Thread finished: Stress Exp 2 Config3 1-112
2026-09-10 17:09:37,341 INFO o.a.j.t.JMeterThread: Stopping because end time detected by thread: Stress Exp 2 Config3 1-254
2026-09-10 17:09:37,341 INFO o.a.j.t.JMeterThread: Thread finished: Stress Exp 2 Config3 1-254
2026-09-10 17:09:37,341 INFO o.a.j.t.JMeterThread: Stopping because end time detected by thread: Stress Exp 2 Config3 1-96
2026-09-10 17:09:37,341 INFO o.a.j.t.JMeterThread: Stopping because end time detected by thread: Stress Exp 2 Config3 1-164
2026-09-10 17:09:37,341 INFO o.a.j.t.JMeterThread: Stopping because end time detected by thread: Stress Exp 2 Config3 1-37
2026-09-10 17:09:37,341 INFO o.a.j.t.JMeterThread: Thread finished: Stress Exp 2 Config3 1-164
2026-09-10 17:09:37,341 INFO o.a.j.t.JMeterThread: Thread finished: Stress Exp 2 Config3 1-96
2026-09-10 17:09:37,341 INFO o.a.j.t.JMeterThread: Thread finished: Stress Exp 2 Config3 1-37
2026-09-10 17:09:37,341 INFO o.a.j.t.JMeterThread: Stopping because end time detected by thread: Stress Exp 2 Config3 1-222
2026-09-10 17:09:37,342 INFO o.a.j.t.JMeterThread: Stopping because end time detected by thread: Stress Exp 2 Config3 1-105
2026-09-10 17:09:37,342 INFO o.a.j.t.JMeterThread: Thread finished: Stress Exp 2 Config3 1-222
2026-09-10 17:09:37,342 INFO o.a.j.t.JMeterThread: Thread finished: Stress Exp 2 Config3 1-105
2026-09-10 17:09:37,343 INFO o.a.j.t.JMeterThread: Stopping because end time detected by thread: Stress Exp 2 Config3 1-4
2026-09-10 17:09:37,343 INFO o.a.j.t.JMeterThread: Thread finished: Stress Exp 2 Config3 1-4
2026-09-10 17:09:37,343 INFO o.a.j.t.JMeterThread: Stopping because end time detected by thread: Stress Exp 2 Config3 1-207
2026-09-10 17:09:37,343 INFO o.a.j.t.JMeterThread: Stopping because end time detected by thread: Stress Exp 2 Config3 1-106
2026-09-10 17:09:37,343 INFO o.a.j.t.JMeterThread: Thread finished: Stress Exp 2 Config3 1-207
2026-09-10 17:09:37,344 INFO o.a.j.t.JMeterThread: Thread finished: Stress Exp 2 Config3 1-106
2026-09-10 17:09:37,344 INFO o.a.j.t.JMeterThread: Stopping because end time detected by thread: Stress Exp 2 Config3 1-276
2026-09-10 17:09:37,344 INFO o.a.j.t.JMeterThread: Thread finished: Stress Exp 2 Config3 1-276
2026-09-10 17:09:37,344 INFO o.a.j.t.JMeterThread: Stopping because end time detected by thread: Stress Exp 2 Config3 1-252
2026-09-10 17:09:37,344 INFO o.a.j.t.JMeterThread: Thread finished: Stress Exp 2 Config3 1-252
2026-09-10 17:09:37,344 INFO o.a.j.t.JMeterThread: Stopping because end time detected by thread: Stress Exp 2 Config3 1-274
2026-09-10 17:09:37,344 INFO o.a.j.t.JMeterThread: Thread finished: Stress Exp 2 Config3 1-274
2026-09-10 17:09:37,345 INFO o.a.j.t.JMeterThread: Stopping because end time detected by thread: Stress Exp 2 Config3 1-264
2026-09-10 17:09:37,345 INFO o.a.j.t.JMeterThread: Thread finished: Stress Exp 2 Config3 1-264
2026-09-10 17:09:37,345 INFO o.a.j.t.JMeterThread: Stopping because end time detected by thread: Stress Exp 2 Config3 1-15
2026-09-10 17:09:37,345 INFO o.a.j.t.JMeterThread: Thread finished: Stress Exp 2 Config3 1-15
2026-09-10 17:09:37,345 INFO o.a.j.t.JMeterThread: Stopping because end time detected by thread: Stress Exp 2 Config3 1-5
2026-09-10 17:09:37,345 INFO o.a.j.t.JMeterThread: Thread finished: Stress Exp 2 Config3 1-5
2026-09-10 17:09:37,347 INFO o.a.j.t.JMeterThread: Stopping because end time detected by thread: Stress Exp 2 Config3 1-20
2026-09-10 17:09:37,347 INFO o.a.j.t.JMeterThread: Thread finished: Stress Exp 2 Config3 1-20
2026-09-10 17:09:37,347 INFO o.a.j.t.JMeterThread: Stopping because end time detected by thread: Stress Exp 2 Config3 1-85
2026-09-10 17:09:37,347 INFO o.a.j.t.JMeterThread: Stopping because end time detected by thread: Stress Exp 2 Config3 1-150
2026-09-10 17:09:37,347 INFO o.a.j.t.JMeterThread: Thread finished: Stress Exp 2 Config3 1-85
2026-09-10 17:09:37,347 INFO o.a.j.t.JMeterThread: Thread finished: Stress Exp 2 Config3 1-150
2026-09-10 17:09:37,347 INFO o.a.j.t.JMeterThread: Stopping because end time detected by thread: Stress Exp 2 Config3 1-153
2026-09-10 17:09:37,347 INFO o.a.j.t.JMeterThread: Thread finished: Stress Exp 2 Config3 1-153
2026-09-10 17:09:37,347 INFO o.a.j.t.JMeterThread: Stopping because end time detected by thread: Stress Exp 2 Config3 1-52
2026-09-10 17:09:37,347 INFO o.a.j.t.JMeterThread: Thread finished: Stress Exp 2 Config3 1-52
2026-09-10 17:09:37,348 INFO o.a.j.t.JMeterThread: Stopping because end time detected by thread: Stress Exp 2 Config3 1-240
2026-09-10 17:09:37,348 INFO o.a.j.t.JMeterThread: Thread finished: Stress Exp 2 Config3 1-240
2026-09-10 17:09:37,349 INFO o.a.j.t.JMeterThread: Stopping because end time detected by thread: Stress Exp 2 Config3 1-86
2026-09-10 17:09:37,349 INFO o.a.j.t.JMeterThread: Stopping because end time detected by thread: Stress Exp 2 Config3 1-32
2026-09-10 17:09:37,349 INFO o.a.j.t.JMeterThread: Thread finished: Stress Exp 2 Config3 1-86
2026-09-10 17:09:37,349 INFO o.a.j.t.JMeterThread: Thread finished: Stress Exp 2 Config3 1-32
2026-09-10 17:09:37,349 INFO o.a.j.t.JMeterThread: Stopping because end time detected by thread: Stress Exp 2 Config3 1-21
2026-09-10 17:09:37,349 INFO o.a.j.t.JMeterThread: Thread finished: Stress Exp 2 Config3 1-21
2026-09-10 17:09:37,349 INFO o.a.j.t.JMeterThread: Stopping because end time detected by thread: Stress Exp 2 Config3 1-200
2026-09-10 17:09:37,349 INFO o.a.j.t.JMeterThread: Thread finished: Stress Exp 2 Config3 1-200
2026-09-10 17:09:37,350 INFO o.a.j.t.JMeterThread: Stopping because end time detected by thread: Stress Exp 2 Config3 1-244
2026-09-10 17:09:37,350 INFO o.a.j.t.JMeterThread: Thread finished: Stress Exp 2 Config3 1-244
2026-09-10 17:09:37,350 INFO o.a.j.t.JMeterThread: Stopping because end time detected by thread: Stress Exp 2 Config3 1-74
2026-09-10 17:09:37,351 INFO o.a.j.t.JMeterThread: Thread finished: Stress Exp 2 Config3 1-74
2026-09-10 17:09:37,351 INFO o.a.j.t.JMeterThread: Stopping because end time detected by thread: Stress Exp 2 Config3 1-65
2026-09-10 17:09:37,351 INFO o.a.j.t.JMeterThread: Thread finished: Stress Exp 2 Config3 1-65
2026-09-10 17:09:37,351 INFO o.a.j.t.JMeterThread: Stopping because end time detected by thread: Stress Exp 2 Config3 1-184
2026-09-10 17:09:37,351 INFO o.a.j.t.JMeterThread: Stopping because end time detected by thread: Stress Exp 2 Config3 1-157
2026-09-10 17:09:37,351 INFO o.a.j.t.JMeterThread: Thread finished: Stress Exp 2 Config3 1-184
2026-09-10 17:09:37,351 INFO o.a.j.t.JMeterThread: Thread finished: Stress Exp 2 Config3 1-157
2026-09-10 17:09:37,351 INFO o.a.j.t.JMeterThread: Stopping because end time detected by thread: Stress Exp 2 Config3 1-98
2026-09-10 17:09:37,351 INFO o.a.j.t.JMeterThread: Thread finished: Stress Exp 2 Config3 1-98
2026-09-10 17:09:37,351 INFO o.a.j.t.JMeterThread: Stopping because end time detected by thread: Stress Exp 2 Config3 1-290
2026-09-10 17:09:37,352 INFO o.a.j.t.JMeterThread: Thread finished: Stress Exp 2 Config3 1-290
2026-09-10 17:09:37,352 INFO o.a.j.t.JMeterThread: Stopping because end time detected by thread: Stress Exp 2 Config3 1-68
2026-09-10 17:09:37,352 INFO o.a.j.t.JMeterThread: Thread finished: Stress Exp 2 Config3 1-68
2026-09-10 17:09:37,352 INFO o.a.j.t.JMeterThread: Stopping because end time detected by thread: Stress Exp 2 Config3 1-16
2026-09-10 17:09:37,352 INFO o.a.j.t.JMeterThread: Thread finished: Stress Exp 2 Config3 1-16
2026-09-10 17:09:37,352 INFO o.a.j.t.JMeterThread: Stopping because end time detected by thread: Stress Exp 2 Config3 1-70
2026-09-10 17:09:37,353 INFO o.a.j.t.JMeterThread: Stopping because end time detected by thread: Stress Exp 2 Config3 1-129
2026-09-10 17:09:37,353 INFO o.a.j.t.JMeterThread: Thread finished: Stress Exp 2 Config3 1-70
2026-09-10 17:09:37,353 INFO o.a.j.t.JMeterThread: Thread finished: Stress Exp 2 Config3 1-129
2026-09-10 17:09:37,353 INFO o.a.j.t.JMeterThread: Stopping because end time detected by thread: Stress Exp 2 Config3 1-253
2026-09-10 17:09:37,353 INFO o.a.j.t.JMeterThread: Stopping because end time detected by thread: Stress Exp 2 Config3 1-39
2026-09-10 17:09:37,353 INFO o.a.j.t.JMeterThread: Stopping because end time detected by thread: Stress Exp 2 Config3 1-288
2026-09-10 17:09:37,353 INFO o.a.j.t.JMeterThread: Stopping because end time detected by thread: Stress Exp 2 Config3 1-43
2026-09-10 17:09:37,353 INFO o.a.j.t.JMeterThread: Thread finished: Stress Exp 2 Config3 1-43
2026-09-10 17:09:37,353 INFO o.a.j.t.JMeterThread: Stopping because end time detected by thread: Stress Exp 2 Config3 1-62
2026-09-10 17:09:37,354 INFO o.a.j.t.JMeterThread: Thread finished: Stress Exp 2 Config3 1-62
2026-09-10 17:09:37,353 INFO o.a.j.t.JMeterThread: Thread finished: Stress Exp 2 Config3 1-253
2026-09-10 17:09:37,353 INFO o.a.j.t.JMeterThread: Thread finished: Stress Exp 2 Config3 1-39
2026-09-10 17:09:37,353 INFO o.a.j.t.JMeterThread: Thread finished: Stress Exp 2 Config3 1-288
2026-09-10 17:09:37,354 INFO o.a.j.t.JMeterThread: Stopping because end time detected by thread: Stress Exp 2 Config3 1-123
2026-09-10 17:09:37,354 INFO o.a.j.t.JMeterThread: Stopping because end time detected by thread: Stress Exp 2 Config3 1-280
2026-09-10 17:09:37,354 INFO o.a.j.t.JMeterThread: Thread finished: Stress Exp 2 Config3 1-123
2026-09-10 17:09:37,354 INFO o.a.j.t.JMeterThread: Stopping because end time detected by thread: Stress Exp 2 Config3 1-7
2026-09-10 17:09:37,355 INFO o.a.j.t.JMeterThread: Stopping because end time detected by thread: Stress Exp 2 Config3 1-27
2026-09-10 17:09:37,355 INFO o.a.j.t.JMeterThread: Thread finished: Stress Exp 2 Config3 1-27
2026-09-10 17:09:37,355 INFO o.a.j.t.JMeterThread: Thread finished: Stress Exp 2 Config3 1-7
2026-09-10 17:09:37,355 INFO o.a.j.t.JMeterThread: Thread finished: Stress Exp 2 Config3 1-280
2026-09-10 17:09:37,355 INFO o.a.j.t.JMeterThread: Stopping because end time detected by thread: Stress Exp 2 Config3 1-271
2026-09-10 17:09:37,355 INFO o.a.j.t.JMeterThread: Thread finished: Stress Exp 2 Config3 1-271
2026-09-10 17:09:37,359 INFO o.a.j.t.JMeterThread: Stopping because end time detected by thread: Stress Exp 2 Config3 1-25
2026-09-10 17:09:37,359 INFO o.a.j.t.JMeterThread: Stopping because end time detected by thread: Stress Exp 2 Config3 1-176
2026-09-10 17:09:37,359 INFO o.a.j.t.JMeterThread: Thread finished: Stress Exp 2 Config3 1-176
2026-09-10 17:09:37,359 INFO o.a.j.t.JMeterThread: Thread finished: Stress Exp 2 Config3 1-25
2026-09-10 17:09:37,359 INFO o.a.j.t.JMeterThread: Stopping because end time detected by thread: Stress Exp 2 Config3 1-11
2026-09-10 17:09:37,359 INFO o.a.j.t.JMeterThread: Stopping because end time detected by thread: Stress Exp 2 Config3 1-211
2026-09-10 17:09:37,359 INFO o.a.j.t.JMeterThread: Thread finished: Stress Exp 2 Config3 1-11
2026-09-10 17:09:37,359 INFO o.a.j.t.JMeterThread: Thread finished: Stress Exp 2 Config3 1-211
2026-09-10 17:09:37,360 INFO o.a.j.t.JMeterThread: Stopping because end time detected by thread: Stress Exp 2 Config3 1-24
2026-09-10 17:09:37,360 INFO o.a.j.t.JMeterThread: Thread finished: Stress Exp 2 Config3 1-24
2026-09-10 17:09:37,361 INFO o.a.j.t.JMeterThread: Stopping because end time detected by thread: Stress Exp 2 Config3 1-130
2026-09-10 17:09:37,361 INFO o.a.j.t.JMeterThread: Thread finished: Stress Exp 2 Config3 1-130
2026-09-10 17:09:37,361 INFO o.a.j.t.JMeterThread: Stopping because end time detected by thread: Stress Exp 2 Config3 1-132
2026-09-10 17:09:37,361 INFO o.a.j.t.JMeterThread: Thread finished: Stress Exp 2 Config3 1-132
2026-09-10 17:09:37,361 INFO o.a.j.t.JMeterThread: Stopping because end time detected by thread: Stress Exp 2 Config3 1-17
2026-09-10 17:09:37,361 INFO o.a.j.t.JMeterThread: Thread finished: Stress Exp 2 Config3 1-17
2026-09-10 17:09:37,361 INFO o.a.j.t.JMeterThread: Stopping because end time detected by thread: Stress Exp 2 Config3 1-270
2026-09-10 17:09:37,361 INFO o.a.j.t.JMeterThread: Thread finished: Stress Exp 2 Config3 1-270
2026-09-10 17:09:37,361 INFO o.a.j.t.JMeterThread: Stopping because end time detected by thread: Stress Exp 2 Config3 1-257
2026-09-10 17:09:37,362 INFO o.a.j.t.JMeterThread: Thread finished: Stress Exp 2 Config3 1-257
2026-09-10 17:09:37,362 INFO o.a.j.t.JMeterThread: Stopping because end time detected by thread: Stress Exp 2 Config3 1-45
2026-09-10 17:09:37,362 INFO o.a.j.t.JMeterThread: Thread finished: Stress Exp 2 Config3 1-45
2026-09-10 17:09:37,363 INFO o.a.j.t.JMeterThread: Stopping because end time detected by thread: Stress Exp 2 Config3 1-192
2026-09-10 17:09:37,363 INFO o.a.j.t.JMeterThread: Thread finished: Stress Exp 2 Config3 1-192
2026-09-10 17:09:37,364 INFO o.a.j.t.JMeterThread: Stopping because end time detected by thread: Stress Exp 2 Config3 1-185
2026-09-10 17:09:37,364 INFO o.a.j.t.JMeterThread: Stopping because end time detected by thread: Stress Exp 2 Config3 1-160
2026-09-10 17:09:37,364 INFO o.a.j.t.JMeterThread: Thread finished: Stress Exp 2 Config3 1-185
2026-09-10 17:09:37,364 INFO o.a.j.t.JMeterThread: Stopping because end time detected by thread: Stress Exp 2 Config3 1-122
2026-09-10 17:09:37,364 INFO o.a.j.t.JMeterThread: Thread finished: Stress Exp 2 Config3 1-122
2026-09-10 17:09:37,364 INFO o.a.j.t.JMeterThread: Stopping because end time detected by thread: Stress Exp 2 Config3 1-208
2026-09-10 17:09:37,365 INFO o.a.j.t.JMeterThread: Thread finished: Stress Exp 2 Config3 1-208
2026-09-10 17:09:37,365 INFO o.a.j.t.JMeterThread: Stopping because end time detected by thread: Stress Exp 2 Config3 1-144
2026-09-10 17:09:37,365 INFO o.a.j.t.JMeterThread: Thread finished: Stress Exp 2 Config3 1-144
2026-09-10 17:09:37,364 INFO o.a.j.t.JMeterThread: Thread finished: Stress Exp 2 Config3 1-160
2026-09-10 17:09:37,365 INFO o.a.j.t.JMeterThread: Stopping because end time detected by thread: Stress Exp 2 Config3 1-238
2026-09-10 17:09:37,365 INFO o.a.j.t.JMeterThread: Stopping because end time detected by thread: Stress Exp 2 Config3 1-297
2026-09-10 17:09:37,365 INFO o.a.j.t.JMeterThread: Thread finished: Stress Exp 2 Config3 1-238
2026-09-10 17:09:37,365 INFO o.a.j.t.JMeterThread: Thread finished: Stress Exp 2 Config3 1-297
2026-09-10 17:09:37,366 INFO o.a.j.t.JMeterThread: Stopping because end time detected by thread: Stress Exp 2 Config3 1-71
2026-09-10 17:09:37,366 INFO o.a.j.t.JMeterThread: Thread finished: Stress Exp 2 Config3 1-71
2026-09-10 17:09:37,366 INFO o.a.j.t.JMeterThread: Stopping because end time detected by thread: Stress Exp 2 Config3 1-40
2026-09-10 17:09:37,366 INFO o.a.j.t.JMeterThread: Thread finished: Stress Exp 2 Config3 1-40
2026-09-10 17:09:37,366 INFO o.a.j.t.JMeterThread: Stopping because end time detected by thread: Stress Exp 2 Config3 1-195
2026-09-10 17:09:37,366 INFO o.a.j.t.JMeterThread: Thread finished: Stress Exp 2 Config3 1-195
2026-09-10 17:09:37,366 INFO o.a.j.t.JMeterThread: Stopping because end time detected by thread: Stress Exp 2 Config3 1-80
2026-09-10 17:09:37,367 INFO o.a.j.t.JMeterThread: Thread finished: Stress Exp 2 Config3 1-80
2026-09-10 17:09:37,367 INFO o.a.j.t.JMeterThread: Stopping because end time detected by thread: Stress Exp 2 Config3 1-206
2026-09-10 17:09:37,367 INFO o.a.j.t.JMeterThread: Thread finished: Stress Exp 2 Config3 1-206
2026-09-10 17:09:37,367 INFO o.a.j.t.JMeterThread: Stopping because end time detected by thread: Stress Exp 2 Config3 1-243
2026-09-10 17:09:37,367 INFO o.a.j.t.JMeterThread: Thread finished: Stress Exp 2 Config3 1-243
2026-09-10 17:09:37,368 INFO o.a.j.t.JMeterThread: Stopping because end time detected by thread: Stress Exp 2 Config3 1-18
2026-09-10 17:09:37,368 INFO o.a.j.t.JMeterThread: Thread finished: Stress Exp 2 Config3 1-18
2026-09-10 17:09:37,368 INFO o.a.j.t.JMeterThread: Stopping because end time detected by thread: Stress Exp 2 Config3 1-151
2026-09-10 17:09:37,368 INFO o.a.j.t.JMeterThread: Thread finished: Stress Exp 2 Config3 1-151
2026-09-10 17:09:37,368 INFO o.a.j.t.JMeterThread: Stopping because end time detected by thread: Stress Exp 2 Config3 1-33
2026-09-10 17:09:37,368 INFO o.a.j.t.JMeterThread: Stopping because end time detected by thread: Stress Exp 2 Config3 1-180
2026-09-10 17:09:37,368 INFO o.a.j.t.JMeterThread: Thread finished: Stress Exp 2 Config3 1-33
2026-09-10 17:09:37,369 INFO o.a.j.t.JMeterThread: Stopping because end time detected by thread: Stress Exp 2 Config3 1-51
2026-09-10 17:09:37,369 INFO o.a.j.t.JMeterThread: Thread finished: Stress Exp 2 Config3 1-180
2026-09-10 17:09:37,369 INFO o.a.j.t.JMeterThread: Stopping because end time detected by thread: Stress Exp 2 Config3 1-102
2026-09-10 17:09:37,369 INFO o.a.j.t.JMeterThread: Stopping because end time detected by thread: Stress Exp 2 Config3 1-97
2026-09-10 17:09:37,369 INFO o.a.j.t.JMeterThread: Thread finished: Stress Exp 2 Config3 1-102
2026-09-10 17:09:37,369 INFO o.a.j.t.JMeterThread: Thread finished: Stress Exp 2 Config3 1-97
2026-09-10 17:09:37,369 INFO o.a.j.t.JMeterThread: Stopping because end time detected by thread: Stress Exp 2 Config3 1-29
2026-09-10 17:09:37,369 INFO o.a.j.t.JMeterThread: Thread finished: Stress Exp 2 Config3 1-29
2026-09-10 17:09:37,370 INFO o.a.j.t.JMeterThread: Stopping because end time detected by thread: Stress Exp 2 Config3 1-56
2026-09-10 17:09:37,367 INFO o.a.j.t.JMeterThread: Stopping because end time detected by thread: Stress Exp 2 Config3 1-287
2026-09-10 17:09:37,370 INFO o.a.j.t.JMeterThread: Thread finished: Stress Exp 2 Config3 1-287
2026-09-10 17:09:37,369 INFO o.a.j.t.JMeterThread: Thread finished: Stress Exp 2 Config3 1-51
2026-09-10 17:09:37,370 INFO o.a.j.t.JMeterThread: Stopping because end time detected by thread: Stress Exp 2 Config3 1-281
2026-09-10 17:09:37,370 INFO o.a.j.t.JMeterThread: Thread finished: Stress Exp 2 Config3 1-281
2026-09-10 17:09:37,370 INFO o.a.j.t.JMeterThread: Stopping because end time detected by thread: Stress Exp 2 Config3 1-175
2026-09-10 17:09:37,370 INFO o.a.j.t.JMeterThread: Thread finished: Stress Exp 2 Config3 1-56
2026-09-10 17:09:37,371 INFO o.a.j.t.JMeterThread: Thread finished: Stress Exp 2 Config3 1-175
2026-09-10 17:09:37,371 INFO o.a.j.t.JMeterThread: Stopping because end time detected by thread: Stress Exp 2 Config3 1-217
2026-09-10 17:09:37,371 INFO o.a.j.t.JMeterThread: Stopping because end time detected by thread: Stress Exp 2 Config3 1-231
2026-09-10 17:09:37,371 INFO o.a.j.t.JMeterThread: Thread finished: Stress Exp 2 Config3 1-217
2026-09-10 17:09:37,371 INFO o.a.j.t.JMeterThread: Thread finished: Stress Exp 2 Config3 1-231
2026-09-10 17:09:37,372 INFO o.a.j.t.JMeterThread: Stopping because end time detected by thread: Stress Exp 2 Config3 1-30
2026-09-10 17:09:37,373 INFO o.a.j.t.JMeterThread: Thread finished: Stress Exp 2 Config3 1-30
2026-09-10 17:09:37,373 INFO o.a.j.t.JMeterThread: Stopping because end time detected by thread: Stress Exp 2 Config3 1-249
2026-09-10 17:09:37,373 INFO o.a.j.t.JMeterThread: Thread finished: Stress Exp 2 Config3 1-249
2026-09-10 17:09:37,373 INFO o.a.j.t.JMeterThread: Stopping because end time detected by thread: Stress Exp 2 Config3 1-47
2026-09-10 17:09:37,373 INFO o.a.j.t.JMeterThread: Stopping because end time detected by thread: Stress Exp 2 Config3 1-41
2026-09-10 17:09:37,373 INFO o.a.j.t.JMeterThread: Thread finished: Stress Exp 2 Config3 1-47
2026-09-10 17:09:37,373 INFO o.a.j.t.JMeterThread: Thread finished: Stress Exp 2 Config3 1-41
2026-09-10 17:09:37,373 INFO o.a.j.t.JMeterThread: Stopping because end time detected by thread: Stress Exp 2 Config3 1-61
2026-09-10 17:09:37,374 INFO o.a.j.t.JMeterThread: Stopping because end time detected by thread: Stress Exp 2 Config3 1-149
2026-09-10 17:09:37,374 INFO o.a.j.t.JMeterThread: Thread finished: Stress Exp 2 Config3 1-61
2026-09-10 17:09:37,374 INFO o.a.j.t.JMeterThread: Thread finished: Stress Exp 2 Config3 1-149
2026-09-10 17:09:37,375 INFO o.a.j.t.JMeterThread: Stopping because end time detected by thread: Stress Exp 2 Config3 1-230
2026-09-10 17:09:37,375 INFO o.a.j.t.JMeterThread: Stopping because end time detected by thread: Stress Exp 2 Config3 1-183
2026-09-10 17:09:37,375 INFO o.a.j.t.JMeterThread: Thread finished: Stress Exp 2 Config3 1-230
2026-09-10 17:09:37,375 INFO o.a.j.t.JMeterThread: Thread finished: Stress Exp 2 Config3 1-183
2026-09-10 17:09:37,375 INFO o.a.j.t.JMeterThread: Stopping because end time detected by thread: Stress Exp 2 Config3 1-46
2026-09-10 17:09:37,375 INFO o.a.j.t.JMeterThread: Thread finished: Stress Exp 2 Config3 1-46
2026-09-10 17:09:37,375 INFO o.a.j.t.JMeterThread: Stopping because end time detected by thread: Stress Exp 2 Config3 1-6
2026-09-10 17:09:37,376 INFO o.a.j.t.JMeterThread: Thread finished: Stress Exp 2 Config3 1-6
2026-09-10 17:09:37,376 INFO o.a.j.t.JMeterThread: Stopping because end time detected by thread: Stress Exp 2 Config3 1-196
2026-09-10 17:09:37,376 INFO o.a.j.t.JMeterThread: Thread finished: Stress Exp 2 Config3 1-196
2026-09-10 17:09:37,376 INFO o.a.j.t.JMeterThread: Stopping because end time detected by thread: Stress Exp 2 Config3 1-73
2026-09-10 17:09:37,376 INFO o.a.j.t.JMeterThread: Thread finished: Stress Exp 2 Config3 1-73
2026-09-10 17:09:37,377 INFO o.a.j.t.JMeterThread: Stopping because end time detected by thread: Stress Exp 2 Config3 1-38
2026-09-10 17:09:37,377 INFO o.a.j.t.JMeterThread: Thread finished: Stress Exp 2 Config3 1-38
2026-09-10 17:09:37,377 INFO o.a.j.t.JMeterThread: Stopping because end time detected by thread: Stress Exp 2 Config3 1-127
2026-09-10 17:09:37,378 INFO o.a.j.t.JMeterThread: Thread finished: Stress Exp 2 Config3 1-127
2026-09-10 17:09:37,378 INFO o.a.j.t.JMeterThread: Stopping because end time detected by thread: Stress Exp 2 Config3 1-285
2026-09-10 17:09:37,378 INFO o.a.j.t.JMeterThread: Thread finished: Stress Exp 2 Config3 1-285
2026-09-10 17:09:37,378 INFO o.a.j.t.JMeterThread: Stopping because end time detected by thread: Stress Exp 2 Config3 1-159
2026-09-10 17:09:37,379 INFO o.a.j.t.JMeterThread: Thread finished: Stress Exp 2 Config3 1-159
2026-09-10 17:09:37,379 INFO o.a.j.t.JMeterThread: Stopping because end time detected by thread: Stress Exp 2 Config3 1-296
2026-09-10 17:09:37,379 INFO o.a.j.t.JMeterThread: Thread finished: Stress Exp 2 Config3 1-296
2026-09-10 17:09:37,379 INFO o.a.j.t.JMeterThread: Stopping because end time detected by thread: Stress Exp 2 Config3 1-232
2026-09-10 17:09:37,379 INFO o.a.j.t.JMeterThread: Thread finished: Stress Exp 2 Config3 1-232
2026-09-10 17:09:37,380 INFO o.a.j.t.JMeterThread: Stopping because end time detected by thread: Stress Exp 2 Config3 1-35
2026-09-10 17:09:37,380 INFO o.a.j.t.JMeterThread: Stopping because end time detected by thread: Stress Exp 2 Config3 1-93
2026-09-10 17:09:37,380 INFO o.a.j.t.JMeterThread: Stopping because end time detected by thread: Stress Exp 2 Config3 1-87
2026-09-10 17:09:37,380 INFO o.a.j.t.JMeterThread: Thread finished: Stress Exp 2 Config3 1-35
2026-09-10 17:09:37,380 INFO o.a.j.t.JMeterThread: Thread finished: Stress Exp 2 Config3 1-87
2026-09-10 17:09:37,380 INFO o.a.j.t.JMeterThread: Thread finished: Stress Exp 2 Config3 1-93
2026-09-10 17:09:37,380 INFO o.a.j.t.JMeterThread: Stopping because end time detected by thread: Stress Exp 2 Config3 1-224
2026-09-10 17:09:37,380 INFO o.a.j.t.JMeterThread: Thread finished: Stress Exp 2 Config3 1-224
2026-09-10 17:09:37,380 INFO o.a.j.t.JMeterThread: Stopping because end time detected by thread: Stress Exp 2 Config3 1-225
2026-09-10 17:09:37,381 INFO o.a.j.t.JMeterThread: Thread finished: Stress Exp 2 Config3 1-225
2026-09-10 17:09:37,381 INFO o.a.j.t.JMeterThread: Stopping because end time detected by thread: Stress Exp 2 Config3 1-118
2026-09-10 17:09:37,381 INFO o.a.j.t.JMeterThread: Thread finished: Stress Exp 2 Config3 1-118
2026-09-10 17:09:39,170 INFO o.a.j.t.JMeterThread: Stopping because end time detected by thread: Stress Exp 2 Config3 1-278
2026-09-10 17:09:39,171 INFO o.a.j.t.JMeterThread: Stopping because end time detected by thread: Stress Exp 2 Config3 1-171
2026-09-10 17:09:39,170 INFO o.a.j.t.JMeterThread: Stopping because end time detected by thread: Stress Exp 2 Config3 1-251
2026-09-10 17:09:39,170 INFO o.a.j.t.JMeterThread: Stopping because end time detected by thread: Stress Exp 2 Config3 1-223
2026-09-10 17:09:39,171 INFO o.a.j.t.JMeterThread: Thread finished: Stress Exp 2 Config3 1-251
2026-09-10 17:09:39,171 INFO o.a.j.t.JMeterThread: Thread finished: Stress Exp 2 Config3 1-223
2026-09-10 17:09:39,171 INFO o.a.j.t.JMeterThread: Stopping because end time detected by thread: Stress Exp 2 Config3 1-133
2026-09-10 17:09:39,171 INFO o.a.j.t.JMeterThread: Thread finished: Stress Exp 2 Config3 1-133
2026-09-10 17:09:39,171 INFO o.a.j.t.JMeterThread: Stopping because end time detected by thread: Stress Exp 2 Config3 1-233
2026-09-10 17:09:39,171 INFO o.a.j.t.JMeterThread: Thread finished: Stress Exp 2 Config3 1-233
2026-09-10 17:09:39,172 INFO o.a.j.t.JMeterThread: Thread finished: Stress Exp 2 Config3 1-171
2026-09-10 17:09:39,171 INFO o.a.j.t.JMeterThread: Stopping because end time detected by thread: Stress Exp 2 Config3 1-198
2026-09-10 17:09:39,173 INFO o.a.j.t.JMeterThread: Stopping because end time detected by thread: Stress Exp 2 Config3 1-121
2026-09-10 17:09:39,173 INFO o.a.j.t.JMeterThread: Thread finished: Stress Exp 2 Config3 1-121
2026-09-10 17:09:39,171 INFO o.a.j.t.JMeterThread: Thread finished: Stress Exp 2 Config3 1-278
2026-09-10 17:09:39,173 INFO o.a.j.t.JMeterThread: Stopping because end time detected by thread: Stress Exp 2 Config3 1-101
2026-09-10 17:09:39,173 INFO o.a.j.t.JMeterThread: Stopping because end time detected by thread: Stress Exp 2 Config3 1-162
2026-09-10 17:09:39,173 INFO o.a.j.t.JMeterThread: Thread finished: Stress Exp 2 Config3 1-101
2026-09-10 17:09:39,173 INFO o.a.j.t.JMeterThread: Thread finished: Stress Exp 2 Config3 1-162
2026-09-10 17:09:39,171 INFO o.a.j.t.JMeterThread: Stopping because end time detected by thread: Stress Exp 2 Config3 1-234
2026-09-10 17:09:39,174 INFO o.a.j.t.JMeterThread: Thread finished: Stress Exp 2 Config3 1-234
2026-09-10 17:09:39,173 INFO o.a.j.t.JMeterThread: Thread finished: Stress Exp 2 Config3 1-198
2026-09-10 17:09:39,174 INFO o.a.j.t.JMeterThread: Stopping because end time detected by thread: Stress Exp 2 Config3 1-283
2026-09-10 17:09:39,174 INFO o.a.j.t.JMeterThread: Stopping because end time detected by thread: Stress Exp 2 Config3 1-143
2026-09-10 17:09:39,174 INFO o.a.j.t.JMeterThread: Thread finished: Stress Exp 2 Config3 1-143
2026-09-10 17:09:39,174 INFO o.a.j.t.JMeterThread: Stopping because end time detected by thread: Stress Exp 2 Config3 1-188
2026-09-10 17:09:39,174 INFO o.a.j.t.JMeterThread: Thread finished: Stress Exp 2 Config3 1-188
2026-09-10 17:09:39,174 INFO o.a.j.t.JMeterThread: Stopping because end time detected by thread: Stress Exp 2 Config3 1-84
2026-09-10 17:09:39,173 INFO o.a.j.t.JMeterThread: Stopping because end time detected by thread: Stress Exp 2 Config3 1-100
2026-09-10 17:09:39,174 INFO o.a.j.t.JMeterThread: Thread finished: Stress Exp 2 Config3 1-283
2026-09-10 17:09:39,175 INFO o.a.j.t.JMeterThread: Thread finished: Stress Exp 2 Config3 1-100
2026-09-10 17:09:39,174 INFO o.a.j.t.JMeterThread: Thread finished: Stress Exp 2 Config3 1-84
2026-09-10 17:09:39,175 INFO o.a.j.t.JMeterThread: Stopping because end time detected by thread: Stress Exp 2 Config3 1-135
2026-09-10 17:09:39,176 INFO o.a.j.t.JMeterThread: Thread finished: Stress Exp 2 Config3 1-135
2026-09-10 17:09:39,176 INFO o.a.j.t.JMeterThread: Stopping because end time detected by thread: Stress Exp 2 Config3 1-31
2026-09-10 17:09:39,177 INFO o.a.j.t.JMeterThread: Thread finished: Stress Exp 2 Config3 1-31
2026-09-10 17:09:39,177 INFO o.a.j.t.JMeterThread: Stopping because end time detected by thread: Stress Exp 2 Config3 1-221
2026-09-10 17:09:39,177 INFO o.a.j.t.JMeterThread: Thread finished: Stress Exp 2 Config3 1-221
2026-09-10 17:09:39,177 INFO o.a.j.t.JMeterThread: Stopping because end time detected by thread: Stress Exp 2 Config3 1-168
2026-09-10 17:09:39,177 INFO o.a.j.t.JMeterThread: Thread finished: Stress Exp 2 Config3 1-168
2026-09-10 17:09:39,177 INFO o.a.j.t.JMeterThread: Stopping because end time detected by thread: Stress Exp 2 Config3 1-161
2026-09-10 17:09:39,178 INFO o.a.j.t.JMeterThread: Stopping because end time detected by thread: Stress Exp 2 Config3 1-226
2026-09-10 17:09:39,178 INFO o.a.j.t.JMeterThread: Thread finished: Stress Exp 2 Config3 1-161
2026-09-10 17:09:39,178 INFO o.a.j.t.JMeterThread: Thread finished: Stress Exp 2 Config3 1-226
2026-09-10 17:09:39,206 INFO o.a.j.t.JMeterThread: Stopping because end time detected by thread: Stress Exp 2 Config3 1-115
2026-09-10 17:09:39,207 INFO o.a.j.t.JMeterThread: Thread finished: Stress Exp 2 Config3 1-115
2026-09-10 17:09:39,222 INFO o.a.j.t.JMeterThread: Stopping because end time detected by thread: Stress Exp 2 Config3 1-265
2026-09-10 17:09:39,222 INFO o.a.j.t.JMeterThread: Thread finished: Stress Exp 2 Config3 1-265
2026-09-10 17:09:39,247 INFO o.a.j.t.JMeterThread: Stopping because end time detected by thread: Stress Exp 2 Config3 1-190
2026-09-10 17:09:39,247 INFO o.a.j.t.JMeterThread: Thread finished: Stress Exp 2 Config3 1-190
2026-09-10 17:09:39,293 INFO o.a.j.t.JMeterThread: Stopping because end time detected by thread: Stress Exp 2 Config3 1-138
2026-09-10 17:09:39,293 INFO o.a.j.t.JMeterThread: Thread finished: Stress Exp 2 Config3 1-138
2026-09-10 17:09:39,304 INFO o.a.j.t.JMeterThread: Stopping because end time detected by thread: Stress Exp 2 Config3 1-108
2026-09-10 17:09:39,304 INFO o.a.j.t.JMeterThread: Thread finished: Stress Exp 2 Config3 1-108
2026-09-10 17:09:39,337 INFO o.a.j.t.JMeterThread: Stopping because end time detected by thread: Stress Exp 2 Config3 1-2
2026-09-10 17:09:39,337 INFO o.a.j.t.JMeterThread: Thread finished: Stress Exp 2 Config3 1-2
2026-09-10 17:09:39,343 INFO o.a.j.t.JMeterThread: Stopping because end time detected by thread: Stress Exp 2 Config3 1-139
2026-09-10 17:09:39,343 INFO o.a.j.t.JMeterThread: Thread finished: Stress Exp 2 Config3 1-139
2026-09-10 17:09:39,377 INFO o.a.j.t.JMeterThread: Stopping because end time detected by thread: Stress Exp 2 Config3 1-140
2026-09-10 17:09:39,378 INFO o.a.j.t.JMeterThread: Thread finished: Stress Exp 2 Config3 1-140
2026-09-10 17:09:39,396 INFO o.a.j.t.JMeterThread: Stopping because end time detected by thread: Stress Exp 2 Config3 1-258
2026-09-10 17:09:39,397 INFO o.a.j.t.JMeterThread: Thread finished: Stress Exp 2 Config3 1-258
2026-09-10 17:09:39,419 INFO o.a.j.t.JMeterThread: Stopping because end time detected by thread: Stress Exp 2 Config3 1-54
2026-09-10 17:09:39,420 INFO o.a.j.t.JMeterThread: Thread finished: Stress Exp 2 Config3 1-54
2026-09-10 17:09:39,438 INFO o.a.j.t.JMeterThread: Stopping because end time detected by thread: Stress Exp 2 Config3 1-72
2026-09-10 17:09:39,438 INFO o.a.j.t.JMeterThread: Thread finished: Stress Exp 2 Config3 1-72
2026-09-10 17:09:39,523 INFO o.a.j.t.JMeterThread: Stopping because end time detected by thread: Stress Exp 2 Config3 1-177
2026-09-10 17:09:39,523 INFO o.a.j.t.JMeterThread: Thread finished: Stress Exp 2 Config3 1-177
2026-09-10 17:09:39,524 INFO o.a.j.t.JMeterThread: Stopping because end time detected by thread: Stress Exp 2 Config3 1-197
2026-09-10 17:09:39,524 INFO o.a.j.t.JMeterThread: Stopping because end time detected by thread: Stress Exp 2 Config3 1-134
2026-09-10 17:09:39,524 INFO o.a.j.t.JMeterThread: Thread finished: Stress Exp 2 Config3 1-197
2026-09-10 17:09:39,524 INFO o.a.j.t.JMeterThread: Thread finished: Stress Exp 2 Config3 1-134
2026-09-10 17:09:39,526 INFO o.a.j.t.JMeterThread: Stopping because end time detected by thread: Stress Exp 2 Config3 1-189
2026-09-10 17:09:39,526 INFO o.a.j.t.JMeterThread: Thread finished: Stress Exp 2 Config3 1-189
2026-09-10 17:09:39,563 INFO o.a.j.t.JMeterThread: Stopping because end time detected by thread: Stress Exp 2 Config3 1-63
2026-09-10 17:09:39,563 INFO o.a.j.t.JMeterThread: Thread finished: Stress Exp 2 Config3 1-63
2026-09-10 17:09:39,586 INFO o.a.j.t.JMeterThread: Stopping because end time detected by thread: Stress Exp 2 Config3 1-119
2026-09-10 17:09:39,586 INFO o.a.j.t.JMeterThread: Thread finished: Stress Exp 2 Config3 1-119
2026-09-10 17:09:39,623 INFO o.a.j.t.JMeterThread: Stopping because end time detected by thread: Stress Exp 2 Config3 1-113
2026-09-10 17:09:39,623 INFO o.a.j.t.JMeterThread: Thread finished: Stress Exp 2 Config3 1-113
2026-09-10 17:09:39,641 INFO o.a.j.t.JMeterThread: Stopping because end time detected by thread: Stress Exp 2 Config3 1-228
2026-09-10 17:09:39,641 INFO o.a.j.t.JMeterThread: Thread finished: Stress Exp 2 Config3 1-228
2026-09-10 17:09:39,656 INFO o.a.j.t.JMeterThread: Stopping because end time detected by thread: Stress Exp 2 Config3 1-55
2026-09-10 17:09:39,657 INFO o.a.j.t.JMeterThread: Thread finished: Stress Exp 2 Config3 1-55
2026-09-10 17:09:39,695 INFO o.a.j.t.JMeterThread: Stopping because end time detected by thread: Stress Exp 2 Config3 1-239
2026-09-10 17:09:39,695 INFO o.a.j.t.JMeterThread: Thread finished: Stress Exp 2 Config3 1-239
2026-09-10 17:09:39,703 INFO o.a.j.t.JMeterThread: Stopping because end time detected by thread: Stress Exp 2 Config3 1-282
2026-09-10 17:09:39,703 INFO o.a.j.t.JMeterThread: Thread finished: Stress Exp 2 Config3 1-282
2026-09-10 17:09:39,752 INFO o.a.j.t.JMeterThread: Stopping because end time detected by thread: Stress Exp 2 Config3 1-205
2026-09-10 17:09:39,752 INFO o.a.j.t.JMeterThread: Thread finished: Stress Exp 2 Config3 1-205
2026-09-10 17:09:39,762 INFO o.a.j.t.JMeterThread: Stopping because end time detected by thread: Stress Exp 2 Config3 1-237
2026-09-10 17:09:39,762 INFO o.a.j.t.JMeterThread: Thread finished: Stress Exp 2 Config3 1-237
2026-09-10 17:09:39,784 INFO o.a.j.t.JMeterThread: Stopping because end time detected by thread: Stress Exp 2 Config3 1-145
2026-09-10 17:09:39,784 INFO o.a.j.t.JMeterThread: Thread finished: Stress Exp 2 Config3 1-145
2026-09-10 17:09:39,871 INFO o.a.j.t.JMeterThread: Stopping because end time detected by thread: Stress Exp 2 Config3 1-178
2026-09-10 17:09:39,871 INFO o.a.j.t.JMeterThread: Thread finished: Stress Exp 2 Config3 1-178
2026-09-10 17:09:39,931 INFO o.a.j.t.JMeterThread: Stopping because end time detected by thread: Stress Exp 2 Config3 1-236
2026-09-10 17:09:39,931 INFO o.a.j.t.JMeterThread: Thread finished: Stress Exp 2 Config3 1-236
2026-09-10 17:09:40,024 INFO o.a.j.t.JMeterThread: Stopping because end time detected by thread: Stress Exp 2 Config3 1-263
2026-09-10 17:09:40,024 INFO o.a.j.t.JMeterThread: Thread finished: Stress Exp 2 Config3 1-263
2026-09-10 17:09:40,107 INFO o.a.j.t.JMeterThread: Stopping because end time detected by thread: Stress Exp 2 Config3 1-28
2026-09-10 17:09:40,107 INFO o.a.j.t.JMeterThread: Thread finished: Stress Exp 2 Config3 1-28
2026-09-10 17:09:40,179 INFO o.a.j.t.JMeterThread: Stopping because end time detected by thread: Stress Exp 2 Config3 1-77
2026-09-10 17:09:40,179 INFO o.a.j.t.JMeterThread: Thread finished: Stress Exp 2 Config3 1-77
2026-09-10 17:09:40,203 INFO o.a.j.t.JMeterThread: Stopping because end time detected by thread: Stress Exp 2 Config3 1-137
2026-09-10 17:09:40,203 INFO o.a.j.t.JMeterThread: Thread finished: Stress Exp 2 Config3 1-137
2026-09-10 17:09:40,204 INFO o.a.j.e.StandardJMeterEngine: Notifying test listeners of end of test
2026-09-10 17:09:40,205 INFO o.a.j.g.u.JMeterMenuBar: setRunning(false, *local*)
