2026-09-10 20:56:46,204 INFO o.a.j.u.JMeterUtils: Setting Locale to en_EN
2026-09-10 20:56:46,219 INFO o.a.j.JMeter: Loading user properties from: C:\Program Files\apache-jmeter-5.6.3\bin\user.properties
2026-09-10 20:56:46,220 INFO o.a.j.JMeter: Loading system properties from: C:\Program Files\apache-jmeter-5.6.3\bin\system.properties
2026-09-10 20:56:46,220 INFO o.a.j.JMeter: Setting JMeter property: jmeter.save.saveservice.output_format=csv
2026-09-10 20:56:46,220 INFO o.a.j.JMeter: Setting JMeter property: jmeter.save.saveservice.print_field_names=true
2026-09-10 20:56:46,222 INFO o.a.j.JMeter: Setting JMeter property: jmeter.save.saveservice.timestamp_format=ms
2026-09-10 20:56:46,222 INFO o.a.j.JMeter: Setting JMeter property: jmeter.save.saveservice.time=true
2026-09-10 20:56:46,222 INFO o.a.j.JMeter: Setting JMeter property: jmeter.save.saveservice.latency=true
2026-09-10 20:56:46,222 INFO o.a.j.JMeter: Setting JMeter property: jmeter.save.saveservice.label=true
2026-09-10 20:56:46,222 INFO o.a.j.JMeter: Setting JMeter property: jmeter.save.saveservice.response_code=true
2026-09-10 20:56:46,222 INFO o.a.j.JMeter: Setting JMeter property: jmeter.save.saveservice.response_message=true
2026-09-10 20:56:46,222 INFO o.a.j.JMeter: Setting JMeter property: jmeter.save.saveservice.successful=true
2026-09-10 20:56:46,222 INFO o.a.j.JMeter: Setting JMeter property: jmeter.save.saveservice.assertion_results_failure_message=true
2026-09-10 20:56:46,222 INFO o.a.j.JMeter: Setting JMeter property: jmeter.save.saveservice.thread_name=true
2026-09-10 20:56:46,222 INFO o.a.j.JMeter: Setting JMeter property: jmeter.save.saveservice.thread_counts=true
2026-09-10 20:56:46,222 INFO o.a.j.JMeter: Setting JMeter property: jmeter.save.saveservice.connect_time=true
2026-09-10 20:56:46,230 INFO o.a.j.JMeter: Copyright (c) 1998-2024 The Apache Software Foundation
2026-09-10 20:56:46,230 INFO o.a.j.JMeter: Version 5.6.3
2026-09-10 20:56:46,230 INFO o.a.j.JMeter: java.version=26.0.1
2026-09-10 20:56:46,230 INFO o.a.j.JMeter: java.vm.name=Java HotSpot(TM) 64-Bit Server VM
2026-09-10 20:56:46,230 INFO o.a.j.JMeter: os.name=Windows 10
2026-09-10 20:56:46,230 INFO o.a.j.JMeter: os.arch=amd64
2026-09-10 20:56:46,230 INFO o.a.j.JMeter: os.version=10.0
2026-09-10 20:56:46,230 INFO o.a.j.JMeter: file.encoding=UTF-8
2026-09-10 20:56:46,230 INFO o.a.j.JMeter: java.awt.headless=true
2026-09-10 20:56:46,230 INFO o.a.j.JMeter: Max memory     =1073741824
2026-09-10 20:56:46,230 INFO o.a.j.JMeter: Available Processors =8
2026-09-10 20:56:46,253 INFO o.a.j.JMeter: Default Locale=English (EN)
2026-09-10 20:56:46,255 INFO o.a.j.JMeter: JMeter  Locale=English (EN)
2026-09-10 20:56:46,255 INFO o.a.j.JMeter: JMeterHome=C:\Program Files\apache-jmeter-5.6.3
2026-09-10 20:56:46,255 INFO o.a.j.JMeter: user.dir  =C:\University\Programming\Software Testing\Lab4
2026-09-10 20:56:46,255 INFO o.a.j.JMeter: PWD       =C:\University\Programming\Software Testing\Lab4
2026-09-10 20:56:46,256 INFO o.a.j.JMeter: IP: 172.28.17.195 Name: DESKTOP-74FQ4EV FullName: DESKTOP-74FQ4EV
2026-09-10 20:56:46,269 INFO o.a.j.JMeter: Setting property 'jmeter.reportgenerator.outputdir' to:'C:\University\Programming\Software Testing\Lab4\html_reports\stress_until_503\272users_5440rpm'
2026-09-10 20:56:46,273 INFO o.a.j.s.FileServer: Default base='C:\University\Programming\Software Testing\Lab4'
2026-09-10 20:56:46,273 INFO o.a.j.s.FileServer: Set new base='C:\University\Programming\Software Testing\Lab4\quality_jmeter_plans\stress_until_503'
2026-09-10 20:56:46,606 INFO o.a.j.s.SaveService: Testplan (JMX) version: 2.2. Testlog (JTL) version: 2.2
2026-09-10 20:56:46,642 INFO o.a.j.s.SaveService: Using SaveService properties version 5.0
2026-09-10 20:56:46,647 INFO o.a.j.s.SaveService: Using SaveService properties file encoding UTF-8
2026-09-10 20:56:46,649 INFO o.a.j.s.SaveService: Loading file: quality_jmeter_plans\stress_until_503\stress_until_503_272users_5440rpm_ctt.jmx
2026-09-10 20:56:46,704 INFO o.a.j.p.h.s.HTTPSamplerBase: Parser for text/html is org.apache.jmeter.protocol.http.parser.LagartoBasedHtmlParser
2026-09-10 20:56:46,704 INFO o.a.j.p.h.s.HTTPSamplerBase: Parser for application/xhtml+xml is org.apache.jmeter.protocol.http.parser.LagartoBasedHtmlParser
2026-09-10 20:56:46,704 INFO o.a.j.p.h.s.HTTPSamplerBase: Parser for application/xml is org.apache.jmeter.protocol.http.parser.LagartoBasedHtmlParser
2026-09-10 20:56:46,704 INFO o.a.j.p.h.s.HTTPSamplerBase: Parser for text/xml is org.apache.jmeter.protocol.http.parser.LagartoBasedHtmlParser
2026-09-10 20:56:46,704 INFO o.a.j.p.h.s.HTTPSamplerBase: Parser for text/vnd.wap.wml is org.apache.jmeter.protocol.http.parser.RegexpHTMLParser
2026-09-10 20:56:46,705 INFO o.a.j.p.h.s.HTTPSamplerBase: Parser for text/css is org.apache.jmeter.protocol.http.parser.CssParser
2026-09-10 20:56:46,715 INFO o.a.j.JMeter: Creating summariser <summary>
2026-09-10 20:56:46,722 INFO o.a.j.r.d.ReportGenerator: ReportGenerator will use for Parsing the separator: ','
2026-09-10 20:56:46,723 INFO o.a.j.r.d.ReportGenerator: Will generate report at end of test from  results file: results/stress_until_503/stress_until_503_272users_5440rpm.jtl
2026-09-10 20:56:46,723 INFO o.a.j.r.d.ReportGenerator: Reading report generator properties from: C:\Program Files\apache-jmeter-5.6.3\bin\reportgenerator.properties
2026-09-10 20:56:46,723 INFO o.a.j.r.d.ReportGenerator: Merging with JMeter properties
2026-09-10 20:56:46,726 INFO o.a.j.r.c.ReportGeneratorConfiguration: Property 'jmeter.reportgenerator.temp_dir' not found, using default value 'temp' instead.
2026-09-10 20:56:46,728 INFO o.a.j.r.c.ReportGeneratorConfiguration: Property 'jmeter.reportgenerator.apdex_per_transaction' not found, using default value 'null' instead.
2026-09-10 20:56:46,728 INFO o.a.j.r.c.ReportGeneratorConfiguration: apdex_per_transaction is empty, not APDEX per transaction customization
2026-09-10 20:56:46,728 INFO o.a.j.r.c.ReportGeneratorConfiguration: Property 'jmeter.reportgenerator.sample_filter' not found, using default value 'null' instead.
2026-09-10 20:56:46,728 INFO o.a.j.r.c.ReportGeneratorConfiguration: Property 'jmeter.reportgenerator.report_title' not found, using default value 'null' instead.
2026-09-10 20:56:46,728 INFO o.a.j.r.c.ReportGeneratorConfiguration: Property 'jmeter.reportgenerator.start_date' not found, using default value 'null' instead.
2026-09-10 20:56:46,728 INFO o.a.j.r.c.ReportGeneratorConfiguration: Property 'jmeter.reportgenerator.end_date' not found, using default value 'null' instead.
2026-09-10 20:56:46,728 INFO o.a.j.r.c.ReportGeneratorConfiguration: Property 'jmeter.reportgenerator.date_format' not found, using default value 'null' instead.
2026-09-10 20:56:46,728 INFO o.a.j.r.c.ReportGeneratorConfiguration: Will use date range start date: null, end date: null
2026-09-10 20:56:46,731 INFO o.a.j.r.c.ReportGeneratorConfiguration: Property 'jmeter.reportgenerator.graph.totalTPS.exclude_controllers' not found, using default value 'false' instead.
2026-09-10 20:56:46,731 INFO o.a.j.r.c.ReportGeneratorConfiguration: Property 'jmeter.reportgenerator.graph.activeThreadsOverTime.exclude_controllers' not found, using default value 'false' instead.
2026-09-10 20:56:46,731 INFO o.a.j.r.c.ReportGeneratorConfiguration: Property 'jmeter.reportgenerator.graph.timeVsThreads.exclude_controllers' not found, using default value 'false' instead.
2026-09-10 20:56:46,731 INFO o.a.j.r.c.ReportGeneratorConfiguration: Property 'jmeter.reportgenerator.graph.responseTimeDistribution.exclude_controllers' not found, using default value 'false' instead.
2026-09-10 20:56:46,731 INFO o.a.j.r.c.ReportGeneratorConfiguration: Property 'jmeter.reportgenerator.graph.transactionsPerSecond.exclude_controllers' not found, using default value 'false' instead.
2026-09-10 20:56:46,731 INFO o.a.j.r.c.ReportGeneratorConfiguration: Property 'jmeter.reportgenerator.graph.responseTimePercentiles.exclude_controllers' not found, using default value 'false' instead.
2026-09-10 20:56:46,732 INFO o.a.j.r.c.ReportGeneratorConfiguration: Property 'jmeter.reportgenerator.graph.responseTimePercentilesOverTime.exclude_controllers' not found, using default value 'false' instead.
2026-09-10 20:56:46,732 INFO o.a.j.r.c.ReportGeneratorConfiguration: Property 'jmeter.reportgenerator.graph.responseTimesOverTime.exclude_controllers' not found, using default value 'false' instead.
2026-09-10 20:56:46,732 INFO o.a.j.r.c.ReportGeneratorConfiguration: Property 'jmeter.reportgenerator.graph.connectTimeOverTime.exclude_controllers' not found, using default value 'false' instead.
2026-09-10 20:56:46,732 INFO o.a.j.r.c.ReportGeneratorConfiguration: Property 'jmeter.reportgenerator.graph.latenciesOverTime.exclude_controllers' not found, using default value 'false' instead.
2026-09-10 20:56:46,733 INFO o.a.j.r.c.ReportGeneratorConfiguration: Property 'jmeter.reportgenerator.exporter.json.filters_only_sample_series' not found, using default value 'true' instead.
2026-09-10 20:56:46,733 INFO o.a.j.r.c.ReportGeneratorConfiguration: Property 'jmeter.reportgenerator.exporter.json.series_filter' not found, using default value '' instead.
2026-09-10 20:56:46,733 INFO o.a.j.r.c.ReportGeneratorConfiguration: Property 'jmeter.reportgenerator.exporter.json.show_controllers_only' not found, using default value 'false' instead.
2026-09-10 20:56:46,733 INFO o.a.j.r.c.ReportGeneratorConfiguration: Property 'jmeter.reportgenerator.exporter.html.filters_only_sample_series' not found, using default value 'true' instead.
2026-09-10 20:56:46,733 INFO o.a.j.r.c.ReportGeneratorConfiguration: Property 'jmeter.reportgenerator.exporter.html.series_filter' not found, using default value '' instead.
2026-09-10 20:56:46,733 INFO o.a.j.r.c.ReportGeneratorConfiguration: Property 'jmeter.reportgenerator.exporter.html.show_controllers_only' not found, using default value 'false' instead.
2026-09-10 20:56:46,741 INFO o.a.j.e.StandardJMeterEngine: Running the test!
2026-09-10 20:56:46,743 INFO o.a.j.s.SampleEvent: List of sample_variables: []
2026-09-10 20:56:46,743 INFO o.a.j.s.SampleEvent: List of sample_variables: []
2026-09-10 20:56:46,746 INFO o.a.j.e.u.CompoundVariable: Note: Function class names must contain the string: '.functions.'
2026-09-10 20:56:46,746 INFO o.a.j.e.u.CompoundVariable: Note: Function class names must not contain the string: '.gui.'
2026-09-10 20:56:46,814 INFO o.a.j.JMeter: Running test (1789063006814)
2026-09-10 20:56:46,834 INFO o.a.j.e.StandardJMeterEngine: Starting ThreadGroup: 1 : Thread Group - until HTTP 503 - 272 users
2026-09-10 20:56:46,835 INFO o.a.j.e.StandardJMeterEngine: Starting 272 threads for group Thread Group - until HTTP 503 - 272 users.
2026-09-10 20:56:46,835 INFO o.a.j.e.StandardJMeterEngine: Thread will continue on error
2026-09-10 20:56:46,835 INFO o.a.j.t.ThreadGroup: Starting thread group... number=1 threads=272 ramp-up=60 delayedStart=false
2026-09-10 20:56:46,843 INFO o.a.j.t.JMeterThread: Thread started: Thread Group - until HTTP 503 - 272 users 1-1
2026-09-10 20:56:46,940 INFO o.a.j.t.ThreadGroup: Started thread group number 1
2026-09-10 20:56:46,940 INFO o.a.j.e.StandardJMeterEngine: All thread groups have been started
2026-09-10 20:56:46,956 INFO o.a.j.p.h.s.HTTPHCAbstractImpl: Local host = DESKTOP-74FQ4EV
2026-09-10 20:56:46,962 INFO o.a.j.p.h.s.HTTPHC4Impl: HTTP request retry count = 0
2026-09-10 20:56:46,963 INFO o.a.j.s.SampleResult: Note: Sample TimeStamps are START times
2026-09-10 20:56:46,963 INFO o.a.j.s.SampleResult: sampleresult.default.encoding is set to UTF-8
2026-09-10 20:56:46,963 INFO o.a.j.s.SampleResult: sampleresult.useNanoTime=true
2026-09-10 20:56:46,963 INFO o.a.j.s.SampleResult: sampleresult.nanoThreadSleep=5000
2026-09-10 20:56:47,061 INFO o.a.j.t.JMeterThread: Thread started: Thread Group - until HTTP 503 - 272 users 1-2
2026-09-10 20:56:47,281 INFO o.a.j.t.JMeterThread: Thread started: Thread Group - until HTTP 503 - 272 users 1-3
2026-09-10 20:56:47,501 INFO o.a.j.t.JMeterThread: Thread started: Thread Group - until HTTP 503 - 272 users 1-4
2026-09-10 20:56:47,723 INFO o.a.j.t.JMeterThread: Thread started: Thread Group - until HTTP 503 - 272 users 1-5
2026-09-10 20:56:47,942 INFO o.a.j.t.JMeterThread: Thread started: Thread Group - until HTTP 503 - 272 users 1-6
2026-09-10 20:56:48,162 INFO o.a.j.t.JMeterThread: Thread started: Thread Group - until HTTP 503 - 272 users 1-7
2026-09-10 20:56:48,383 INFO o.a.j.t.JMeterThread: Thread started: Thread Group - until HTTP 503 - 272 users 1-8
2026-09-10 20:56:48,605 INFO o.a.j.t.JMeterThread: Thread started: Thread Group - until HTTP 503 - 272 users 1-9
2026-09-10 20:56:48,825 INFO o.a.j.t.JMeterThread: Thread started: Thread Group - until HTTP 503 - 272 users 1-10
2026-09-10 20:56:49,045 INFO o.a.j.t.JMeterThread: Thread started: Thread Group - until HTTP 503 - 272 users 1-11
2026-09-10 20:56:49,266 INFO o.a.j.t.JMeterThread: Thread started: Thread Group - until HTTP 503 - 272 users 1-12
2026-09-10 20:56:49,488 INFO o.a.j.t.JMeterThread: Thread started: Thread Group - until HTTP 503 - 272 users 1-13
2026-09-10 20:56:49,709 INFO o.a.j.t.JMeterThread: Thread started: Thread Group - until HTTP 503 - 272 users 1-14
2026-09-10 20:56:49,931 INFO o.a.j.t.JMeterThread: Thread started: Thread Group - until HTTP 503 - 272 users 1-15
2026-09-10 20:56:50,151 INFO o.a.j.t.JMeterThread: Thread started: Thread Group - until HTTP 503 - 272 users 1-16
2026-09-10 20:56:50,371 INFO o.a.j.t.JMeterThread: Thread started: Thread Group - until HTTP 503 - 272 users 1-17
2026-09-10 20:56:50,596 INFO o.a.j.t.JMeterThread: Thread started: Thread Group - until HTTP 503 - 272 users 1-18
2026-09-10 20:56:50,817 INFO o.a.j.t.JMeterThread: Thread started: Thread Group - until HTTP 503 - 272 users 1-19
2026-09-10 20:56:51,040 INFO o.a.j.t.JMeterThread: Thread started: Thread Group - until HTTP 503 - 272 users 1-20
2026-09-10 20:56:51,261 INFO o.a.j.t.JMeterThread: Thread started: Thread Group - until HTTP 503 - 272 users 1-21
2026-09-10 20:56:51,480 INFO o.a.j.t.JMeterThread: Thread started: Thread Group - until HTTP 503 - 272 users 1-22
2026-09-10 20:56:51,703 INFO o.a.j.t.JMeterThread: Thread started: Thread Group - until HTTP 503 - 272 users 1-23
2026-09-10 20:56:51,921 INFO o.a.j.t.JMeterThread: Thread started: Thread Group - until HTTP 503 - 272 users 1-24
2026-09-10 20:56:52,141 INFO o.a.j.t.JMeterThread: Thread started: Thread Group - until HTTP 503 - 272 users 1-25
2026-09-10 20:56:52,362 INFO o.a.j.t.JMeterThread: Thread started: Thread Group - until HTTP 503 - 272 users 1-26
2026-09-10 20:56:52,583 INFO o.a.j.t.JMeterThread: Thread started: Thread Group - until HTTP 503 - 272 users 1-27
2026-09-10 20:56:52,804 INFO o.a.j.t.JMeterThread: Thread started: Thread Group - until HTTP 503 - 272 users 1-28
2026-09-10 20:56:53,024 INFO o.a.j.t.JMeterThread: Thread started: Thread Group - until HTTP 503 - 272 users 1-29
2026-09-10 20:56:53,246 INFO o.a.j.t.JMeterThread: Thread started: Thread Group - until HTTP 503 - 272 users 1-30
2026-09-10 20:56:53,466 INFO o.a.j.t.JMeterThread: Thread started: Thread Group - until HTTP 503 - 272 users 1-31
2026-09-10 20:56:53,688 INFO o.a.j.t.JMeterThread: Thread started: Thread Group - until HTTP 503 - 272 users 1-32
2026-09-10 20:56:53,908 INFO o.a.j.t.JMeterThread: Thread started: Thread Group - until HTTP 503 - 272 users 1-33
2026-09-10 20:56:54,129 INFO o.a.j.t.JMeterThread: Thread started: Thread Group - until HTTP 503 - 272 users 1-34
2026-09-10 20:56:54,350 INFO o.a.j.t.JMeterThread: Thread started: Thread Group - until HTTP 503 - 272 users 1-35
2026-09-10 20:56:54,571 INFO o.a.j.t.JMeterThread: Thread started: Thread Group - until HTTP 503 - 272 users 1-36
2026-09-10 20:56:54,793 INFO o.a.j.t.JMeterThread: Thread started: Thread Group - until HTTP 503 - 272 users 1-37
2026-09-10 20:56:55,012 INFO o.a.j.t.JMeterThread: Thread started: Thread Group - until HTTP 503 - 272 users 1-38
2026-09-10 20:56:55,233 INFO o.a.j.t.JMeterThread: Thread started: Thread Group - until HTTP 503 - 272 users 1-39
2026-09-10 20:56:55,454 INFO o.a.j.t.JMeterThread: Thread started: Thread Group - until HTTP 503 - 272 users 1-40
2026-09-10 20:56:55,676 INFO o.a.j.t.JMeterThread: Thread started: Thread Group - until HTTP 503 - 272 users 1-41
2026-09-10 20:56:55,898 INFO o.a.j.t.JMeterThread: Thread started: Thread Group - until HTTP 503 - 272 users 1-42
2026-09-10 20:56:56,119 INFO o.a.j.t.JMeterThread: Thread started: Thread Group - until HTTP 503 - 272 users 1-43
2026-09-10 20:56:56,340 INFO o.a.j.t.JMeterThread: Thread started: Thread Group - until HTTP 503 - 272 users 1-44
2026-09-10 20:56:56,561 INFO o.a.j.t.JMeterThread: Thread started: Thread Group - until HTTP 503 - 272 users 1-45
2026-09-10 20:56:56,782 INFO o.a.j.t.JMeterThread: Thread started: Thread Group - until HTTP 503 - 272 users 1-46
2026-09-10 20:56:57,002 INFO o.a.j.t.JMeterThread: Thread started: Thread Group - until HTTP 503 - 272 users 1-47
2026-09-10 20:56:57,222 INFO o.a.j.t.JMeterThread: Thread started: Thread Group - until HTTP 503 - 272 users 1-48
2026-09-10 20:56:57,444 INFO o.a.j.t.JMeterThread: Thread started: Thread Group - until HTTP 503 - 272 users 1-49
2026-09-10 20:56:57,665 INFO o.a.j.t.JMeterThread: Thread started: Thread Group - until HTTP 503 - 272 users 1-50
2026-09-10 20:56:57,886 INFO o.a.j.t.JMeterThread: Thread started: Thread Group - until HTTP 503 - 272 users 1-51
2026-09-10 20:56:58,106 INFO o.a.j.t.JMeterThread: Thread started: Thread Group - until HTTP 503 - 272 users 1-52
2026-09-10 20:56:58,329 INFO o.a.j.t.JMeterThread: Thread started: Thread Group - until HTTP 503 - 272 users 1-53
2026-09-10 20:56:58,549 INFO o.a.j.t.JMeterThread: Thread started: Thread Group - until HTTP 503 - 272 users 1-54
2026-09-10 20:56:58,790 INFO o.a.j.t.JMeterThread: Thread started: Thread Group - until HTTP 503 - 272 users 1-55
2026-09-10 20:56:58,992 INFO o.a.j.t.JMeterThread: Thread started: Thread Group - until HTTP 503 - 272 users 1-56
2026-09-10 20:56:59,213 INFO o.a.j.t.JMeterThread: Thread started: Thread Group - until HTTP 503 - 272 users 1-57
2026-09-10 20:56:59,433 INFO o.a.j.t.JMeterThread: Thread started: Thread Group - until HTTP 503 - 272 users 1-58
2026-09-10 20:56:59,655 INFO o.a.j.t.JMeterThread: Thread started: Thread Group - until HTTP 503 - 272 users 1-59
2026-09-10 20:56:59,875 INFO o.a.j.t.JMeterThread: Thread started: Thread Group - until HTTP 503 - 272 users 1-60
2026-09-10 20:57:00,096 INFO o.a.j.t.JMeterThread: Thread started: Thread Group - until HTTP 503 - 272 users 1-61
2026-09-10 20:57:00,317 INFO o.a.j.t.JMeterThread: Thread started: Thread Group - until HTTP 503 - 272 users 1-62
2026-09-10 20:57:00,473 INFO o.a.j.r.Summariser: summary +    346 in 00:00:14 =   25.3/s Avg:   962 Min:   515 Max:  2665 Err:   240 (69.36%) Active: 62 Started: 62 Finished: 0
2026-09-10 20:57:00,537 INFO o.a.j.t.JMeterThread: Thread started: Thread Group - until HTTP 503 - 272 users 1-63
2026-09-10 20:57:00,758 INFO o.a.j.t.JMeterThread: Thread started: Thread Group - until HTTP 503 - 272 users 1-64
2026-09-10 20:57:00,980 INFO o.a.j.t.JMeterThread: Thread started: Thread Group - until HTTP 503 - 272 users 1-65
2026-09-10 20:57:01,201 INFO o.a.j.t.JMeterThread: Thread started: Thread Group - until HTTP 503 - 272 users 1-66
2026-09-10 20:57:01,421 INFO o.a.j.t.JMeterThread: Thread started: Thread Group - until HTTP 503 - 272 users 1-67
2026-09-10 20:57:01,643 INFO o.a.j.t.JMeterThread: Thread started: Thread Group - until HTTP 503 - 272 users 1-68
2026-09-10 20:57:01,867 INFO o.a.j.t.JMeterThread: Thread started: Thread Group - until HTTP 503 - 272 users 1-69
2026-09-10 20:57:02,088 INFO o.a.j.t.JMeterThread: Thread started: Thread Group - until HTTP 503 - 272 users 1-70
2026-09-10 20:57:02,309 INFO o.a.j.t.JMeterThread: Thread started: Thread Group - until HTTP 503 - 272 users 1-71
2026-09-10 20:57:02,531 INFO o.a.j.t.JMeterThread: Thread started: Thread Group - until HTTP 503 - 272 users 1-72
2026-09-10 20:57:02,752 INFO o.a.j.t.JMeterThread: Thread started: Thread Group - until HTTP 503 - 272 users 1-73
2026-09-10 20:57:02,972 INFO o.a.j.t.JMeterThread: Thread started: Thread Group - until HTTP 503 - 272 users 1-74
2026-09-10 20:57:03,193 INFO o.a.j.t.JMeterThread: Thread started: Thread Group - until HTTP 503 - 272 users 1-75
2026-09-10 20:57:03,416 INFO o.a.j.t.JMeterThread: Thread started: Thread Group - until HTTP 503 - 272 users 1-76
2026-09-10 20:57:03,636 INFO o.a.j.t.JMeterThread: Thread started: Thread Group - until HTTP 503 - 272 users 1-77
2026-09-10 20:57:03,856 INFO o.a.j.t.JMeterThread: Thread started: Thread Group - until HTTP 503 - 272 users 1-78
2026-09-10 20:57:04,078 INFO o.a.j.t.JMeterThread: Thread started: Thread Group - until HTTP 503 - 272 users 1-79
2026-09-10 20:57:04,297 INFO o.a.j.t.JMeterThread: Thread started: Thread Group - until HTTP 503 - 272 users 1-80
2026-09-10 20:57:04,518 INFO o.a.j.t.JMeterThread: Thread started: Thread Group - until HTTP 503 - 272 users 1-81
2026-09-10 20:57:04,739 INFO o.a.j.t.JMeterThread: Thread started: Thread Group - until HTTP 503 - 272 users 1-82
2026-09-10 20:57:04,960 INFO o.a.j.t.JMeterThread: Thread started: Thread Group - until HTTP 503 - 272 users 1-83
2026-09-10 20:57:05,182 INFO o.a.j.t.JMeterThread: Thread started: Thread Group - until HTTP 503 - 272 users 1-84
2026-09-10 20:57:05,403 INFO o.a.j.t.JMeterThread: Thread started: Thread Group - until HTTP 503 - 272 users 1-85
2026-09-10 20:57:05,622 INFO o.a.j.t.JMeterThread: Thread started: Thread Group - until HTTP 503 - 272 users 1-86
2026-09-10 20:57:05,843 INFO o.a.j.t.JMeterThread: Thread started: Thread Group - until HTTP 503 - 272 users 1-87
2026-09-10 20:57:06,085 INFO o.a.j.t.JMeterThread: Thread started: Thread Group - until HTTP 503 - 272 users 1-88
2026-09-10 20:57:06,289 INFO o.a.j.t.JMeterThread: Thread started: Thread Group - until HTTP 503 - 272 users 1-89
2026-09-10 20:57:06,508 INFO o.a.j.t.JMeterThread: Thread started: Thread Group - until HTTP 503 - 272 users 1-90
2026-09-10 20:57:06,730 INFO o.a.j.t.JMeterThread: Thread started: Thread Group - until HTTP 503 - 272 users 1-91
2026-09-10 20:57:06,951 INFO o.a.j.t.JMeterThread: Thread started: Thread Group - until HTTP 503 - 272 users 1-92
2026-09-10 20:57:07,173 INFO o.a.j.t.JMeterThread: Thread started: Thread Group - until HTTP 503 - 272 users 1-93
2026-09-10 20:57:07,393 INFO o.a.j.t.JMeterThread: Thread started: Thread Group - until HTTP 503 - 272 users 1-94
2026-09-10 20:57:07,614 INFO o.a.j.t.JMeterThread: Thread started: Thread Group - until HTTP 503 - 272 users 1-95
2026-09-10 20:57:07,835 INFO o.a.j.t.JMeterThread: Thread started: Thread Group - until HTTP 503 - 272 users 1-96
2026-09-10 20:57:08,059 INFO o.a.j.t.JMeterThread: Thread started: Thread Group - until HTTP 503 - 272 users 1-97
2026-09-10 20:57:08,275 INFO o.a.j.t.JMeterThread: Thread started: Thread Group - until HTTP 503 - 272 users 1-98
2026-09-10 20:57:08,506 INFO o.a.j.t.JMeterThread: Thread started: Thread Group - until HTTP 503 - 272 users 1-99
2026-09-10 20:57:08,721 INFO o.a.j.t.JMeterThread: Thread started: Thread Group - until HTTP 503 - 272 users 1-100
2026-09-10 20:57:08,942 INFO o.a.j.t.JMeterThread: Thread started: Thread Group - until HTTP 503 - 272 users 1-101
2026-09-10 20:57:09,170 INFO o.a.j.t.JMeterThread: Thread started: Thread Group - until HTTP 503 - 272 users 1-102
2026-09-10 20:57:09,394 INFO o.a.j.t.JMeterThread: Thread started: Thread Group - until HTTP 503 - 272 users 1-103
2026-09-10 20:57:09,631 INFO o.a.j.t.JMeterThread: Thread started: Thread Group - until HTTP 503 - 272 users 1-104
2026-09-10 20:57:09,839 INFO o.a.j.t.JMeterThread: Thread started: Thread Group - until HTTP 503 - 272 users 1-105
2026-09-10 20:57:10,062 INFO o.a.j.t.JMeterThread: Thread started: Thread Group - until HTTP 503 - 272 users 1-106
2026-09-10 20:57:10,295 INFO o.a.j.t.JMeterThread: Thread started: Thread Group - until HTTP 503 - 272 users 1-107
2026-09-10 20:57:10,502 INFO o.a.j.t.JMeterThread: Thread started: Thread Group - until HTTP 503 - 272 users 1-108
2026-09-10 20:57:10,725 INFO o.a.j.t.JMeterThread: Thread started: Thread Group - until HTTP 503 - 272 users 1-109
2026-09-10 20:57:10,945 INFO o.a.j.t.JMeterThread: Thread started: Thread Group - until HTTP 503 - 272 users 1-110
2026-09-10 20:57:11,166 INFO o.a.j.t.JMeterThread: Thread started: Thread Group - until HTTP 503 - 272 users 1-111
2026-09-10 20:57:11,388 INFO o.a.j.t.JMeterThread: Thread started: Thread Group - until HTTP 503 - 272 users 1-112
2026-09-10 20:57:11,608 INFO o.a.j.t.JMeterThread: Thread started: Thread Group - until HTTP 503 - 272 users 1-113
2026-09-10 20:57:11,830 INFO o.a.j.t.JMeterThread: Thread started: Thread Group - until HTTP 503 - 272 users 1-114
2026-09-10 20:57:12,056 INFO o.a.j.t.JMeterThread: Thread started: Thread Group - until HTTP 503 - 272 users 1-115
2026-09-10 20:57:12,276 INFO o.a.j.t.JMeterThread: Thread started: Thread Group - until HTTP 503 - 272 users 1-116
2026-09-10 20:57:12,499 INFO o.a.j.t.JMeterThread: Thread started: Thread Group - until HTTP 503 - 272 users 1-117
2026-09-10 20:57:12,699 INFO o.a.j.t.JMeterThread: Thread started: Thread Group - until HTTP 503 - 272 users 1-118
2026-09-10 20:57:12,946 INFO o.a.j.t.JMeterThread: Thread started: Thread Group - until HTTP 503 - 272 users 1-119
2026-09-10 20:57:13,151 INFO o.a.j.t.JMeterThread: Thread started: Thread Group - until HTTP 503 - 272 users 1-120
2026-09-10 20:57:13,380 INFO o.a.j.t.JMeterThread: Thread started: Thread Group - until HTTP 503 - 272 users 1-121
2026-09-10 20:57:13,598 INFO o.a.j.t.JMeterThread: Thread started: Thread Group - until HTTP 503 - 272 users 1-122
2026-09-10 20:57:13,818 INFO o.a.j.t.JMeterThread: Thread started: Thread Group - until HTTP 503 - 272 users 1-123
2026-09-10 20:57:14,050 INFO o.a.j.t.JMeterThread: Thread started: Thread Group - until HTTP 503 - 272 users 1-124
2026-09-10 20:57:14,262 INFO o.a.j.t.JMeterThread: Thread started: Thread Group - until HTTP 503 - 272 users 1-125
2026-09-10 20:57:14,480 INFO o.a.j.t.JMeterThread: Thread started: Thread Group - until HTTP 503 - 272 users 1-126
2026-09-10 20:57:14,700 INFO o.a.j.t.JMeterThread: Thread started: Thread Group - until HTTP 503 - 272 users 1-127
2026-09-10 20:57:14,921 INFO o.a.j.t.JMeterThread: Thread started: Thread Group - until HTTP 503 - 272 users 1-128
2026-09-10 20:57:15,147 INFO o.a.j.t.JMeterThread: Thread started: Thread Group - until HTTP 503 - 272 users 1-129
2026-09-10 20:57:15,367 INFO o.a.j.t.JMeterThread: Thread started: Thread Group - until HTTP 503 - 272 users 1-130
2026-09-10 20:57:15,580 INFO o.a.j.t.JMeterThread: Thread started: Thread Group - until HTTP 503 - 272 users 1-131
2026-09-10 20:57:15,810 INFO o.a.j.t.JMeterThread: Thread started: Thread Group - until HTTP 503 - 272 users 1-132
2026-09-10 20:57:16,025 INFO o.a.j.t.JMeterThread: Thread started: Thread Group - until HTTP 503 - 272 users 1-133
2026-09-10 20:57:16,244 INFO o.a.j.t.JMeterThread: Thread started: Thread Group - until HTTP 503 - 272 users 1-134
2026-09-10 20:57:16,465 INFO o.a.j.t.JMeterThread: Thread started: Thread Group - until HTTP 503 - 272 users 1-135
2026-09-10 20:57:16,688 INFO o.a.j.t.JMeterThread: Thread started: Thread Group - until HTTP 503 - 272 users 1-136
2026-09-10 20:57:16,906 INFO o.a.j.t.JMeterThread: Thread started: Thread Group - until HTTP 503 - 272 users 1-137
2026-09-10 20:57:17,127 INFO o.a.j.t.JMeterThread: Thread started: Thread Group - until HTTP 503 - 272 users 1-138
2026-09-10 20:57:17,348 INFO o.a.j.t.JMeterThread: Thread started: Thread Group - until HTTP 503 - 272 users 1-139
2026-09-10 20:57:17,568 INFO o.a.j.t.JMeterThread: Thread started: Thread Group - until HTTP 503 - 272 users 1-140
2026-09-10 20:57:17,788 INFO o.a.j.t.JMeterThread: Thread started: Thread Group - until HTTP 503 - 272 users 1-141
2026-09-10 20:57:18,008 INFO o.a.j.t.JMeterThread: Thread started: Thread Group - until HTTP 503 - 272 users 1-142
2026-09-10 20:57:18,227 INFO o.a.j.t.JMeterThread: Thread started: Thread Group - until HTTP 503 - 272 users 1-143
2026-09-10 20:57:18,448 INFO o.a.j.t.JMeterThread: Thread started: Thread Group - until HTTP 503 - 272 users 1-144
2026-09-10 20:57:18,669 INFO o.a.j.t.JMeterThread: Thread started: Thread Group - until HTTP 503 - 272 users 1-145
2026-09-10 20:57:18,891 INFO o.a.j.t.JMeterThread: Thread started: Thread Group - until HTTP 503 - 272 users 1-146
2026-09-10 20:57:19,118 INFO o.a.j.t.JMeterThread: Thread started: Thread Group - until HTTP 503 - 272 users 1-147
2026-09-10 20:57:19,340 INFO o.a.j.t.JMeterThread: Thread started: Thread Group - until HTTP 503 - 272 users 1-148
2026-09-10 20:57:19,552 INFO o.a.j.t.JMeterThread: Thread started: Thread Group - until HTTP 503 - 272 users 1-149
2026-09-10 20:57:19,773 INFO o.a.j.t.JMeterThread: Thread started: Thread Group - until HTTP 503 - 272 users 1-150
2026-09-10 20:57:19,994 INFO o.a.j.t.JMeterThread: Thread started: Thread Group - until HTTP 503 - 272 users 1-151
2026-09-10 20:57:20,214 INFO o.a.j.t.JMeterThread: Thread started: Thread Group - until HTTP 503 - 272 users 1-152
2026-09-10 20:57:20,437 INFO o.a.j.t.JMeterThread: Thread started: Thread Group - until HTTP 503 - 272 users 1-153
2026-09-10 20:57:20,650 INFO o.a.j.t.JMeterThread: Thread started: Thread Group - until HTTP 503 - 272 users 1-154
2026-09-10 20:57:20,886 INFO o.a.j.t.JMeterThread: Thread started: Thread Group - until HTTP 503 - 272 users 1-155
2026-09-10 20:57:21,093 INFO o.a.j.t.JMeterThread: Thread started: Thread Group - until HTTP 503 - 272 users 1-156
2026-09-10 20:57:21,321 INFO o.a.j.t.JMeterThread: Thread started: Thread Group - until HTTP 503 - 272 users 1-157
2026-09-10 20:57:21,541 INFO o.a.j.t.JMeterThread: Thread started: Thread Group - until HTTP 503 - 272 users 1-158
2026-09-10 20:57:21,761 INFO o.a.j.t.JMeterThread: Thread started: Thread Group - until HTTP 503 - 272 users 1-159
2026-09-10 20:57:21,984 INFO o.a.j.t.JMeterThread: Thread started: Thread Group - until HTTP 503 - 272 users 1-160
2026-09-10 20:57:22,198 INFO o.a.j.t.JMeterThread: Thread started: Thread Group - until HTTP 503 - 272 users 1-161
2026-09-10 20:57:22,425 INFO o.a.j.t.JMeterThread: Thread started: Thread Group - until HTTP 503 - 272 users 1-162
2026-09-10 20:57:22,663 INFO o.a.j.t.JMeterThread: Thread started: Thread Group - until HTTP 503 - 272 users 1-163
2026-09-10 20:57:22,867 INFO o.a.j.t.JMeterThread: Thread started: Thread Group - until HTTP 503 - 272 users 1-164
2026-09-10 20:57:23,088 INFO o.a.j.t.JMeterThread: Thread started: Thread Group - until HTTP 503 - 272 users 1-165
2026-09-10 20:57:23,301 INFO o.a.j.t.JMeterThread: Thread started: Thread Group - until HTTP 503 - 272 users 1-166
2026-09-10 20:57:23,530 INFO o.a.j.t.JMeterThread: Thread started: Thread Group - until HTTP 503 - 272 users 1-167
2026-09-10 20:57:23,752 INFO o.a.j.t.JMeterThread: Thread started: Thread Group - until HTTP 503 - 272 users 1-168
2026-09-10 20:57:23,974 INFO o.a.j.t.JMeterThread: Thread started: Thread Group - until HTTP 503 - 272 users 1-169
2026-09-10 20:57:24,186 INFO o.a.j.t.JMeterThread: Thread started: Thread Group - until HTTP 503 - 272 users 1-170
2026-09-10 20:57:24,414 INFO o.a.j.t.JMeterThread: Thread started: Thread Group - until HTTP 503 - 272 users 1-171
2026-09-10 20:57:24,635 INFO o.a.j.t.JMeterThread: Thread started: Thread Group - until HTTP 503 - 272 users 1-172
2026-09-10 20:57:24,856 INFO o.a.j.t.JMeterThread: Thread started: Thread Group - until HTTP 503 - 272 users 1-173
2026-09-10 20:57:25,094 INFO o.a.j.t.JMeterThread: Thread started: Thread Group - until HTTP 503 - 272 users 1-174
2026-09-10 20:57:25,297 INFO o.a.j.t.JMeterThread: Thread started: Thread Group - until HTTP 503 - 272 users 1-175
2026-09-10 20:57:25,519 INFO o.a.j.t.JMeterThread: Thread started: Thread Group - until HTTP 503 - 272 users 1-176
2026-09-10 20:57:25,740 INFO o.a.j.t.JMeterThread: Thread started: Thread Group - until HTTP 503 - 272 users 1-177
2026-09-10 20:57:25,961 INFO o.a.j.t.JMeterThread: Thread started: Thread Group - until HTTP 503 - 272 users 1-178
2026-09-10 20:57:26,197 INFO o.a.j.t.JMeterThread: Thread started: Thread Group - until HTTP 503 - 272 users 1-179
2026-09-10 20:57:26,401 INFO o.a.j.t.JMeterThread: Thread started: Thread Group - until HTTP 503 - 272 users 1-180
2026-09-10 20:57:26,623 INFO o.a.j.t.JMeterThread: Thread started: Thread Group - until HTTP 503 - 272 users 1-181
2026-09-10 20:57:26,844 INFO o.a.j.t.JMeterThread: Thread started: Thread Group - until HTTP 503 - 272 users 1-182
2026-09-10 20:57:27,078 INFO o.a.j.t.JMeterThread: Thread started: Thread Group - until HTTP 503 - 272 users 1-183
2026-09-10 20:57:27,287 INFO o.a.j.t.JMeterThread: Thread started: Thread Group - until HTTP 503 - 272 users 1-184
2026-09-10 20:57:27,501 INFO o.a.j.t.JMeterThread: Thread started: Thread Group - until HTTP 503 - 272 users 1-185
2026-09-10 20:57:27,739 INFO o.a.j.t.JMeterThread: Thread started: Thread Group - until HTTP 503 - 272 users 1-186
2026-09-10 20:57:27,942 INFO o.a.j.t.JMeterThread: Thread started: Thread Group - until HTTP 503 - 272 users 1-187
2026-09-10 20:57:28,182 INFO o.a.j.t.JMeterThread: Thread started: Thread Group - until HTTP 503 - 272 users 1-188
2026-09-10 20:57:28,384 INFO o.a.j.t.JMeterThread: Thread started: Thread Group - until HTTP 503 - 272 users 1-189
2026-09-10 20:57:28,613 INFO o.a.j.t.JMeterThread: Thread started: Thread Group - until HTTP 503 - 272 users 1-190
2026-09-10 20:57:28,833 INFO o.a.j.t.JMeterThread: Thread started: Thread Group - until HTTP 503 - 272 users 1-191
2026-09-10 20:57:29,053 INFO o.a.j.t.JMeterThread: Thread started: Thread Group - until HTTP 503 - 272 users 1-192
2026-09-10 20:57:29,275 INFO o.a.j.t.JMeterThread: Thread started: Thread Group - until HTTP 503 - 272 users 1-193
2026-09-10 20:57:29,495 INFO o.a.j.t.JMeterThread: Thread started: Thread Group - until HTTP 503 - 272 users 1-194
2026-09-10 20:57:29,716 INFO o.a.j.t.JMeterThread: Thread started: Thread Group - until HTTP 503 - 272 users 1-195
2026-09-10 20:57:29,938 INFO o.a.j.t.JMeterThread: Thread started: Thread Group - until HTTP 503 - 272 users 1-196
2026-09-10 20:57:30,160 INFO o.a.j.t.JMeterThread: Thread started: Thread Group - until HTTP 503 - 272 users 1-197
2026-09-10 20:57:30,379 INFO o.a.j.t.JMeterThread: Thread started: Thread Group - until HTTP 503 - 272 users 1-198
2026-09-10 20:57:30,600 INFO o.a.j.t.JMeterThread: Thread started: Thread Group - until HTTP 503 - 272 users 1-199
2026-09-10 20:57:30,821 INFO o.a.j.t.JMeterThread: Thread started: Thread Group - until HTTP 503 - 272 users 1-200
2026-09-10 20:57:30,826 INFO o.a.j.r.Summariser: summary +    800 in 00:00:30 =   26.4/s Avg:  4170 Min:  1920 Max:  9255 Err:   800 (100.00%) Active: 200 Started: 200 Finished: 0
2026-09-10 20:57:30,827 INFO o.a.j.r.Summariser: summary =   1146 in 00:00:44 =   26.0/s Avg:  3202 Min:   515 Max:  9255 Err:  1040 (90.75%)
2026-09-10 20:57:31,035 INFO o.a.j.t.JMeterThread: Thread started: Thread Group - until HTTP 503 - 272 users 1-201
2026-09-10 20:57:31,264 INFO o.a.j.t.JMeterThread: Thread started: Thread Group - until HTTP 503 - 272 users 1-202
2026-09-10 20:57:31,485 INFO o.a.j.t.JMeterThread: Thread started: Thread Group - until HTTP 503 - 272 users 1-203
2026-09-10 20:57:31,705 INFO o.a.j.t.JMeterThread: Thread started: Thread Group - until HTTP 503 - 272 users 1-204
2026-09-10 20:57:31,921 INFO o.a.j.t.JMeterThread: Thread started: Thread Group - until HTTP 503 - 272 users 1-205
2026-09-10 20:57:32,148 INFO o.a.j.t.JMeterThread: Thread started: Thread Group - until HTTP 503 - 272 users 1-206
2026-09-10 20:57:32,370 INFO o.a.j.t.JMeterThread: Thread started: Thread Group - until HTTP 503 - 272 users 1-207
2026-09-10 20:57:32,590 INFO o.a.j.t.JMeterThread: Thread started: Thread Group - until HTTP 503 - 272 users 1-208
2026-09-10 20:57:32,803 INFO o.a.j.t.JMeterThread: Thread started: Thread Group - until HTTP 503 - 272 users 1-209
2026-09-10 20:57:33,033 INFO o.a.j.t.JMeterThread: Thread started: Thread Group - until HTTP 503 - 272 users 1-210
2026-09-10 20:57:33,254 INFO o.a.j.t.JMeterThread: Thread started: Thread Group - until HTTP 503 - 272 users 1-211
2026-09-10 20:57:33,474 INFO o.a.j.t.JMeterThread: Thread started: Thread Group - until HTTP 503 - 272 users 1-212
2026-09-10 20:57:33,704 INFO o.a.j.t.JMeterThread: Thread started: Thread Group - until HTTP 503 - 272 users 1-213
2026-09-10 20:57:33,921 INFO o.a.j.t.JMeterThread: Thread started: Thread Group - until HTTP 503 - 272 users 1-214
2026-09-10 20:57:34,154 INFO o.a.j.t.JMeterThread: Thread started: Thread Group - until HTTP 503 - 272 users 1-215
2026-09-10 20:57:34,351 INFO o.a.j.t.JMeterThread: Thread started: Thread Group - until HTTP 503 - 272 users 1-216
2026-09-10 20:57:34,572 INFO o.a.j.t.JMeterThread: Thread started: Thread Group - until HTTP 503 - 272 users 1-217
2026-09-10 20:57:34,804 INFO o.a.j.t.JMeterThread: Thread started: Thread Group - until HTTP 503 - 272 users 1-218
2026-09-10 20:57:35,028 INFO o.a.j.t.JMeterThread: Thread started: Thread Group - until HTTP 503 - 272 users 1-219
2026-09-10 20:57:35,245 INFO o.a.j.t.JMeterThread: Thread started: Thread Group - until HTTP 503 - 272 users 1-220
2026-09-10 20:57:35,467 INFO o.a.j.t.JMeterThread: Thread started: Thread Group - until HTTP 503 - 272 users 1-221
2026-09-10 20:57:35,688 INFO o.a.j.t.JMeterThread: Thread started: Thread Group - until HTTP 503 - 272 users 1-222
2026-09-10 20:57:35,909 INFO o.a.j.t.JMeterThread: Thread started: Thread Group - until HTTP 503 - 272 users 1-223
2026-09-10 20:57:36,128 INFO o.a.j.t.JMeterThread: Thread started: Thread Group - until HTTP 503 - 272 users 1-224
2026-09-10 20:57:36,351 INFO o.a.j.t.JMeterThread: Thread started: Thread Group - until HTTP 503 - 272 users 1-225
2026-09-10 20:57:36,571 INFO o.a.j.t.JMeterThread: Thread started: Thread Group - until HTTP 503 - 272 users 1-226
2026-09-10 20:57:36,792 INFO o.a.j.t.JMeterThread: Thread started: Thread Group - until HTTP 503 - 272 users 1-227
2026-09-10 20:57:37,014 INFO o.a.j.t.JMeterThread: Thread started: Thread Group - until HTTP 503 - 272 users 1-228
2026-09-10 20:57:37,225 INFO o.a.j.t.JMeterThread: Thread started: Thread Group - until HTTP 503 - 272 users 1-229
2026-09-10 20:57:37,454 INFO o.a.j.t.JMeterThread: Thread started: Thread Group - until HTTP 503 - 272 users 1-230
2026-09-10 20:57:37,676 INFO o.a.j.t.JMeterThread: Thread started: Thread Group - until HTTP 503 - 272 users 1-231
2026-09-10 20:57:37,897 INFO o.a.j.t.JMeterThread: Thread started: Thread Group - until HTTP 503 - 272 users 1-232
2026-09-10 20:57:38,118 INFO o.a.j.t.JMeterThread: Thread started: Thread Group - until HTTP 503 - 272 users 1-233
2026-09-10 20:57:38,338 INFO o.a.j.t.JMeterThread: Thread started: Thread Group - until HTTP 503 - 272 users 1-234
2026-09-10 20:57:38,559 INFO o.a.j.t.JMeterThread: Thread started: Thread Group - until HTTP 503 - 272 users 1-235
2026-09-10 20:57:38,772 INFO o.a.j.t.JMeterThread: Thread started: Thread Group - until HTTP 503 - 272 users 1-236
2026-09-10 20:57:39,001 INFO o.a.j.t.JMeterThread: Thread started: Thread Group - until HTTP 503 - 272 users 1-237
2026-09-10 20:57:39,223 INFO o.a.j.t.JMeterThread: Thread started: Thread Group - until HTTP 503 - 272 users 1-238
2026-09-10 20:57:39,444 INFO o.a.j.t.JMeterThread: Thread started: Thread Group - until HTTP 503 - 272 users 1-239
2026-09-10 20:57:39,656 INFO o.a.j.t.JMeterThread: Thread started: Thread Group - until HTTP 503 - 272 users 1-240
2026-09-10 20:57:39,877 INFO o.a.j.t.JMeterThread: Thread started: Thread Group - until HTTP 503 - 272 users 1-241
2026-09-10 20:57:40,105 INFO o.a.j.t.JMeterThread: Thread started: Thread Group - until HTTP 503 - 272 users 1-242
2026-09-10 20:57:40,326 INFO o.a.j.t.JMeterThread: Thread started: Thread Group - until HTTP 503 - 272 users 1-243
2026-09-10 20:57:40,543 INFO o.a.j.t.JMeterThread: Thread started: Thread Group - until HTTP 503 - 272 users 1-244
2026-09-10 20:57:40,767 INFO o.a.j.t.JMeterThread: Thread started: Thread Group - until HTTP 503 - 272 users 1-245
2026-09-10 20:57:40,988 INFO o.a.j.t.JMeterThread: Thread started: Thread Group - until HTTP 503 - 272 users 1-246
2026-09-10 20:57:41,210 INFO o.a.j.t.JMeterThread: Thread started: Thread Group - until HTTP 503 - 272 users 1-247
2026-09-10 20:57:41,431 INFO o.a.j.t.JMeterThread: Thread started: Thread Group - until HTTP 503 - 272 users 1-248
2026-09-10 20:57:41,652 INFO o.a.j.t.JMeterThread: Thread started: Thread Group - until HTTP 503 - 272 users 1-249
2026-09-10 20:57:41,872 INFO o.a.j.t.JMeterThread: Thread started: Thread Group - until HTTP 503 - 272 users 1-250
2026-09-10 20:57:42,093 INFO o.a.j.t.JMeterThread: Thread started: Thread Group - until HTTP 503 - 272 users 1-251
2026-09-10 20:57:42,313 INFO o.a.j.t.JMeterThread: Thread started: Thread Group - until HTTP 503 - 272 users 1-252
2026-09-10 20:57:42,535 INFO o.a.j.t.JMeterThread: Thread started: Thread Group - until HTTP 503 - 272 users 1-253
2026-09-10 20:57:42,756 INFO o.a.j.t.JMeterThread: Thread started: Thread Group - until HTTP 503 - 272 users 1-254
2026-09-10 20:57:42,973 INFO o.a.j.t.JMeterThread: Thread started: Thread Group - until HTTP 503 - 272 users 1-255
2026-09-10 20:57:43,195 INFO o.a.j.t.JMeterThread: Thread started: Thread Group - until HTTP 503 - 272 users 1-256
2026-09-10 20:57:43,416 INFO o.a.j.t.JMeterThread: Thread started: Thread Group - until HTTP 503 - 272 users 1-257
2026-09-10 20:57:43,636 INFO o.a.j.t.JMeterThread: Thread started: Thread Group - until HTTP 503 - 272 users 1-258
2026-09-10 20:57:43,857 INFO o.a.j.t.JMeterThread: Thread started: Thread Group - until HTTP 503 - 272 users 1-259
2026-09-10 20:57:44,079 INFO o.a.j.t.JMeterThread: Thread started: Thread Group - until HTTP 503 - 272 users 1-260
2026-09-10 20:57:44,300 INFO o.a.j.t.JMeterThread: Thread started: Thread Group - until HTTP 503 - 272 users 1-261
2026-09-10 20:57:44,520 INFO o.a.j.t.JMeterThread: Thread started: Thread Group - until HTTP 503 - 272 users 1-262
2026-09-10 20:57:44,740 INFO o.a.j.t.JMeterThread: Thread started: Thread Group - until HTTP 503 - 272 users 1-263
2026-09-10 20:57:44,961 INFO o.a.j.t.JMeterThread: Thread started: Thread Group - until HTTP 503 - 272 users 1-264
2026-09-10 20:57:45,181 INFO o.a.j.t.JMeterThread: Thread started: Thread Group - until HTTP 503 - 272 users 1-265
2026-09-10 20:57:45,401 INFO o.a.j.t.JMeterThread: Thread started: Thread Group - until HTTP 503 - 272 users 1-266
2026-09-10 20:57:45,623 INFO o.a.j.t.JMeterThread: Thread started: Thread Group - until HTTP 503 - 272 users 1-267
2026-09-10 20:57:45,843 INFO o.a.j.t.JMeterThread: Thread started: Thread Group - until HTTP 503 - 272 users 1-268
2026-09-10 20:57:46,064 INFO o.a.j.t.JMeterThread: Thread started: Thread Group - until HTTP 503 - 272 users 1-269
2026-09-10 20:57:46,285 INFO o.a.j.t.JMeterThread: Thread started: Thread Group - until HTTP 503 - 272 users 1-270
2026-09-10 20:57:46,506 INFO o.a.j.t.JMeterThread: Thread started: Thread Group - until HTTP 503 - 272 users 1-271
2026-09-10 20:57:46,727 INFO o.a.j.t.JMeterThread: Thread started: Thread Group - until HTTP 503 - 272 users 1-272
2026-09-10 20:58:00,201 INFO o.a.j.r.Summariser: summary +    849 in 00:00:29 =   28.9/s Avg:  8032 Min:  4671 Max: 14632 Err:   849 (100.00%) Active: 272 Started: 272 Finished: 0
2026-09-10 20:58:00,202 INFO o.a.j.r.Summariser: summary =   1995 in 00:01:13 =   27.2/s Avg:  5257 Min:   515 Max: 14632 Err:  1889 (94.69%)
2026-09-10 20:58:17,190 INFO o.a.j.t.JMeterThread: Stopping because end time detected by thread: Thread Group - until HTTP 503 - 272 users 1-188
2026-09-10 20:58:17,190 INFO o.a.j.t.JMeterThread: Stopping because end time detected by thread: Thread Group - until HTTP 503 - 272 users 1-200
2026-09-10 20:58:17,190 INFO o.a.j.t.JMeterThread: Stopping because end time detected by thread: Thread Group - until HTTP 503 - 272 users 1-89
2026-09-10 20:58:17,190 INFO o.a.j.t.JMeterThread: Stopping because end time detected by thread: Thread Group - until HTTP 503 - 272 users 1-76
2026-09-10 20:58:17,190 INFO o.a.j.t.JMeterThread: Thread finished: Thread Group - until HTTP 503 - 272 users 1-89
2026-09-10 20:58:17,190 INFO o.a.j.t.JMeterThread: Stopping because end time detected by thread: Thread Group - until HTTP 503 - 272 users 1-139
2026-09-10 20:58:17,190 INFO o.a.j.t.JMeterThread: Stopping because end time detected by thread: Thread Group - until HTTP 503 - 272 users 1-145
2026-09-10 20:58:17,190 INFO o.a.j.t.JMeterThread: Thread finished: Thread Group - until HTTP 503 - 272 users 1-76
2026-09-10 20:58:17,190 INFO o.a.j.t.JMeterThread: Thread finished: Thread Group - until HTTP 503 - 272 users 1-139
2026-09-10 20:58:17,190 INFO o.a.j.t.JMeterThread: Stopping because end time detected by thread: Thread Group - until HTTP 503 - 272 users 1-162
2026-09-10 20:58:17,190 INFO o.a.j.t.JMeterThread: Thread finished: Thread Group - until HTTP 503 - 272 users 1-200
2026-09-10 20:58:17,190 INFO o.a.j.t.JMeterThread: Thread finished: Thread Group - until HTTP 503 - 272 users 1-162
2026-09-10 20:58:17,190 INFO o.a.j.t.JMeterThread: Thread finished: Thread Group - until HTTP 503 - 272 users 1-145
2026-09-10 20:58:17,190 INFO o.a.j.t.JMeterThread: Thread finished: Thread Group - until HTTP 503 - 272 users 1-188
2026-09-10 20:58:17,192 INFO o.a.j.t.JMeterThread: Stopping because end time detected by thread: Thread Group - until HTTP 503 - 272 users 1-3
2026-09-10 20:58:17,192 INFO o.a.j.t.JMeterThread: Stopping because end time detected by thread: Thread Group - until HTTP 503 - 272 users 1-197
2026-09-10 20:58:17,192 INFO o.a.j.t.JMeterThread: Thread finished: Thread Group - until HTTP 503 - 272 users 1-3
2026-09-10 20:58:17,192 INFO o.a.j.t.JMeterThread: Thread finished: Thread Group - until HTTP 503 - 272 users 1-197
2026-09-10 20:58:17,192 INFO o.a.j.t.JMeterThread: Stopping because end time detected by thread: Thread Group - until HTTP 503 - 272 users 1-180
2026-09-10 20:58:17,192 INFO o.a.j.t.JMeterThread: Stopping because end time detected by thread: Thread Group - until HTTP 503 - 272 users 1-271
2026-09-10 20:58:17,192 INFO o.a.j.t.JMeterThread: Stopping because end time detected by thread: Thread Group - until HTTP 503 - 272 users 1-106
2026-09-10 20:58:17,192 INFO o.a.j.t.JMeterThread: Thread finished: Thread Group - until HTTP 503 - 272 users 1-271
2026-09-10 20:58:17,192 INFO o.a.j.t.JMeterThread: Thread finished: Thread Group - until HTTP 503 - 272 users 1-106
2026-09-10 20:58:17,192 INFO o.a.j.t.JMeterThread: Stopping because end time detected by thread: Thread Group - until HTTP 503 - 272 users 1-105
2026-09-10 20:58:17,192 INFO o.a.j.t.JMeterThread: Stopping because end time detected by thread: Thread Group - until HTTP 503 - 272 users 1-199
2026-09-10 20:58:17,193 INFO o.a.j.t.JMeterThread: Thread finished: Thread Group - until HTTP 503 - 272 users 1-105
2026-09-10 20:58:17,193 INFO o.a.j.t.JMeterThread: Thread finished: Thread Group - until HTTP 503 - 272 users 1-199
2026-09-10 20:58:17,192 INFO o.a.j.t.JMeterThread: Stopping because end time detected by thread: Thread Group - until HTTP 503 - 272 users 1-236
2026-09-10 20:58:17,193 INFO o.a.j.t.JMeterThread: Stopping because end time detected by thread: Thread Group - until HTTP 503 - 272 users 1-186
2026-09-10 20:58:17,193 INFO o.a.j.t.JMeterThread: Thread finished: Thread Group - until HTTP 503 - 272 users 1-186
2026-09-10 20:58:17,193 INFO o.a.j.t.JMeterThread: Stopping because end time detected by thread: Thread Group - until HTTP 503 - 272 users 1-161
2026-09-10 20:58:17,193 INFO o.a.j.t.JMeterThread: Stopping because end time detected by thread: Thread Group - until HTTP 503 - 272 users 1-225
2026-09-10 20:58:17,192 INFO o.a.j.t.JMeterThread: Stopping because end time detected by thread: Thread Group - until HTTP 503 - 272 users 1-30
2026-09-10 20:58:17,192 INFO o.a.j.t.JMeterThread: Stopping because end time detected by thread: Thread Group - until HTTP 503 - 272 users 1-8
2026-09-10 20:58:17,193 INFO o.a.j.t.JMeterThread: Thread finished: Thread Group - until HTTP 503 - 272 users 1-225
2026-09-10 20:58:17,192 INFO o.a.j.t.JMeterThread: Stopping because end time detected by thread: Thread Group - until HTTP 503 - 272 users 1-226
2026-09-10 20:58:17,192 INFO o.a.j.t.JMeterThread: Stopping because end time detected by thread: Thread Group - until HTTP 503 - 272 users 1-5
2026-09-10 20:58:17,193 INFO o.a.j.t.JMeterThread: Thread finished: Thread Group - until HTTP 503 - 272 users 1-30
2026-09-10 20:58:17,192 INFO o.a.j.t.JMeterThread: Stopping because end time detected by thread: Thread Group - until HTTP 503 - 272 users 1-42
2026-09-10 20:58:17,192 INFO o.a.j.t.JMeterThread: Stopping because end time detected by thread: Thread Group - until HTTP 503 - 272 users 1-2
2026-09-10 20:58:17,193 INFO o.a.j.t.JMeterThread: Thread finished: Thread Group - until HTTP 503 - 272 users 1-42
2026-09-10 20:58:17,192 INFO o.a.j.t.JMeterThread: Stopping because end time detected by thread: Thread Group - until HTTP 503 - 272 users 1-160
2026-09-10 20:58:17,192 INFO o.a.j.t.JMeterThread: Thread finished: Thread Group - until HTTP 503 - 272 users 1-180
2026-09-10 20:58:17,192 INFO o.a.j.t.JMeterThread: Stopping because end time detected by thread: Thread Group - until HTTP 503 - 272 users 1-11
2026-09-10 20:58:17,193 INFO o.a.j.t.JMeterThread: Thread finished: Thread Group - until HTTP 503 - 272 users 1-236
2026-09-10 20:58:17,193 INFO o.a.j.t.JMeterThread: Thread finished: Thread Group - until HTTP 503 - 272 users 1-161
2026-09-10 20:58:17,193 INFO o.a.j.t.JMeterThread: Thread finished: Thread Group - until HTTP 503 - 272 users 1-11
2026-09-10 20:58:17,193 INFO o.a.j.t.JMeterThread: Thread finished: Thread Group - until HTTP 503 - 272 users 1-8
2026-09-10 20:58:17,193 INFO o.a.j.t.JMeterThread: Thread finished: Thread Group - until HTTP 503 - 272 users 1-226
2026-09-10 20:58:17,193 INFO o.a.j.t.JMeterThread: Thread finished: Thread Group - until HTTP 503 - 272 users 1-5
2026-09-10 20:58:17,193 INFO o.a.j.t.JMeterThread: Thread finished: Thread Group - until HTTP 503 - 272 users 1-2
2026-09-10 20:58:17,193 INFO o.a.j.t.JMeterThread: Thread finished: Thread Group - until HTTP 503 - 272 users 1-160
2026-09-10 20:58:17,194 INFO o.a.j.t.JMeterThread: Stopping because end time detected by thread: Thread Group - until HTTP 503 - 272 users 1-211
2026-09-10 20:58:17,194 INFO o.a.j.t.JMeterThread: Stopping because end time detected by thread: Thread Group - until HTTP 503 - 272 users 1-264
2026-09-10 20:58:17,194 INFO o.a.j.t.JMeterThread: Stopping because end time detected by thread: Thread Group - until HTTP 503 - 272 users 1-32
2026-09-10 20:58:17,194 INFO o.a.j.t.JMeterThread: Stopping because end time detected by thread: Thread Group - until HTTP 503 - 272 users 1-13
2026-09-10 20:58:17,194 INFO o.a.j.t.JMeterThread: Thread finished: Thread Group - until HTTP 503 - 272 users 1-211
2026-09-10 20:58:17,194 INFO o.a.j.t.JMeterThread: Stopping because end time detected by thread: Thread Group - until HTTP 503 - 272 users 1-31
2026-09-10 20:58:17,194 INFO o.a.j.t.JMeterThread: Thread finished: Thread Group - until HTTP 503 - 272 users 1-264
2026-09-10 20:58:17,195 INFO o.a.j.t.JMeterThread: Thread finished: Thread Group - until HTTP 503 - 272 users 1-31
2026-09-10 20:58:17,195 INFO o.a.j.t.JMeterThread: Thread finished: Thread Group - until HTTP 503 - 272 users 1-32
2026-09-10 20:58:17,195 INFO o.a.j.t.JMeterThread: Stopping because end time detected by thread: Thread Group - until HTTP 503 - 272 users 1-25
2026-09-10 20:58:17,195 INFO o.a.j.t.JMeterThread: Thread finished: Thread Group - until HTTP 503 - 272 users 1-13
2026-09-10 20:58:17,195 INFO o.a.j.t.JMeterThread: Stopping because end time detected by thread: Thread Group - until HTTP 503 - 272 users 1-28
2026-09-10 20:58:17,195 INFO o.a.j.t.JMeterThread: Thread finished: Thread Group - until HTTP 503 - 272 users 1-28
2026-09-10 20:58:17,195 INFO o.a.j.t.JMeterThread: Thread finished: Thread Group - until HTTP 503 - 272 users 1-25
2026-09-10 20:58:17,195 INFO o.a.j.t.JMeterThread: Stopping because end time detected by thread: Thread Group - until HTTP 503 - 272 users 1-189
2026-09-10 20:58:17,195 INFO o.a.j.t.JMeterThread: Thread finished: Thread Group - until HTTP 503 - 272 users 1-189
2026-09-10 20:58:17,195 INFO o.a.j.t.JMeterThread: Stopping because end time detected by thread: Thread Group - until HTTP 503 - 272 users 1-260
2026-09-10 20:58:17,195 INFO o.a.j.t.JMeterThread: Thread finished: Thread Group - until HTTP 503 - 272 users 1-260
2026-09-10 20:58:17,195 INFO o.a.j.t.JMeterThread: Stopping because end time detected by thread: Thread Group - until HTTP 503 - 272 users 1-267
2026-09-10 20:58:17,195 INFO o.a.j.t.JMeterThread: Thread finished: Thread Group - until HTTP 503 - 272 users 1-267
2026-09-10 20:58:18,274 INFO o.a.j.t.JMeterThread: Stopping because end time detected by thread: Thread Group - until HTTP 503 - 272 users 1-12
2026-09-10 20:58:18,274 INFO o.a.j.t.JMeterThread: Stopping because end time detected by thread: Thread Group - until HTTP 503 - 272 users 1-40
2026-09-10 20:58:18,274 INFO o.a.j.t.JMeterThread: Thread finished: Thread Group - until HTTP 503 - 272 users 1-12
2026-09-10 20:58:18,274 INFO o.a.j.t.JMeterThread: Stopping because end time detected by thread: Thread Group - until HTTP 503 - 272 users 1-85
2026-09-10 20:58:18,274 INFO o.a.j.t.JMeterThread: Stopping because end time detected by thread: Thread Group - until HTTP 503 - 272 users 1-77
2026-09-10 20:58:18,275 INFO o.a.j.t.JMeterThread: Thread finished: Thread Group - until HTTP 503 - 272 users 1-77
2026-09-10 20:58:18,275 INFO o.a.j.t.JMeterThread: Stopping because end time detected by thread: Thread Group - until HTTP 503 - 272 users 1-29
2026-09-10 20:58:18,275 INFO o.a.j.t.JMeterThread: Stopping because end time detected by thread: Thread Group - until HTTP 503 - 272 users 1-147
2026-09-10 20:58:18,275 INFO o.a.j.t.JMeterThread: Thread finished: Thread Group - until HTTP 503 - 272 users 1-147
2026-09-10 20:58:18,275 INFO o.a.j.t.JMeterThread: Stopping because end time detected by thread: Thread Group - until HTTP 503 - 272 users 1-120
2026-09-10 20:58:18,275 INFO o.a.j.t.JMeterThread: Stopping because end time detected by thread: Thread Group - until HTTP 503 - 272 users 1-132
2026-09-10 20:58:18,275 INFO o.a.j.t.JMeterThread: Thread finished: Thread Group - until HTTP 503 - 272 users 1-120
2026-09-10 20:58:18,275 INFO o.a.j.t.JMeterThread: Stopping because end time detected by thread: Thread Group - until HTTP 503 - 272 users 1-157
2026-09-10 20:58:18,275 INFO o.a.j.t.JMeterThread: Stopping because end time detected by thread: Thread Group - until HTTP 503 - 272 users 1-156
2026-09-10 20:58:18,275 INFO o.a.j.t.JMeterThread: Thread finished: Thread Group - until HTTP 503 - 272 users 1-157
2026-09-10 20:58:18,275 INFO o.a.j.t.JMeterThread: Thread finished: Thread Group - until HTTP 503 - 272 users 1-156
2026-09-10 20:58:18,275 INFO o.a.j.t.JMeterThread: Stopping because end time detected by thread: Thread Group - until HTTP 503 - 272 users 1-250
2026-09-10 20:58:18,275 INFO o.a.j.t.JMeterThread: Stopping because end time detected by thread: Thread Group - until HTTP 503 - 272 users 1-254
2026-09-10 20:58:18,275 INFO o.a.j.t.JMeterThread: Stopping because end time detected by thread: Thread Group - until HTTP 503 - 272 users 1-164
2026-09-10 20:58:18,275 INFO o.a.j.t.JMeterThread: Thread finished: Thread Group - until HTTP 503 - 272 users 1-254
2026-09-10 20:58:18,275 INFO o.a.j.t.JMeterThread: Thread finished: Thread Group - until HTTP 503 - 272 users 1-164
2026-09-10 20:58:18,276 INFO o.a.j.t.JMeterThread: Stopping because end time detected by thread: Thread Group - until HTTP 503 - 272 users 1-119
2026-09-10 20:58:18,276 INFO o.a.j.t.JMeterThread: Thread finished: Thread Group - until HTTP 503 - 272 users 1-119
2026-09-10 20:58:18,276 INFO o.a.j.t.JMeterThread: Stopping because end time detected by thread: Thread Group - until HTTP 503 - 272 users 1-193
2026-09-10 20:58:18,276 INFO o.a.j.t.JMeterThread: Thread finished: Thread Group - until HTTP 503 - 272 users 1-193
2026-09-10 20:58:18,276 INFO o.a.j.t.JMeterThread: Stopping because end time detected by thread: Thread Group - until HTTP 503 - 272 users 1-135
2026-09-10 20:58:18,276 INFO o.a.j.t.JMeterThread: Stopping because end time detected by thread: Thread Group - until HTTP 503 - 272 users 1-204
2026-09-10 20:58:18,276 INFO o.a.j.t.JMeterThread: Thread finished: Thread Group - until HTTP 503 - 272 users 1-135
2026-09-10 20:58:18,276 INFO o.a.j.t.JMeterThread: Thread finished: Thread Group - until HTTP 503 - 272 users 1-204
2026-09-10 20:58:18,276 INFO o.a.j.t.JMeterThread: Stopping because end time detected by thread: Thread Group - until HTTP 503 - 272 users 1-167
2026-09-10 20:58:18,276 INFO o.a.j.t.JMeterThread: Stopping because end time detected by thread: Thread Group - until HTTP 503 - 272 users 1-202
2026-09-10 20:58:18,276 INFO o.a.j.t.JMeterThread: Stopping because end time detected by thread: Thread Group - until HTTP 503 - 272 users 1-205
2026-09-10 20:58:18,276 INFO o.a.j.t.JMeterThread: Thread finished: Thread Group - until HTTP 503 - 272 users 1-202
2026-09-10 20:58:18,276 INFO o.a.j.t.JMeterThread: Thread finished: Thread Group - until HTTP 503 - 272 users 1-205
2026-09-10 20:58:18,277 INFO o.a.j.t.JMeterThread: Stopping because end time detected by thread: Thread Group - until HTTP 503 - 272 users 1-203
2026-09-10 20:58:18,277 INFO o.a.j.t.JMeterThread: Thread finished: Thread Group - until HTTP 503 - 272 users 1-203
2026-09-10 20:58:18,277 INFO o.a.j.t.JMeterThread: Stopping because end time detected by thread: Thread Group - until HTTP 503 - 272 users 1-229
2026-09-10 20:58:18,277 INFO o.a.j.t.JMeterThread: Stopping because end time detected by thread: Thread Group - until HTTP 503 - 272 users 1-218
2026-09-10 20:58:18,277 INFO o.a.j.t.JMeterThread: Thread finished: Thread Group - until HTTP 503 - 272 users 1-229
2026-09-10 20:58:18,277 INFO o.a.j.t.JMeterThread: Stopping because end time detected by thread: Thread Group - until HTTP 503 - 272 users 1-228
2026-09-10 20:58:18,277 INFO o.a.j.t.JMeterThread: Thread finished: Thread Group - until HTTP 503 - 272 users 1-228
2026-09-10 20:58:18,277 INFO o.a.j.t.JMeterThread: Stopping because end time detected by thread: Thread Group - until HTTP 503 - 272 users 1-230
2026-09-10 20:58:18,277 INFO o.a.j.t.JMeterThread: Stopping because end time detected by thread: Thread Group - until HTTP 503 - 272 users 1-266
2026-09-10 20:58:18,277 INFO o.a.j.t.JMeterThread: Thread finished: Thread Group - until HTTP 503 - 272 users 1-266
2026-09-10 20:58:18,274 INFO o.a.j.t.JMeterThread: Stopping because end time detected by thread: Thread Group - until HTTP 503 - 272 users 1-19
2026-09-10 20:58:18,277 INFO o.a.j.t.JMeterThread: Stopping because end time detected by thread: Thread Group - until HTTP 503 - 272 users 1-130
2026-09-10 20:58:18,277 INFO o.a.j.t.JMeterThread: Thread finished: Thread Group - until HTTP 503 - 272 users 1-19
2026-09-10 20:58:18,277 INFO o.a.j.t.JMeterThread: Thread finished: Thread Group - until HTTP 503 - 272 users 1-130
2026-09-10 20:58:18,277 INFO o.a.j.t.JMeterThread: Stopping because end time detected by thread: Thread Group - until HTTP 503 - 272 users 1-265
2026-09-10 20:58:18,274 INFO o.a.j.t.JMeterThread: Stopping because end time detected by thread: Thread Group - until HTTP 503 - 272 users 1-235
2026-09-10 20:58:18,274 INFO o.a.j.t.JMeterThread: Stopping because end time detected by thread: Thread Group - until HTTP 503 - 272 users 1-248
2026-09-10 20:58:18,274 INFO o.a.j.t.JMeterThread: Stopping because end time detected by thread: Thread Group - until HTTP 503 - 272 users 1-249
2026-09-10 20:58:18,274 INFO o.a.j.t.JMeterThread: Stopping because end time detected by thread: Thread Group - until HTTP 503 - 272 users 1-20
2026-09-10 20:58:18,274 INFO o.a.j.t.JMeterThread: Thread finished: Thread Group - until HTTP 503 - 272 users 1-40
2026-09-10 20:58:18,274 INFO o.a.j.t.JMeterThread: Thread finished: Thread Group - until HTTP 503 - 272 users 1-85
2026-09-10 20:58:18,277 INFO o.a.j.t.JMeterThread: Thread finished: Thread Group - until HTTP 503 - 272 users 1-20
2026-09-10 20:58:18,275 INFO o.a.j.t.JMeterThread: Stopping because end time detected by thread: Thread Group - until HTTP 503 - 272 users 1-112
2026-09-10 20:58:18,278 INFO o.a.j.t.JMeterThread: Thread finished: Thread Group - until HTTP 503 - 272 users 1-112
2026-09-10 20:58:18,275 INFO o.a.j.t.JMeterThread: Thread finished: Thread Group - until HTTP 503 - 272 users 1-29
2026-09-10 20:58:18,275 INFO o.a.j.t.JMeterThread: Thread finished: Thread Group - until HTTP 503 - 272 users 1-132
2026-09-10 20:58:18,275 INFO o.a.j.t.JMeterThread: Thread finished: Thread Group - until HTTP 503 - 272 users 1-250
2026-09-10 20:58:18,276 INFO o.a.j.t.JMeterThread: Stopping because end time detected by thread: Thread Group - until HTTP 503 - 272 users 1-256
2026-09-10 20:58:18,278 INFO o.a.j.t.JMeterThread: Thread finished: Thread Group - until HTTP 503 - 272 users 1-256
2026-09-10 20:58:18,276 INFO o.a.j.t.JMeterThread: Stopping because end time detected by thread: Thread Group - until HTTP 503 - 272 users 1-257
2026-09-10 20:58:18,276 INFO o.a.j.t.JMeterThread: Stopping because end time detected by thread: Thread Group - until HTTP 503 - 272 users 1-190
2026-09-10 20:58:18,276 INFO o.a.j.t.JMeterThread: Thread finished: Thread Group - until HTTP 503 - 272 users 1-167
2026-09-10 20:58:18,277 INFO o.a.j.t.JMeterThread: Thread finished: Thread Group - until HTTP 503 - 272 users 1-218
2026-09-10 20:58:18,277 INFO o.a.j.t.JMeterThread: Thread finished: Thread Group - until HTTP 503 - 272 users 1-230
2026-09-10 20:58:18,277 INFO o.a.j.t.JMeterThread: Thread finished: Thread Group - until HTTP 503 - 272 users 1-265
2026-09-10 20:58:18,277 INFO o.a.j.t.JMeterThread: Thread finished: Thread Group - until HTTP 503 - 272 users 1-235
2026-09-10 20:58:18,277 INFO o.a.j.t.JMeterThread: Thread finished: Thread Group - until HTTP 503 - 272 users 1-248
2026-09-10 20:58:18,277 INFO o.a.j.t.JMeterThread: Thread finished: Thread Group - until HTTP 503 - 272 users 1-249
2026-09-10 20:58:18,278 INFO o.a.j.t.JMeterThread: Thread finished: Thread Group - until HTTP 503 - 272 users 1-190
2026-09-10 20:58:18,278 INFO o.a.j.t.JMeterThread: Thread finished: Thread Group - until HTTP 503 - 272 users 1-257
2026-09-10 20:58:19,533 INFO o.a.j.t.JMeterThread: Stopping because end time detected by thread: Thread Group - until HTTP 503 - 272 users 1-154
2026-09-10 20:58:19,533 INFO o.a.j.t.JMeterThread: Stopping because end time detected by thread: Thread Group - until HTTP 503 - 272 users 1-39
2026-09-10 20:58:19,533 INFO o.a.j.t.JMeterThread: Stopping because end time detected by thread: Thread Group - until HTTP 503 - 272 users 1-178
2026-09-10 20:58:19,533 INFO o.a.j.t.JMeterThread: Stopping because end time detected by thread: Thread Group - until HTTP 503 - 272 users 1-15
2026-09-10 20:58:19,533 INFO o.a.j.t.JMeterThread: Thread finished: Thread Group - until HTTP 503 - 272 users 1-154
2026-09-10 20:58:19,533 INFO o.a.j.t.JMeterThread: Stopping because end time detected by thread: Thread Group - until HTTP 503 - 272 users 1-128
2026-09-10 20:58:19,533 INFO o.a.j.t.JMeterThread: Stopping because end time detected by thread: Thread Group - until HTTP 503 - 272 users 1-227
2026-09-10 20:58:19,533 INFO o.a.j.t.JMeterThread: Stopping because end time detected by thread: Thread Group - until HTTP 503 - 272 users 1-74
2026-09-10 20:58:19,533 INFO o.a.j.t.JMeterThread: Thread finished: Thread Group - until HTTP 503 - 272 users 1-15
2026-09-10 20:58:19,534 INFO o.a.j.t.JMeterThread: Thread finished: Thread Group - until HTTP 503 - 272 users 1-227
2026-09-10 20:58:19,533 INFO o.a.j.t.JMeterThread: Thread finished: Thread Group - until HTTP 503 - 272 users 1-178
2026-09-10 20:58:19,533 INFO o.a.j.t.JMeterThread: Thread finished: Thread Group - until HTTP 503 - 272 users 1-39
2026-09-10 20:58:19,534 INFO o.a.j.t.JMeterThread: Stopping because end time detected by thread: Thread Group - until HTTP 503 - 272 users 1-153
2026-09-10 20:58:19,534 INFO o.a.j.t.JMeterThread: Thread finished: Thread Group - until HTTP 503 - 272 users 1-153
2026-09-10 20:58:19,534 INFO o.a.j.t.JMeterThread: Thread finished: Thread Group - until HTTP 503 - 272 users 1-128
2026-09-10 20:58:19,534 INFO o.a.j.t.JMeterThread: Stopping because end time detected by thread: Thread Group - until HTTP 503 - 272 users 1-272
2026-09-10 20:58:19,534 INFO o.a.j.t.JMeterThread: Thread finished: Thread Group - until HTTP 503 - 272 users 1-74
2026-09-10 20:58:19,534 INFO o.a.j.t.JMeterThread: Stopping because end time detected by thread: Thread Group - until HTTP 503 - 272 users 1-7
2026-09-10 20:58:19,535 INFO o.a.j.t.JMeterThread: Thread finished: Thread Group - until HTTP 503 - 272 users 1-272
2026-09-10 20:58:19,535 INFO o.a.j.t.JMeterThread: Stopping because end time detected by thread: Thread Group - until HTTP 503 - 272 users 1-152
2026-09-10 20:58:19,535 INFO o.a.j.t.JMeterThread: Stopping because end time detected by thread: Thread Group - until HTTP 503 - 272 users 1-268
2026-09-10 20:58:19,535 INFO o.a.j.t.JMeterThread: Thread finished: Thread Group - until HTTP 503 - 272 users 1-7
2026-09-10 20:58:19,535 INFO o.a.j.t.JMeterThread: Thread finished: Thread Group - until HTTP 503 - 272 users 1-152
2026-09-10 20:58:19,535 INFO o.a.j.t.JMeterThread: Thread finished: Thread Group - until HTTP 503 - 272 users 1-268
2026-09-10 20:58:20,142 INFO o.a.j.t.JMeterThread: Stopping because end time detected by thread: Thread Group - until HTTP 503 - 272 users 1-48
2026-09-10 20:58:20,142 INFO o.a.j.t.JMeterThread: Stopping because end time detected by thread: Thread Group - until HTTP 503 - 272 users 1-55
2026-09-10 20:58:20,142 INFO o.a.j.t.JMeterThread: Stopping because end time detected by thread: Thread Group - until HTTP 503 - 272 users 1-73
2026-09-10 20:58:20,142 INFO o.a.j.t.JMeterThread: Stopping because end time detected by thread: Thread Group - until HTTP 503 - 272 users 1-27
2026-09-10 20:58:20,142 INFO o.a.j.t.JMeterThread: Thread finished: Thread Group - until HTTP 503 - 272 users 1-48
2026-09-10 20:58:20,142 INFO o.a.j.t.JMeterThread: Thread finished: Thread Group - until HTTP 503 - 272 users 1-55
2026-09-10 20:58:20,142 INFO o.a.j.t.JMeterThread: Stopping because end time detected by thread: Thread Group - until HTTP 503 - 272 users 1-4
2026-09-10 20:58:20,142 INFO o.a.j.t.JMeterThread: Thread finished: Thread Group - until HTTP 503 - 272 users 1-73
2026-09-10 20:58:20,142 INFO o.a.j.t.JMeterThread: Stopping because end time detected by thread: Thread Group - until HTTP 503 - 272 users 1-61
2026-09-10 20:58:20,142 INFO o.a.j.t.JMeterThread: Stopping because end time detected by thread: Thread Group - until HTTP 503 - 272 users 1-69
2026-09-10 20:58:20,142 INFO o.a.j.t.JMeterThread: Thread finished: Thread Group - until HTTP 503 - 272 users 1-61
2026-09-10 20:58:20,142 INFO o.a.j.t.JMeterThread: Thread finished: Thread Group - until HTTP 503 - 272 users 1-69
2026-09-10 20:58:20,142 INFO o.a.j.t.JMeterThread: Thread finished: Thread Group - until HTTP 503 - 272 users 1-27
2026-09-10 20:58:20,142 INFO o.a.j.t.JMeterThread: Thread finished: Thread Group - until HTTP 503 - 272 users 1-4
2026-09-10 20:58:20,242 INFO o.a.j.t.JMeterThread: Stopping because end time detected by thread: Thread Group - until HTTP 503 - 272 users 1-239
2026-09-10 20:58:20,243 INFO o.a.j.t.JMeterThread: Stopping because end time detected by thread: Thread Group - until HTTP 503 - 272 users 1-216
2026-09-10 20:58:20,243 INFO o.a.j.t.JMeterThread: Stopping because end time detected by thread: Thread Group - until HTTP 503 - 272 users 1-75
2026-09-10 20:58:20,243 INFO o.a.j.t.JMeterThread: Stopping because end time detected by thread: Thread Group - until HTTP 503 - 272 users 1-221
2026-09-10 20:58:20,243 INFO o.a.j.t.JMeterThread: Stopping because end time detected by thread: Thread Group - until HTTP 503 - 272 users 1-68
2026-09-10 20:58:20,243 INFO o.a.j.t.JMeterThread: Stopping because end time detected by thread: Thread Group - until HTTP 503 - 272 users 1-131
2026-09-10 20:58:20,243 INFO o.a.j.t.JMeterThread: Thread finished: Thread Group - until HTTP 503 - 272 users 1-221
2026-09-10 20:58:20,243 INFO o.a.j.t.JMeterThread: Thread finished: Thread Group - until HTTP 503 - 272 users 1-68
2026-09-10 20:58:20,243 INFO o.a.j.t.JMeterThread: Stopping because end time detected by thread: Thread Group - until HTTP 503 - 272 users 1-115
2026-09-10 20:58:20,243 INFO o.a.j.t.JMeterThread: Stopping because end time detected by thread: Thread Group - until HTTP 503 - 272 users 1-219
2026-09-10 20:58:20,243 INFO o.a.j.t.JMeterThread: Stopping because end time detected by thread: Thread Group - until HTTP 503 - 272 users 1-220
2026-09-10 20:58:20,243 INFO o.a.j.t.JMeterThread: Thread finished: Thread Group - until HTTP 503 - 272 users 1-219
2026-09-10 20:58:20,243 INFO o.a.j.t.JMeterThread: Thread finished: Thread Group - until HTTP 503 - 272 users 1-220
2026-09-10 20:58:20,243 INFO o.a.j.t.JMeterThread: Thread finished: Thread Group - until HTTP 503 - 272 users 1-216
2026-09-10 20:58:20,243 INFO o.a.j.t.JMeterThread: Thread finished: Thread Group - until HTTP 503 - 272 users 1-75
2026-09-10 20:58:20,243 INFO o.a.j.t.JMeterThread: Thread finished: Thread Group - until HTTP 503 - 272 users 1-239
2026-09-10 20:58:20,243 INFO o.a.j.t.JMeterThread: Stopping because end time detected by thread: Thread Group - until HTTP 503 - 272 users 1-134
2026-09-10 20:58:20,243 INFO o.a.j.t.JMeterThread: Thread finished: Thread Group - until HTTP 503 - 272 users 1-131
2026-09-10 20:58:20,244 INFO o.a.j.t.JMeterThread: Thread finished: Thread Group - until HTTP 503 - 272 users 1-134
2026-09-10 20:58:20,243 INFO o.a.j.t.JMeterThread: Stopping because end time detected by thread: Thread Group - until HTTP 503 - 272 users 1-217
2026-09-10 20:58:20,244 INFO o.a.j.t.JMeterThread: Thread finished: Thread Group - until HTTP 503 - 272 users 1-115
2026-09-10 20:58:20,244 INFO o.a.j.t.JMeterThread: Thread finished: Thread Group - until HTTP 503 - 272 users 1-217
2026-09-10 20:58:20,518 INFO o.a.j.t.JMeterThread: Stopping because end time detected by thread: Thread Group - until HTTP 503 - 272 users 1-142
2026-09-10 20:58:20,518 INFO o.a.j.t.JMeterThread: Stopping because end time detected by thread: Thread Group - until HTTP 503 - 272 users 1-113
2026-09-10 20:58:20,518 INFO o.a.j.t.JMeterThread: Stopping because end time detected by thread: Thread Group - until HTTP 503 - 272 users 1-270
2026-09-10 20:58:20,518 INFO o.a.j.t.JMeterThread: Thread finished: Thread Group - until HTTP 503 - 272 users 1-270
2026-09-10 20:58:20,518 INFO o.a.j.t.JMeterThread: Stopping because end time detected by thread: Thread Group - until HTTP 503 - 272 users 1-124
2026-09-10 20:58:20,518 INFO o.a.j.t.JMeterThread: Stopping because end time detected by thread: Thread Group - until HTTP 503 - 272 users 1-129
2026-09-10 20:58:20,518 INFO o.a.j.t.JMeterThread: Thread finished: Thread Group - until HTTP 503 - 272 users 1-124
2026-09-10 20:58:20,518 INFO o.a.j.t.JMeterThread: Stopping because end time detected by thread: Thread Group - until HTTP 503 - 272 users 1-177
2026-09-10 20:58:20,518 INFO o.a.j.t.JMeterThread: Stopping because end time detected by thread: Thread Group - until HTTP 503 - 272 users 1-184
2026-09-10 20:58:20,518 INFO o.a.j.t.JMeterThread: Stopping because end time detected by thread: Thread Group - until HTTP 503 - 272 users 1-1
2026-09-10 20:58:20,518 INFO o.a.j.t.JMeterThread: Thread finished: Thread Group - until HTTP 503 - 272 users 1-184
2026-09-10 20:58:20,518 INFO o.a.j.t.JMeterThread: Thread finished: Thread Group - until HTTP 503 - 272 users 1-142
2026-09-10 20:58:20,518 INFO o.a.j.t.JMeterThread: Stopping because end time detected by thread: Thread Group - until HTTP 503 - 272 users 1-209
2026-09-10 20:58:20,519 INFO o.a.j.t.JMeterThread: Thread finished: Thread Group - until HTTP 503 - 272 users 1-209
2026-09-10 20:58:20,518 INFO o.a.j.t.JMeterThread: Thread finished: Thread Group - until HTTP 503 - 272 users 1-113
2026-09-10 20:58:20,518 INFO o.a.j.t.JMeterThread: Stopping because end time detected by thread: Thread Group - until HTTP 503 - 272 users 1-175
2026-09-10 20:58:20,518 INFO o.a.j.t.JMeterThread: Stopping because end time detected by thread: Thread Group - until HTTP 503 - 272 users 1-207
2026-09-10 20:58:20,518 INFO o.a.j.t.JMeterThread: Thread finished: Thread Group - until HTTP 503 - 272 users 1-129
2026-09-10 20:58:20,520 INFO o.a.j.t.JMeterThread: Thread finished: Thread Group - until HTTP 503 - 272 users 1-175
2026-09-10 20:58:20,518 INFO o.a.j.t.JMeterThread: Thread finished: Thread Group - until HTTP 503 - 272 users 1-177
2026-09-10 20:58:20,519 INFO o.a.j.t.JMeterThread: Stopping because end time detected by thread: Thread Group - until HTTP 503 - 272 users 1-212
2026-09-10 20:58:20,518 INFO o.a.j.t.JMeterThread: Stopping because end time detected by thread: Thread Group - until HTTP 503 - 272 users 1-208
2026-09-10 20:58:20,519 INFO o.a.j.t.JMeterThread: Thread finished: Thread Group - until HTTP 503 - 272 users 1-1
2026-09-10 20:58:20,520 INFO o.a.j.t.JMeterThread: Thread finished: Thread Group - until HTTP 503 - 272 users 1-212
2026-09-10 20:58:20,520 INFO o.a.j.t.JMeterThread: Thread finished: Thread Group - until HTTP 503 - 272 users 1-208
2026-09-10 20:58:20,520 INFO o.a.j.t.JMeterThread: Thread finished: Thread Group - until HTTP 503 - 272 users 1-207
2026-09-10 20:58:20,522 INFO o.a.j.t.JMeterThread: Stopping because end time detected by thread: Thread Group - until HTTP 503 - 272 users 1-82
2026-09-10 20:58:20,522 INFO o.a.j.t.JMeterThread: Stopping because end time detected by thread: Thread Group - until HTTP 503 - 272 users 1-41
2026-09-10 20:58:20,522 INFO o.a.j.t.JMeterThread: Thread finished: Thread Group - until HTTP 503 - 272 users 1-82
2026-09-10 20:58:20,522 INFO o.a.j.t.JMeterThread: Stopping because end time detected by thread: Thread Group - until HTTP 503 - 272 users 1-16
2026-09-10 20:58:20,522 INFO o.a.j.t.JMeterThread: Stopping because end time detected by thread: Thread Group - until HTTP 503 - 272 users 1-101
2026-09-10 20:58:20,522 INFO o.a.j.t.JMeterThread: Stopping because end time detected by thread: Thread Group - until HTTP 503 - 272 users 1-36
2026-09-10 20:58:20,522 INFO o.a.j.t.JMeterThread: Thread finished: Thread Group - until HTTP 503 - 272 users 1-16
2026-09-10 20:58:20,522 INFO o.a.j.t.JMeterThread: Thread finished: Thread Group - until HTTP 503 - 272 users 1-101
2026-09-10 20:58:20,522 INFO o.a.j.t.JMeterThread: Thread finished: Thread Group - until HTTP 503 - 272 users 1-36
2026-09-10 20:58:20,522 INFO o.a.j.t.JMeterThread: Thread finished: Thread Group - until HTTP 503 - 272 users 1-41
2026-09-10 20:58:20,522 INFO o.a.j.t.JMeterThread: Stopping because end time detected by thread: Thread Group - until HTTP 503 - 272 users 1-100
2026-09-10 20:58:20,523 INFO o.a.j.t.JMeterThread: Thread finished: Thread Group - until HTTP 503 - 272 users 1-100
2026-09-10 20:58:20,523 INFO o.a.j.t.JMeterThread: Stopping because end time detected by thread: Thread Group - until HTTP 503 - 272 users 1-176
2026-09-10 20:58:20,523 INFO o.a.j.t.JMeterThread: Thread finished: Thread Group - until HTTP 503 - 272 users 1-176
2026-09-10 20:58:20,524 INFO o.a.j.t.JMeterThread: Stopping because end time detected by thread: Thread Group - until HTTP 503 - 272 users 1-17
2026-09-10 20:58:20,524 INFO o.a.j.t.JMeterThread: Stopping because end time detected by thread: Thread Group - until HTTP 503 - 272 users 1-56
2026-09-10 20:58:20,524 INFO o.a.j.t.JMeterThread: Thread finished: Thread Group - until HTTP 503 - 272 users 1-17
2026-09-10 20:58:20,524 INFO o.a.j.t.JMeterThread: Stopping because end time detected by thread: Thread Group - until HTTP 503 - 272 users 1-78
2026-09-10 20:58:20,524 INFO o.a.j.t.JMeterThread: Thread finished: Thread Group - until HTTP 503 - 272 users 1-78
2026-09-10 20:58:20,524 INFO o.a.j.t.JMeterThread: Stopping because end time detected by thread: Thread Group - until HTTP 503 - 272 users 1-60
2026-09-10 20:58:20,524 INFO o.a.j.t.JMeterThread: Stopping because end time detected by thread: Thread Group - until HTTP 503 - 272 users 1-35
2026-09-10 20:58:20,524 INFO o.a.j.t.JMeterThread: Stopping because end time detected by thread: Thread Group - until HTTP 503 - 272 users 1-87
2026-09-10 20:58:20,524 INFO o.a.j.t.JMeterThread: Stopping because end time detected by thread: Thread Group - until HTTP 503 - 272 users 1-43
2026-09-10 20:58:20,524 INFO o.a.j.t.JMeterThread: Stopping because end time detected by thread: Thread Group - until HTTP 503 - 272 users 1-18
2026-09-10 20:58:20,524 INFO o.a.j.t.JMeterThread: Thread finished: Thread Group - until HTTP 503 - 272 users 1-43
2026-09-10 20:58:20,524 INFO o.a.j.t.JMeterThread: Thread finished: Thread Group - until HTTP 503 - 272 users 1-56
2026-09-10 20:58:20,524 INFO o.a.j.t.JMeterThread: Thread finished: Thread Group - until HTTP 503 - 272 users 1-60
2026-09-10 20:58:20,524 INFO o.a.j.t.JMeterThread: Thread finished: Thread Group - until HTTP 503 - 272 users 1-35
2026-09-10 20:58:20,524 INFO o.a.j.t.JMeterThread: Thread finished: Thread Group - until HTTP 503 - 272 users 1-87
2026-09-10 20:58:20,524 INFO o.a.j.t.JMeterThread: Thread finished: Thread Group - until HTTP 503 - 272 users 1-18
2026-09-10 20:58:21,141 INFO o.a.j.t.JMeterThread: Stopping because end time detected by thread: Thread Group - until HTTP 503 - 272 users 1-72
2026-09-10 20:58:21,141 INFO o.a.j.t.JMeterThread: Thread finished: Thread Group - until HTTP 503 - 272 users 1-72
2026-09-10 20:58:21,142 INFO o.a.j.t.JMeterThread: Stopping because end time detected by thread: Thread Group - until HTTP 503 - 272 users 1-14
2026-09-10 20:58:21,142 INFO o.a.j.t.JMeterThread: Stopping because end time detected by thread: Thread Group - until HTTP 503 - 272 users 1-269
2026-09-10 20:58:21,142 INFO o.a.j.t.JMeterThread: Stopping because end time detected by thread: Thread Group - until HTTP 503 - 272 users 1-9
2026-09-10 20:58:21,142 INFO o.a.j.t.JMeterThread: Thread finished: Thread Group - until HTTP 503 - 272 users 1-269
2026-09-10 20:58:21,142 INFO o.a.j.t.JMeterThread: Stopping because end time detected by thread: Thread Group - until HTTP 503 - 272 users 1-71
2026-09-10 20:58:21,142 INFO o.a.j.t.JMeterThread: Thread finished: Thread Group - until HTTP 503 - 272 users 1-14
2026-09-10 20:58:21,142 INFO o.a.j.t.JMeterThread: Stopping because end time detected by thread: Thread Group - until HTTP 503 - 272 users 1-81
2026-09-10 20:58:21,142 INFO o.a.j.t.JMeterThread: Stopping because end time detected by thread: Thread Group - until HTTP 503 - 272 users 1-80
2026-09-10 20:58:21,142 INFO o.a.j.t.JMeterThread: Thread finished: Thread Group - until HTTP 503 - 272 users 1-80
2026-09-10 20:58:21,142 INFO o.a.j.t.JMeterThread: Stopping because end time detected by thread: Thread Group - until HTTP 503 - 272 users 1-70
2026-09-10 20:58:21,142 INFO o.a.j.t.JMeterThread: Thread finished: Thread Group - until HTTP 503 - 272 users 1-70
2026-09-10 20:58:21,142 INFO o.a.j.t.JMeterThread: Stopping because end time detected by thread: Thread Group - until HTTP 503 - 272 users 1-133
2026-09-10 20:58:21,142 INFO o.a.j.t.JMeterThread: Thread finished: Thread Group - until HTTP 503 - 272 users 1-9
2026-09-10 20:58:21,142 INFO o.a.j.t.JMeterThread: Thread finished: Thread Group - until HTTP 503 - 272 users 1-133
2026-09-10 20:58:21,142 INFO o.a.j.t.JMeterThread: Thread finished: Thread Group - until HTTP 503 - 272 users 1-71
2026-09-10 20:58:21,142 INFO o.a.j.t.JMeterThread: Stopping because end time detected by thread: Thread Group - until HTTP 503 - 272 users 1-245
2026-09-10 20:58:21,142 INFO o.a.j.t.JMeterThread: Thread finished: Thread Group - until HTTP 503 - 272 users 1-245
2026-09-10 20:58:21,142 INFO o.a.j.t.JMeterThread: Stopping because end time detected by thread: Thread Group - until HTTP 503 - 272 users 1-44
2026-09-10 20:58:21,142 INFO o.a.j.t.JMeterThread: Thread finished: Thread Group - until HTTP 503 - 272 users 1-44
2026-09-10 20:58:21,142 INFO o.a.j.t.JMeterThread: Thread finished: Thread Group - until HTTP 503 - 272 users 1-81
2026-09-10 20:58:21,142 INFO o.a.j.t.JMeterThread: Stopping because end time detected by thread: Thread Group - until HTTP 503 - 272 users 1-86
2026-09-10 20:58:21,142 INFO o.a.j.t.JMeterThread: Thread finished: Thread Group - until HTTP 503 - 272 users 1-86
2026-09-10 20:58:21,142 INFO o.a.j.t.JMeterThread: Stopping because end time detected by thread: Thread Group - until HTTP 503 - 272 users 1-116
2026-09-10 20:58:21,142 INFO o.a.j.t.JMeterThread: Thread finished: Thread Group - until HTTP 503 - 272 users 1-116
2026-09-10 20:58:21,143 INFO o.a.j.t.JMeterThread: Stopping because end time detected by thread: Thread Group - until HTTP 503 - 272 users 1-244
2026-09-10 20:58:21,143 INFO o.a.j.t.JMeterThread: Thread finished: Thread Group - until HTTP 503 - 272 users 1-244
2026-09-10 20:58:21,143 INFO o.a.j.t.JMeterThread: Stopping because end time detected by thread: Thread Group - until HTTP 503 - 272 users 1-58
2026-09-10 20:58:21,142 INFO o.a.j.t.JMeterThread: Stopping because end time detected by thread: Thread Group - until HTTP 503 - 272 users 1-10
2026-09-10 20:58:21,143 INFO o.a.j.t.JMeterThread: Thread finished: Thread Group - until HTTP 503 - 272 users 1-58
2026-09-10 20:58:21,143 INFO o.a.j.t.JMeterThread: Stopping because end time detected by thread: Thread Group - until HTTP 503 - 272 users 1-182
2026-09-10 20:58:21,143 INFO o.a.j.t.JMeterThread: Stopping because end time detected by thread: Thread Group - until HTTP 503 - 272 users 1-138
2026-09-10 20:58:21,143 INFO o.a.j.t.JMeterThread: Stopping because end time detected by thread: Thread Group - until HTTP 503 - 272 users 1-110
2026-09-10 20:58:21,143 INFO o.a.j.t.JMeterThread: Thread finished: Thread Group - until HTTP 503 - 272 users 1-110
2026-09-10 20:58:21,143 INFO o.a.j.t.JMeterThread: Stopping because end time detected by thread: Thread Group - until HTTP 503 - 272 users 1-94
2026-09-10 20:58:21,143 INFO o.a.j.t.JMeterThread: Thread finished: Thread Group - until HTTP 503 - 272 users 1-94
2026-09-10 20:58:21,143 INFO o.a.j.t.JMeterThread: Stopping because end time detected by thread: Thread Group - until HTTP 503 - 272 users 1-243
2026-09-10 20:58:21,143 INFO o.a.j.t.JMeterThread: Thread finished: Thread Group - until HTTP 503 - 272 users 1-243
2026-09-10 20:58:21,143 INFO o.a.j.t.JMeterThread: Thread finished: Thread Group - until HTTP 503 - 272 users 1-10
2026-09-10 20:58:21,143 INFO o.a.j.t.JMeterThread: Stopping because end time detected by thread: Thread Group - until HTTP 503 - 272 users 1-247
2026-09-10 20:58:21,143 INFO o.a.j.t.JMeterThread: Thread finished: Thread Group - until HTTP 503 - 272 users 1-247
2026-09-10 20:58:21,143 INFO o.a.j.t.JMeterThread: Thread finished: Thread Group - until HTTP 503 - 272 users 1-138
2026-09-10 20:58:21,143 INFO o.a.j.t.JMeterThread: Stopping because end time detected by thread: Thread Group - until HTTP 503 - 272 users 1-242
2026-09-10 20:58:21,143 INFO o.a.j.t.JMeterThread: Stopping because end time detected by thread: Thread Group - until HTTP 503 - 272 users 1-246
2026-09-10 20:58:21,143 INFO o.a.j.t.JMeterThread: Thread finished: Thread Group - until HTTP 503 - 272 users 1-242
2026-09-10 20:58:21,143 INFO o.a.j.t.JMeterThread: Thread finished: Thread Group - until HTTP 503 - 272 users 1-246
2026-09-10 20:58:21,143 INFO o.a.j.t.JMeterThread: Thread finished: Thread Group - until HTTP 503 - 272 users 1-182
2026-09-10 20:58:21,234 INFO o.a.j.t.JMeterThread: Stopping because end time detected by thread: Thread Group - until HTTP 503 - 272 users 1-170
2026-09-10 20:58:21,234 INFO o.a.j.t.JMeterThread: Stopping because end time detected by thread: Thread Group - until HTTP 503 - 272 users 1-137
2026-09-10 20:58:21,234 INFO o.a.j.t.JMeterThread: Thread finished: Thread Group - until HTTP 503 - 272 users 1-170
2026-09-10 20:58:21,234 INFO o.a.j.t.JMeterThread: Stopping because end time detected by thread: Thread Group - until HTTP 503 - 272 users 1-24
2026-09-10 20:58:21,234 INFO o.a.j.t.JMeterThread: Stopping because end time detected by thread: Thread Group - until HTTP 503 - 272 users 1-181
2026-09-10 20:58:21,234 INFO o.a.j.t.JMeterThread: Thread finished: Thread Group - until HTTP 503 - 272 users 1-137
2026-09-10 20:58:21,234 INFO o.a.j.t.JMeterThread: Thread finished: Thread Group - until HTTP 503 - 272 users 1-24
2026-09-10 20:58:21,234 INFO o.a.j.t.JMeterThread: Stopping because end time detected by thread: Thread Group - until HTTP 503 - 272 users 1-59
2026-09-10 20:58:21,234 INFO o.a.j.t.JMeterThread: Stopping because end time detected by thread: Thread Group - until HTTP 503 - 272 users 1-122
2026-09-10 20:58:21,234 INFO o.a.j.t.JMeterThread: Thread finished: Thread Group - until HTTP 503 - 272 users 1-59
2026-09-10 20:58:21,235 INFO o.a.j.t.JMeterThread: Thread finished: Thread Group - until HTTP 503 - 272 users 1-122
2026-09-10 20:58:21,235 INFO o.a.j.t.JMeterThread: Thread finished: Thread Group - until HTTP 503 - 272 users 1-181
2026-09-10 20:58:21,235 INFO o.a.j.t.JMeterThread: Stopping because end time detected by thread: Thread Group - until HTTP 503 - 272 users 1-143
2026-09-10 20:58:21,235 INFO o.a.j.t.JMeterThread: Stopping because end time detected by thread: Thread Group - until HTTP 503 - 272 users 1-206
2026-09-10 20:58:21,235 INFO o.a.j.t.JMeterThread: Stopping because end time detected by thread: Thread Group - until HTTP 503 - 272 users 1-155
2026-09-10 20:58:21,235 INFO o.a.j.t.JMeterThread: Thread finished: Thread Group - until HTTP 503 - 272 users 1-143
2026-09-10 20:58:21,235 INFO o.a.j.t.JMeterThread: Thread finished: Thread Group - until HTTP 503 - 272 users 1-155
2026-09-10 20:58:21,235 INFO o.a.j.t.JMeterThread: Stopping because end time detected by thread: Thread Group - until HTTP 503 - 272 users 1-118
2026-09-10 20:58:21,235 INFO o.a.j.t.JMeterThread: Stopping because end time detected by thread: Thread Group - until HTTP 503 - 272 users 1-222
2026-09-10 20:58:21,235 INFO o.a.j.t.JMeterThread: Thread finished: Thread Group - until HTTP 503 - 272 users 1-118
2026-09-10 20:58:21,235 INFO o.a.j.t.JMeterThread: Thread finished: Thread Group - until HTTP 503 - 272 users 1-222
2026-09-10 20:58:21,235 INFO o.a.j.t.JMeterThread: Stopping because end time detected by thread: Thread Group - until HTTP 503 - 272 users 1-196
2026-09-10 20:58:21,236 INFO o.a.j.t.JMeterThread: Thread finished: Thread Group - until HTTP 503 - 272 users 1-196
2026-09-10 20:58:21,236 INFO o.a.j.t.JMeterThread: Stopping because end time detected by thread: Thread Group - until HTTP 503 - 272 users 1-198
2026-09-10 20:58:21,236 INFO o.a.j.t.JMeterThread: Thread finished: Thread Group - until HTTP 503 - 272 users 1-198
2026-09-10 20:58:21,236 INFO o.a.j.t.JMeterThread: Stopping because end time detected by thread: Thread Group - until HTTP 503 - 272 users 1-223
2026-09-10 20:58:21,235 INFO o.a.j.t.JMeterThread: Thread finished: Thread Group - until HTTP 503 - 272 users 1-206
2026-09-10 20:58:21,236 INFO o.a.j.t.JMeterThread: Thread finished: Thread Group - until HTTP 503 - 272 users 1-223
2026-09-10 20:58:21,236 INFO o.a.j.t.JMeterThread: Stopping because end time detected by thread: Thread Group - until HTTP 503 - 272 users 1-224
2026-09-10 20:58:21,236 INFO o.a.j.t.JMeterThread: Thread finished: Thread Group - until HTTP 503 - 272 users 1-224
2026-09-10 20:58:22,157 INFO o.a.j.t.JMeterThread: Stopping because end time detected by thread: Thread Group - until HTTP 503 - 272 users 1-194
2026-09-10 20:58:22,157 INFO o.a.j.t.JMeterThread: Stopping because end time detected by thread: Thread Group - until HTTP 503 - 272 users 1-33
2026-09-10 20:58:22,157 INFO o.a.j.t.JMeterThread: Stopping because end time detected by thread: Thread Group - until HTTP 503 - 272 users 1-66
2026-09-10 20:58:22,157 INFO o.a.j.t.JMeterThread: Stopping because end time detected by thread: Thread Group - until HTTP 503 - 272 users 1-251
2026-09-10 20:58:22,157 INFO o.a.j.t.JMeterThread: Stopping because end time detected by thread: Thread Group - until HTTP 503 - 272 users 1-141
2026-09-10 20:58:22,157 INFO o.a.j.t.JMeterThread: Thread finished: Thread Group - until HTTP 503 - 272 users 1-251
2026-09-10 20:58:22,157 INFO o.a.j.t.JMeterThread: Stopping because end time detected by thread: Thread Group - until HTTP 503 - 272 users 1-148
2026-09-10 20:58:22,157 INFO o.a.j.t.JMeterThread: Thread finished: Thread Group - until HTTP 503 - 272 users 1-141
2026-09-10 20:58:22,157 INFO o.a.j.t.JMeterThread: Thread finished: Thread Group - until HTTP 503 - 272 users 1-148
2026-09-10 20:58:22,157 INFO o.a.j.t.JMeterThread: Stopping because end time detected by thread: Thread Group - until HTTP 503 - 272 users 1-125
2026-09-10 20:58:22,157 INFO o.a.j.t.JMeterThread: Stopping because end time detected by thread: Thread Group - until HTTP 503 - 272 users 1-259
2026-09-10 20:58:22,157 INFO o.a.j.t.JMeterThread: Stopping because end time detected by thread: Thread Group - until HTTP 503 - 272 users 1-34
2026-09-10 20:58:22,157 INFO o.a.j.t.JMeterThread: Thread finished: Thread Group - until HTTP 503 - 272 users 1-259
2026-09-10 20:58:22,157 INFO o.a.j.t.JMeterThread: Thread finished: Thread Group - until HTTP 503 - 272 users 1-34
2026-09-10 20:58:22,157 INFO o.a.j.t.JMeterThread: Stopping because end time detected by thread: Thread Group - until HTTP 503 - 272 users 1-126
2026-09-10 20:58:22,157 INFO o.a.j.t.JMeterThread: Thread finished: Thread Group - until HTTP 503 - 272 users 1-33
2026-09-10 20:58:22,157 INFO o.a.j.t.JMeterThread: Thread finished: Thread Group - until HTTP 503 - 272 users 1-66
2026-09-10 20:58:22,157 INFO o.a.j.t.JMeterThread: Thread finished: Thread Group - until HTTP 503 - 272 users 1-194
2026-09-10 20:58:22,157 INFO o.a.j.t.JMeterThread: Thread finished: Thread Group - until HTTP 503 - 272 users 1-125
2026-09-10 20:58:22,157 INFO o.a.j.t.JMeterThread: Stopping because end time detected by thread: Thread Group - until HTTP 503 - 272 users 1-258
2026-09-10 20:58:22,159 INFO o.a.j.t.JMeterThread: Stopping because end time detected by thread: Thread Group - until HTTP 503 - 272 users 1-140
2026-09-10 20:58:22,159 INFO o.a.j.t.JMeterThread: Thread finished: Thread Group - until HTTP 503 - 272 users 1-258
2026-09-10 20:58:22,159 INFO o.a.j.t.JMeterThread: Stopping because end time detected by thread: Thread Group - until HTTP 503 - 272 users 1-51
2026-09-10 20:58:22,159 INFO o.a.j.t.JMeterThread: Stopping because end time detected by thread: Thread Group - until HTTP 503 - 272 users 1-195
2026-09-10 20:58:22,159 INFO o.a.j.t.JMeterThread: Thread finished: Thread Group - until HTTP 503 - 272 users 1-195
2026-09-10 20:58:22,159 INFO o.a.j.t.JMeterThread: Stopping because end time detected by thread: Thread Group - until HTTP 503 - 272 users 1-50
2026-09-10 20:58:22,159 INFO o.a.j.t.JMeterThread: Stopping because end time detected by thread: Thread Group - until HTTP 503 - 272 users 1-6
2026-09-10 20:58:22,159 INFO o.a.j.t.JMeterThread: Thread finished: Thread Group - until HTTP 503 - 272 users 1-6
2026-09-10 20:58:22,159 INFO o.a.j.t.JMeterThread: Stopping because end time detected by thread: Thread Group - until HTTP 503 - 272 users 1-231
2026-09-10 20:58:22,160 INFO o.a.j.t.JMeterThread: Thread finished: Thread Group - until HTTP 503 - 272 users 1-231
2026-09-10 20:58:22,160 INFO o.a.j.t.JMeterThread: Stopping because end time detected by thread: Thread Group - until HTTP 503 - 272 users 1-91
2026-09-10 20:58:22,160 INFO o.a.j.t.JMeterThread: Stopping because end time detected by thread: Thread Group - until HTTP 503 - 272 users 1-163
2026-09-10 20:58:22,160 INFO o.a.j.t.JMeterThread: Thread finished: Thread Group - until HTTP 503 - 272 users 1-163
2026-09-10 20:58:22,160 INFO o.a.j.t.JMeterThread: Stopping because end time detected by thread: Thread Group - until HTTP 503 - 272 users 1-159
2026-09-10 20:58:22,160 INFO o.a.j.t.JMeterThread: Thread finished: Thread Group - until HTTP 503 - 272 users 1-159
2026-09-10 20:58:22,160 INFO o.a.j.t.JMeterThread: Stopping because end time detected by thread: Thread Group - until HTTP 503 - 272 users 1-123
2026-09-10 20:58:22,160 INFO o.a.j.t.JMeterThread: Thread finished: Thread Group - until HTTP 503 - 272 users 1-123
2026-09-10 20:58:22,160 INFO o.a.j.t.JMeterThread: Stopping because end time detected by thread: Thread Group - until HTTP 503 - 272 users 1-136
2026-09-10 20:58:22,160 INFO o.a.j.t.JMeterThread: Thread finished: Thread Group - until HTTP 503 - 272 users 1-136
2026-09-10 20:58:22,161 INFO o.a.j.t.JMeterThread: Stopping because end time detected by thread: Thread Group - until HTTP 503 - 272 users 1-149
2026-09-10 20:58:22,161 INFO o.a.j.t.JMeterThread: Thread finished: Thread Group - until HTTP 503 - 272 users 1-149
2026-09-10 20:58:22,161 INFO o.a.j.t.JMeterThread: Stopping because end time detected by thread: Thread Group - until HTTP 503 - 272 users 1-172
2026-09-10 20:58:22,161 INFO o.a.j.t.JMeterThread: Thread finished: Thread Group - until HTTP 503 - 272 users 1-172
2026-09-10 20:58:22,161 INFO o.a.j.t.JMeterThread: Stopping because end time detected by thread: Thread Group - until HTTP 503 - 272 users 1-127
2026-09-10 20:58:22,161 INFO o.a.j.t.JMeterThread: Thread finished: Thread Group - until HTTP 503 - 272 users 1-127
2026-09-10 20:58:22,161 INFO o.a.j.t.JMeterThread: Stopping because end time detected by thread: Thread Group - until HTTP 503 - 272 users 1-173
2026-09-10 20:58:22,162 INFO o.a.j.t.JMeterThread: Thread finished: Thread Group - until HTTP 503 - 272 users 1-173
2026-09-10 20:58:22,162 INFO o.a.j.t.JMeterThread: Stopping because end time detected by thread: Thread Group - until HTTP 503 - 272 users 1-93
2026-09-10 20:58:22,162 INFO o.a.j.t.JMeterThread: Stopping because end time detected by thread: Thread Group - until HTTP 503 - 272 users 1-102
2026-09-10 20:58:22,162 INFO o.a.j.t.JMeterThread: Stopping because end time detected by thread: Thread Group - until HTTP 503 - 272 users 1-92
2026-09-10 20:58:22,162 INFO o.a.j.t.JMeterThread: Thread finished: Thread Group - until HTTP 503 - 272 users 1-102
2026-09-10 20:58:22,162 INFO o.a.j.t.JMeterThread: Thread finished: Thread Group - until HTTP 503 - 272 users 1-92
2026-09-10 20:58:22,162 INFO o.a.j.t.JMeterThread: Stopping because end time detected by thread: Thread Group - until HTTP 503 - 272 users 1-185
2026-09-10 20:58:22,162 INFO o.a.j.t.JMeterThread: Thread finished: Thread Group - until HTTP 503 - 272 users 1-185
2026-09-10 20:58:22,162 INFO o.a.j.t.JMeterThread: Stopping because end time detected by thread: Thread Group - until HTTP 503 - 272 users 1-179
2026-09-10 20:58:22,162 INFO o.a.j.t.JMeterThread: Thread finished: Thread Group - until HTTP 503 - 272 users 1-179
2026-09-10 20:58:22,162 INFO o.a.j.t.JMeterThread: Stopping because end time detected by thread: Thread Group - until HTTP 503 - 272 users 1-183
2026-09-10 20:58:22,162 INFO o.a.j.t.JMeterThread: Thread finished: Thread Group - until HTTP 503 - 272 users 1-183
2026-09-10 20:58:22,162 INFO o.a.j.t.JMeterThread: Stopping because end time detected by thread: Thread Group - until HTTP 503 - 272 users 1-52
2026-09-10 20:58:22,162 INFO o.a.j.t.JMeterThread: Stopping because end time detected by thread: Thread Group - until HTTP 503 - 272 users 1-237
2026-09-10 20:58:22,162 INFO o.a.j.t.JMeterThread: Thread finished: Thread Group - until HTTP 503 - 272 users 1-52
2026-09-10 20:58:22,162 INFO o.a.j.t.JMeterThread: Thread finished: Thread Group - until HTTP 503 - 272 users 1-237
2026-09-10 20:58:22,162 INFO o.a.j.t.JMeterThread: Stopping because end time detected by thread: Thread Group - until HTTP 503 - 272 users 1-253
2026-09-10 20:58:22,162 INFO o.a.j.t.JMeterThread: Thread finished: Thread Group - until HTTP 503 - 272 users 1-253
2026-09-10 20:58:22,162 INFO o.a.j.t.JMeterThread: Stopping because end time detected by thread: Thread Group - until HTTP 503 - 272 users 1-187
2026-09-10 20:58:22,162 INFO o.a.j.t.JMeterThread: Thread finished: Thread Group - until HTTP 503 - 272 users 1-187
2026-09-10 20:58:22,162 INFO o.a.j.t.JMeterThread: Stopping because end time detected by thread: Thread Group - until HTTP 503 - 272 users 1-144
2026-09-10 20:58:22,162 INFO o.a.j.t.JMeterThread: Thread finished: Thread Group - until HTTP 503 - 272 users 1-144
2026-09-10 20:58:22,162 INFO o.a.j.t.JMeterThread: Stopping because end time detected by thread: Thread Group - until HTTP 503 - 272 users 1-214
2026-09-10 20:58:22,162 INFO o.a.j.t.JMeterThread: Stopping because end time detected by thread: Thread Group - until HTTP 503 - 272 users 1-165
2026-09-10 20:58:22,163 INFO o.a.j.t.JMeterThread: Thread finished: Thread Group - until HTTP 503 - 272 users 1-214
2026-09-10 20:58:22,163 INFO o.a.j.t.JMeterThread: Thread finished: Thread Group - until HTTP 503 - 272 users 1-165
2026-09-10 20:58:22,163 INFO o.a.j.t.JMeterThread: Stopping because end time detected by thread: Thread Group - until HTTP 503 - 272 users 1-166
2026-09-10 20:58:22,163 INFO o.a.j.t.JMeterThread: Stopping because end time detected by thread: Thread Group - until HTTP 503 - 272 users 1-169
2026-09-10 20:58:22,163 INFO o.a.j.t.JMeterThread: Thread finished: Thread Group - until HTTP 503 - 272 users 1-166
2026-09-10 20:58:22,163 INFO o.a.j.t.JMeterThread: Thread finished: Thread Group - until HTTP 503 - 272 users 1-169
2026-09-10 20:58:22,163 INFO o.a.j.t.JMeterThread: Stopping because end time detected by thread: Thread Group - until HTTP 503 - 272 users 1-192
2026-09-10 20:58:22,163 INFO o.a.j.t.JMeterThread: Stopping because end time detected by thread: Thread Group - until HTTP 503 - 272 users 1-171
2026-09-10 20:58:22,163 INFO o.a.j.t.JMeterThread: Stopping because end time detected by thread: Thread Group - until HTTP 503 - 272 users 1-240
2026-09-10 20:58:22,163 INFO o.a.j.t.JMeterThread: Thread finished: Thread Group - until HTTP 503 - 272 users 1-171
2026-09-10 20:58:22,163 INFO o.a.j.t.JMeterThread: Thread finished: Thread Group - until HTTP 503 - 272 users 1-240
2026-09-10 20:58:22,163 INFO o.a.j.t.JMeterThread: Stopping because end time detected by thread: Thread Group - until HTTP 503 - 272 users 1-67
2026-09-10 20:58:22,157 INFO o.a.j.t.JMeterThread: Stopping because end time detected by thread: Thread Group - until HTTP 503 - 272 users 1-262
2026-09-10 20:58:22,157 INFO o.a.j.t.JMeterThread: Stopping because end time detected by thread: Thread Group - until HTTP 503 - 272 users 1-232
2026-09-10 20:58:22,163 INFO o.a.j.t.JMeterThread: Stopping because end time detected by thread: Thread Group - until HTTP 503 - 272 users 1-255
2026-09-10 20:58:22,163 INFO o.a.j.t.JMeterThread: Stopping because end time detected by thread: Thread Group - until HTTP 503 - 272 users 1-26
2026-09-10 20:58:22,163 INFO o.a.j.t.JMeterThread: Stopping because end time detected by thread: Thread Group - until HTTP 503 - 272 users 1-210
2026-09-10 20:58:22,163 INFO o.a.j.t.JMeterThread: Thread finished: Thread Group - until HTTP 503 - 272 users 1-26
2026-09-10 20:58:22,157 INFO o.a.j.t.JMeterThread: Stopping because end time detected by thread: Thread Group - until HTTP 503 - 272 users 1-261
2026-09-10 20:58:22,163 INFO o.a.j.t.JMeterThread: Stopping because end time detected by thread: Thread Group - until HTTP 503 - 272 users 1-215
2026-09-10 20:58:22,163 INFO o.a.j.t.JMeterThread: Thread finished: Thread Group - until HTTP 503 - 272 users 1-215
2026-09-10 20:58:22,163 INFO o.a.j.t.JMeterThread: Stopping because end time detected by thread: Thread Group - until HTTP 503 - 272 users 1-234
2026-09-10 20:58:22,158 INFO o.a.j.t.JMeterThread: Thread finished: Thread Group - until HTTP 503 - 272 users 1-126
2026-09-10 20:58:22,163 INFO o.a.j.t.JMeterThread: Stopping because end time detected by thread: Thread Group - until HTTP 503 - 272 users 1-191
2026-09-10 20:58:22,158 INFO o.a.j.t.JMeterThread: Stopping because end time detected by thread: Thread Group - until HTTP 503 - 272 users 1-263
2026-09-10 20:58:22,163 INFO o.a.j.t.JMeterThread: Thread finished: Thread Group - until HTTP 503 - 272 users 1-263
2026-09-10 20:58:22,164 INFO o.a.j.t.JMeterThread: Thread finished: Thread Group - until HTTP 503 - 272 users 1-140
2026-09-10 20:58:22,159 INFO o.a.j.t.JMeterThread: Stopping because end time detected by thread: Thread Group - until HTTP 503 - 272 users 1-57
2026-09-10 20:58:22,164 INFO o.a.j.t.JMeterThread: Thread finished: Thread Group - until HTTP 503 - 272 users 1-57
2026-09-10 20:58:22,159 INFO o.a.j.t.JMeterThread: Stopping because end time detected by thread: Thread Group - until HTTP 503 - 272 users 1-96
2026-09-10 20:58:22,159 INFO o.a.j.t.JMeterThread: Thread finished: Thread Group - until HTTP 503 - 272 users 1-51
2026-09-10 20:58:22,164 INFO o.a.j.t.JMeterThread: Thread finished: Thread Group - until HTTP 503 - 272 users 1-96
2026-09-10 20:58:22,159 INFO o.a.j.t.JMeterThread: Stopping because end time detected by thread: Thread Group - until HTTP 503 - 272 users 1-150
2026-09-10 20:58:22,164 INFO o.a.j.t.JMeterThread: Thread finished: Thread Group - until HTTP 503 - 272 users 1-150
2026-09-10 20:58:22,159 INFO o.a.j.t.JMeterThread: Thread finished: Thread Group - until HTTP 503 - 272 users 1-50
2026-09-10 20:58:22,159 INFO o.a.j.t.JMeterThread: Stopping because end time detected by thread: Thread Group - until HTTP 503 - 272 users 1-54
2026-09-10 20:58:22,160 INFO o.a.j.t.JMeterThread: Stopping because end time detected by thread: Thread Group - until HTTP 503 - 272 users 1-146
2026-09-10 20:58:22,165 INFO o.a.j.t.JMeterThread: Thread finished: Thread Group - until HTTP 503 - 272 users 1-54
2026-09-10 20:58:22,160 INFO o.a.j.t.JMeterThread: Stopping because end time detected by thread: Thread Group - until HTTP 503 - 272 users 1-79
2026-09-10 20:58:22,165 INFO o.a.j.t.JMeterThread: Thread finished: Thread Group - until HTTP 503 - 272 users 1-146
2026-09-10 20:58:22,160 INFO o.a.j.t.JMeterThread: Thread finished: Thread Group - until HTTP 503 - 272 users 1-91
2026-09-10 20:58:22,160 INFO o.a.j.t.JMeterThread: Stopping because end time detected by thread: Thread Group - until HTTP 503 - 272 users 1-21
2026-09-10 20:58:22,165 INFO o.a.j.t.JMeterThread: Thread finished: Thread Group - until HTTP 503 - 272 users 1-21
2026-09-10 20:58:22,161 INFO o.a.j.t.JMeterThread: Stopping because end time detected by thread: Thread Group - until HTTP 503 - 272 users 1-158
2026-09-10 20:58:22,162 INFO o.a.j.t.JMeterThread: Stopping because end time detected by thread: Thread Group - until HTTP 503 - 272 users 1-213
2026-09-10 20:58:22,165 INFO o.a.j.t.JMeterThread: Thread finished: Thread Group - until HTTP 503 - 272 users 1-158
2026-09-10 20:58:22,165 INFO o.a.j.t.JMeterThread: Thread finished: Thread Group - until HTTP 503 - 272 users 1-213
2026-09-10 20:58:22,162 INFO o.a.j.t.JMeterThread: Stopping because end time detected by thread: Thread Group - until HTTP 503 - 272 users 1-174
2026-09-10 20:58:22,162 INFO o.a.j.t.JMeterThread: Thread finished: Thread Group - until HTTP 503 - 272 users 1-93
2026-09-10 20:58:22,165 INFO o.a.j.t.JMeterThread: Thread finished: Thread Group - until HTTP 503 - 272 users 1-174
2026-09-10 20:58:22,162 INFO o.a.j.t.JMeterThread: Stopping because end time detected by thread: Thread Group - until HTTP 503 - 272 users 1-168
2026-09-10 20:58:22,163 INFO o.a.j.t.JMeterThread: Thread finished: Thread Group - until HTTP 503 - 272 users 1-192
2026-09-10 20:58:22,163 INFO o.a.j.t.JMeterThread: Stopping because end time detected by thread: Thread Group - until HTTP 503 - 272 users 1-241
2026-09-10 20:58:22,163 INFO o.a.j.t.JMeterThread: Thread finished: Thread Group - until HTTP 503 - 272 users 1-67
2026-09-10 20:58:22,163 INFO o.a.j.t.JMeterThread: Stopping because end time detected by thread: Thread Group - until HTTP 503 - 272 users 1-151
2026-09-10 20:58:22,165 INFO o.a.j.t.JMeterThread: Thread finished: Thread Group - until HTTP 503 - 272 users 1-151
2026-09-10 20:58:22,163 INFO o.a.j.t.JMeterThread: Thread finished: Thread Group - until HTTP 503 - 272 users 1-262
2026-09-10 20:58:22,163 INFO o.a.j.t.JMeterThread: Thread finished: Thread Group - until HTTP 503 - 272 users 1-232
2026-09-10 20:58:22,163 INFO o.a.j.t.JMeterThread: Thread finished: Thread Group - until HTTP 503 - 272 users 1-255
2026-09-10 20:58:22,163 INFO o.a.j.t.JMeterThread: Thread finished: Thread Group - until HTTP 503 - 272 users 1-210
2026-09-10 20:58:22,163 INFO o.a.j.t.JMeterThread: Thread finished: Thread Group - until HTTP 503 - 272 users 1-234
2026-09-10 20:58:22,165 INFO o.a.j.t.JMeterThread: Stopping because end time detected by thread: Thread Group - until HTTP 503 - 272 users 1-65
2026-09-10 20:58:22,165 INFO o.a.j.t.JMeterThread: Thread finished: Thread Group - until HTTP 503 - 272 users 1-65
2026-09-10 20:58:22,163 INFO o.a.j.t.JMeterThread: Thread finished: Thread Group - until HTTP 503 - 272 users 1-191
2026-09-10 20:58:22,165 INFO o.a.j.t.JMeterThread: Thread finished: Thread Group - until HTTP 503 - 272 users 1-79
2026-09-10 20:58:22,165 INFO o.a.j.t.JMeterThread: Thread finished: Thread Group - until HTTP 503 - 272 users 1-168
2026-09-10 20:58:22,165 INFO o.a.j.t.JMeterThread: Thread finished: Thread Group - until HTTP 503 - 272 users 1-241
2026-09-10 20:58:22,165 INFO o.a.j.t.JMeterThread: Thread finished: Thread Group - until HTTP 503 - 272 users 1-261
2026-09-10 20:58:22,166 INFO o.a.j.t.JMeterThread: Stopping because end time detected by thread: Thread Group - until HTTP 503 - 272 users 1-233
2026-09-10 20:58:22,166 INFO o.a.j.t.JMeterThread: Stopping because end time detected by thread: Thread Group - until HTTP 503 - 272 users 1-46
2026-09-10 20:58:22,166 INFO o.a.j.t.JMeterThread: Thread finished: Thread Group - until HTTP 503 - 272 users 1-233
2026-09-10 20:58:22,166 INFO o.a.j.t.JMeterThread: Thread finished: Thread Group - until HTTP 503 - 272 users 1-46
2026-09-10 20:58:22,186 INFO o.a.j.t.JMeterThread: Stopping because end time detected by thread: Thread Group - until HTTP 503 - 272 users 1-38
2026-09-10 20:58:22,186 INFO o.a.j.t.JMeterThread: Thread finished: Thread Group - until HTTP 503 - 272 users 1-38
2026-09-10 20:58:22,196 INFO o.a.j.t.JMeterThread: Stopping because end time detected by thread: Thread Group - until HTTP 503 - 272 users 1-238
2026-09-10 20:58:22,196 INFO o.a.j.t.JMeterThread: Thread finished: Thread Group - until HTTP 503 - 272 users 1-238
2026-09-10 20:58:22,213 INFO o.a.j.t.JMeterThread: Stopping because end time detected by thread: Thread Group - until HTTP 503 - 272 users 1-64
2026-09-10 20:58:22,213 INFO o.a.j.t.JMeterThread: Thread finished: Thread Group - until HTTP 503 - 272 users 1-64
2026-09-10 20:58:22,246 INFO o.a.j.t.JMeterThread: Stopping because end time detected by thread: Thread Group - until HTTP 503 - 272 users 1-88
2026-09-10 20:58:22,246 INFO o.a.j.t.JMeterThread: Thread finished: Thread Group - until HTTP 503 - 272 users 1-88
2026-09-10 20:58:22,258 INFO o.a.j.t.JMeterThread: Stopping because end time detected by thread: Thread Group - until HTTP 503 - 272 users 1-201
2026-09-10 20:58:22,258 INFO o.a.j.t.JMeterThread: Thread finished: Thread Group - until HTTP 503 - 272 users 1-201
2026-09-10 20:58:22,262 INFO o.a.j.t.JMeterThread: Stopping because end time detected by thread: Thread Group - until HTTP 503 - 272 users 1-121
2026-09-10 20:58:22,262 INFO o.a.j.t.JMeterThread: Thread finished: Thread Group - until HTTP 503 - 272 users 1-121
2026-09-10 20:58:22,295 INFO o.a.j.t.JMeterThread: Stopping because end time detected by thread: Thread Group - until HTTP 503 - 272 users 1-45
2026-09-10 20:58:22,295 INFO o.a.j.t.JMeterThread: Thread finished: Thread Group - until HTTP 503 - 272 users 1-45
2026-09-10 20:58:22,319 INFO o.a.j.t.JMeterThread: Stopping because end time detected by thread: Thread Group - until HTTP 503 - 272 users 1-252
2026-09-10 20:58:22,320 INFO o.a.j.t.JMeterThread: Thread finished: Thread Group - until HTTP 503 - 272 users 1-252
2026-09-10 20:58:22,331 INFO o.a.j.t.JMeterThread: Stopping because end time detected by thread: Thread Group - until HTTP 503 - 272 users 1-111
2026-09-10 20:58:22,331 INFO o.a.j.t.JMeterThread: Thread finished: Thread Group - until HTTP 503 - 272 users 1-111
2026-09-10 20:58:22,353 INFO o.a.j.t.JMeterThread: Stopping because end time detected by thread: Thread Group - until HTTP 503 - 272 users 1-37
2026-09-10 20:58:22,353 INFO o.a.j.t.JMeterThread: Thread finished: Thread Group - until HTTP 503 - 272 users 1-37
2026-09-10 20:58:22,361 INFO o.a.j.t.JMeterThread: Stopping because end time detected by thread: Thread Group - until HTTP 503 - 272 users 1-98
2026-09-10 20:58:22,361 INFO o.a.j.t.JMeterThread: Thread finished: Thread Group - until HTTP 503 - 272 users 1-98
2026-09-10 20:58:22,373 INFO o.a.j.t.JMeterThread: Stopping because end time detected by thread: Thread Group - until HTTP 503 - 272 users 1-49
2026-09-10 20:58:22,373 INFO o.a.j.t.JMeterThread: Thread finished: Thread Group - until HTTP 503 - 272 users 1-49
2026-09-10 20:58:22,396 INFO o.a.j.t.JMeterThread: Stopping because end time detected by thread: Thread Group - until HTTP 503 - 272 users 1-84
2026-09-10 20:58:22,396 INFO o.a.j.t.JMeterThread: Thread finished: Thread Group - until HTTP 503 - 272 users 1-84
2026-09-10 20:58:22,403 INFO o.a.j.t.JMeterThread: Stopping because end time detected by thread: Thread Group - until HTTP 503 - 272 users 1-62
2026-09-10 20:58:22,403 INFO o.a.j.t.JMeterThread: Thread finished: Thread Group - until HTTP 503 - 272 users 1-62
2026-09-10 20:58:22,435 INFO o.a.j.t.JMeterThread: Stopping because end time detected by thread: Thread Group - until HTTP 503 - 272 users 1-90
2026-09-10 20:58:22,435 INFO o.a.j.t.JMeterThread: Thread finished: Thread Group - until HTTP 503 - 272 users 1-90
2026-09-10 20:58:22,461 INFO o.a.j.t.JMeterThread: Stopping because end time detected by thread: Thread Group - until HTTP 503 - 272 users 1-23
2026-09-10 20:58:22,462 INFO o.a.j.t.JMeterThread: Thread finished: Thread Group - until HTTP 503 - 272 users 1-23
2026-09-10 20:58:22,466 INFO o.a.j.t.JMeterThread: Stopping because end time detected by thread: Thread Group - until HTTP 503 - 272 users 1-114
2026-09-10 20:58:22,467 INFO o.a.j.t.JMeterThread: Thread finished: Thread Group - until HTTP 503 - 272 users 1-114
2026-09-10 20:58:22,500 INFO o.a.j.t.JMeterThread: Stopping because end time detected by thread: Thread Group - until HTTP 503 - 272 users 1-109
2026-09-10 20:58:22,500 INFO o.a.j.t.JMeterThread: Thread finished: Thread Group - until HTTP 503 - 272 users 1-109
2026-09-10 20:58:22,532 INFO o.a.j.t.JMeterThread: Stopping because end time detected by thread: Thread Group - until HTTP 503 - 272 users 1-103
2026-09-10 20:58:22,533 INFO o.a.j.t.JMeterThread: Thread finished: Thread Group - until HTTP 503 - 272 users 1-103
2026-09-10 20:58:22,582 INFO o.a.j.t.JMeterThread: Stopping because end time detected by thread: Thread Group - until HTTP 503 - 272 users 1-108
2026-09-10 20:58:22,582 INFO o.a.j.t.JMeterThread: Thread finished: Thread Group - until HTTP 503 - 272 users 1-108
2026-09-10 20:58:22,615 INFO o.a.j.t.JMeterThread: Stopping because end time detected by thread: Thread Group - until HTTP 503 - 272 users 1-104
2026-09-10 20:58:22,615 INFO o.a.j.t.JMeterThread: Thread finished: Thread Group - until HTTP 503 - 272 users 1-104
2026-09-10 20:58:22,632 INFO o.a.j.t.JMeterThread: Stopping because end time detected by thread: Thread Group - until HTTP 503 - 272 users 1-53
2026-09-10 20:58:22,632 INFO o.a.j.t.JMeterThread: Thread finished: Thread Group - until HTTP 503 - 272 users 1-53
2026-09-10 20:58:22,658 INFO o.a.j.t.JMeterThread: Stopping because end time detected by thread: Thread Group - until HTTP 503 - 272 users 1-97
2026-09-10 20:58:22,658 INFO o.a.j.t.JMeterThread: Thread finished: Thread Group - until HTTP 503 - 272 users 1-97
2026-09-10 20:58:22,664 INFO o.a.j.t.JMeterThread: Stopping because end time detected by thread: Thread Group - until HTTP 503 - 272 users 1-47
2026-09-10 20:58:22,664 INFO o.a.j.t.JMeterThread: Thread finished: Thread Group - until HTTP 503 - 272 users 1-47
2026-09-10 20:58:22,691 INFO o.a.j.t.JMeterThread: Stopping because end time detected by thread: Thread Group - until HTTP 503 - 272 users 1-95
2026-09-10 20:58:22,691 INFO o.a.j.t.JMeterThread: Thread finished: Thread Group - until HTTP 503 - 272 users 1-95
2026-09-10 20:58:22,750 INFO o.a.j.t.JMeterThread: Stopping because end time detected by thread: Thread Group - until HTTP 503 - 272 users 1-63
2026-09-10 20:58:22,750 INFO o.a.j.t.JMeterThread: Thread finished: Thread Group - until HTTP 503 - 272 users 1-63
2026-09-10 20:58:22,802 INFO o.a.j.t.JMeterThread: Stopping because end time detected by thread: Thread Group - until HTTP 503 - 272 users 1-107
2026-09-10 20:58:22,803 INFO o.a.j.t.JMeterThread: Thread finished: Thread Group - until HTTP 503 - 272 users 1-107
2026-09-10 20:58:22,908 INFO o.a.j.t.JMeterThread: Stopping because end time detected by thread: Thread Group - until HTTP 503 - 272 users 1-117
2026-09-10 20:58:22,908 INFO o.a.j.t.JMeterThread: Thread finished: Thread Group - until HTTP 503 - 272 users 1-117
2026-09-10 20:58:23,023 INFO o.a.j.t.JMeterThread: Stopping because end time detected by thread: Thread Group - until HTTP 503 - 272 users 1-83
2026-09-10 20:58:23,023 INFO o.a.j.t.JMeterThread: Thread finished: Thread Group - until HTTP 503 - 272 users 1-83
2026-09-10 20:58:23,102 INFO o.a.j.t.JMeterThread: Stopping because end time detected by thread: Thread Group - until HTTP 503 - 272 users 1-22
2026-09-10 20:58:23,102 INFO o.a.j.t.JMeterThread: Thread finished: Thread Group - until HTTP 503 - 272 users 1-22
2026-09-10 20:58:23,120 INFO o.a.j.t.JMeterThread: Stopping because end time detected by thread: Thread Group - until HTTP 503 - 272 users 1-99
2026-09-10 20:58:23,120 INFO o.a.j.t.JMeterThread: Thread finished: Thread Group - until HTTP 503 - 272 users 1-99
2026-09-10 20:58:23,121 INFO o.a.j.e.StandardJMeterEngine: Notifying test listeners of end of test
2026-09-10 20:58:23,123 INFO o.a.j.r.Summariser: summary +    732 in 00:00:23 =   31.9/s Avg:  9328 Min:  5603 Max: 20043 Err:   732 (100.00%) Active: 0 Started: 272 Finished: 272
2026-09-10 20:58:23,124 INFO o.a.j.r.Summariser: summary =   2727 in 00:01:36 =   28.3/s Avg:  6350 Min:   515 Max: 20043 Err:  2621 (96.11%)
2026-09-10 20:58:23,126 INFO o.a.j.JMeter: Generating Dashboard
2026-09-10 20:58:23,126 INFO o.a.j.r.d.ReportGenerator: Flushing result collector before report Generation
2026-09-10 20:58:23,182 INFO o.a.j.r.p.NormalizerSampleConsumer: Using format, 'ms', to parse timeStamp field
2026-09-10 20:58:23,389 INFO o.a.j.r.p.AbstractSampleConsumer: class org.apache.jmeter.report.processor.AggregateConsumer#stopProducing(): beginDate produced 0 samples
2026-09-10 20:58:23,389 INFO o.a.j.r.p.AbstractSampleConsumer: class org.apache.jmeter.report.processor.AggregateConsumer#stopProducing(): endDate produced 0 samples
2026-09-10 20:58:23,391 INFO o.a.j.r.p.AbstractSampleConsumer: class org.apache.jmeter.report.processor.ApdexSummaryConsumer#stopProducing(): apdexSummary produced 0 samples
2026-09-10 20:58:23,391 INFO o.a.j.r.p.AbstractSampleConsumer: class org.apache.jmeter.report.processor.RequestsSummaryConsumer#stopProducing(): requestsSummary produced 0 samples
2026-09-10 20:58:23,396 INFO o.a.j.r.p.AbstractSampleConsumer: class org.apache.jmeter.report.processor.StatisticsSummaryConsumer#stopProducing(): statisticsSummary produced 0 samples
2026-09-10 20:58:23,399 INFO o.a.j.r.p.AbstractSampleConsumer: class org.apache.jmeter.report.processor.Top5ErrorsBySamplerConsumer#stopProducing(): top5ErrorsBySampler produced 0 samples
2026-09-10 20:58:23,401 INFO o.a.j.r.p.AbstractSampleConsumer: class org.apache.jmeter.report.processor.ErrorsSummaryConsumer#stopProducing(): errorsSummary produced 0 samples
2026-09-10 20:58:23,401 INFO o.a.j.r.p.AbstractSampleConsumer: class org.apache.jmeter.report.processor.graph.impl.HitsPerSecondGraphConsumer#stopProducing(): hitsPerSecond produced 0 samples
2026-09-10 20:58:23,464 INFO o.a.j.r.p.AbstractSampleConsumer: class org.apache.jmeter.report.processor.graph.impl.LatencyVSRequestGraphConsumer#stopProducing(): latencyVsRequest produced 0 samples
2026-09-10 20:58:23,465 INFO o.a.j.r.p.AbstractSampleConsumer: class org.apache.jmeter.report.processor.graph.impl.SyntheticResponseTimeDistributionGraphConsumer#stopProducing(): syntheticResponseTimeDistribution produced 0 samples
2026-09-10 20:58:23,466 INFO o.a.j.r.p.AbstractSampleConsumer: class org.apache.jmeter.report.processor.graph.impl.BytesThroughputGraphConsumer#stopProducing(): bytesThroughputOverTime produced 0 samples
2026-09-10 20:58:23,466 INFO o.a.j.r.p.AbstractSampleConsumer: class org.apache.jmeter.report.processor.graph.impl.CodesPerSecondGraphConsumer#stopProducing(): codesPerSecond produced 0 samples
2026-09-10 20:58:23,513 INFO o.a.j.r.p.AbstractSampleConsumer: class org.apache.jmeter.report.processor.graph.impl.ResponseTimeVSRequestGraphConsumer#stopProducing(): responseTimeVsRequest produced 0 samples
2026-09-10 20:58:23,514 INFO o.a.j.r.p.AbstractSampleConsumer: class org.apache.jmeter.report.processor.FilterConsumer#stopProducing(): startIntervalControlerFilter produced 19089 samples
2026-09-10 20:58:23,514 INFO o.a.j.r.p.AbstractSampleConsumer: class org.apache.jmeter.report.processor.graph.impl.TotalTPSGraphConsumer#stopProducing(): totalTPS produced 0 samples
2026-09-10 20:58:23,514 INFO o.a.j.r.p.AbstractSampleConsumer: class org.apache.jmeter.report.processor.graph.impl.ActiveThreadsGraphConsumer#stopProducing(): activeThreadsOverTime produced 0 samples
2026-09-10 20:58:23,514 INFO o.a.j.r.p.AbstractSampleConsumer: class org.apache.jmeter.report.processor.graph.impl.TimeVSThreadGraphConsumer#stopProducing(): timeVsThreads produced 0 samples
2026-09-10 20:58:23,514 INFO o.a.j.r.p.AbstractSampleConsumer: class org.apache.jmeter.report.processor.graph.impl.ResponseTimeDistributionGraphConsumer#stopProducing(): responseTimeDistribution produced 0 samples
2026-09-10 20:58:23,515 INFO o.a.j.r.p.AbstractSampleConsumer: class org.apache.jmeter.report.processor.graph.impl.TransactionsPerSecondGraphConsumer#stopProducing(): transactionsPerSecond produced 0 samples
2026-09-10 20:58:23,515 INFO o.a.j.r.p.AbstractSampleConsumer: class org.apache.jmeter.report.processor.graph.impl.ResponseTimePercentilesGraphConsumer#stopProducing(): responseTimePercentiles produced 0 samples
2026-09-10 20:58:23,517 INFO o.a.j.r.p.AbstractSampleConsumer: class org.apache.jmeter.report.processor.graph.impl.ResponseTimePercentilesOverTimeGraphConsumer#stopProducing(): responseTimePercentilesOverTime produced 0 samples
2026-09-10 20:58:23,517 INFO o.a.j.r.p.AbstractSampleConsumer: class org.apache.jmeter.report.processor.graph.impl.ResponseTimeOverTimeGraphConsumer#stopProducing(): responseTimesOverTime produced 0 samples
2026-09-10 20:58:23,517 INFO o.a.j.r.p.AbstractSampleConsumer: class org.apache.jmeter.report.processor.graph.impl.ConnectTimeOverTimeGraphConsumer#stopProducing(): connectTimeOverTime produced 0 samples
2026-09-10 20:58:23,517 INFO o.a.j.r.p.AbstractSampleConsumer: class org.apache.jmeter.report.processor.graph.impl.LatencyOverTimeGraphConsumer#stopProducing(): latenciesOverTime produced 0 samples
2026-09-10 20:58:23,517 INFO o.a.j.r.p.AbstractSampleConsumer: class org.apache.jmeter.report.processor.FilterConsumer#stopProducing(): nameFilter produced 40905 samples
2026-09-10 20:58:23,517 INFO o.a.j.r.p.AbstractSampleConsumer: class org.apache.jmeter.report.processor.FilterConsumer#stopProducing(): dateRangeFilter produced 8181 samples
2026-09-10 20:58:23,517 INFO o.a.j.r.p.AbstractSampleConsumer: class org.apache.jmeter.report.processor.NormalizerSampleConsumer#stopProducing(): normalizer produced 2727 samples
2026-09-10 20:58:23,517 INFO o.a.j.r.p.CsvFileSampleSource: produce(): 2727 samples produced in 318ms on channel 0
2026-09-10 20:58:23,517 INFO o.a.j.r.d.ReportGenerator: Exporting data using exporter:'json' of className:'org.apache.jmeter.report.dashboard.JsonExporter'
2026-09-10 20:58:23,567 INFO o.a.j.r.d.JsonExporter: Found data for consumer statisticsSummary in context
2026-09-10 20:58:23,567 INFO o.a.j.r.d.JsonExporter: Creating statistics for overall
2026-09-10 20:58:23,567 INFO o.a.j.r.d.JsonExporter: Creating statistics for other transactions
2026-09-10 20:58:23,567 INFO o.a.j.r.d.JsonExporter: Checking output folder
2026-09-10 20:58:23,568 INFO o.a.j.r.d.JsonExporter: Writing statistics JSON to C:\University\Programming\Software Testing\Lab4\html_reports\stress_until_503\272users_5440rpm\statistics.json
2026-09-10 20:58:23,599 INFO o.a.j.r.d.ReportGenerator: Exporting data using exporter:'html' of className:'org.apache.jmeter.report.dashboard.HtmlTemplateExporter'
2026-09-10 20:58:23,601 INFO o.a.j.r.d.HtmlTemplateExporter: Will generate dashboard in folder: C:\University\Programming\Software Testing\Lab4\html_reports\stress_until_503\272users_5440rpm
2026-09-10 20:58:23,681 INFO o.a.j.r.d.HtmlTemplateExporter: Report will be generated in: C:\University\Programming\Software Testing\Lab4\html_reports\stress_until_503\272users_5440rpm, creating folder structure
2026-09-10 20:58:23,683 INFO o.a.j.r.d.TemplateVisitor: Copying folder from 'C:\Program Files\apache-jmeter-5.6.3\bin\report-template' to 'C:\University\Programming\Software Testing\Lab4\html_reports\stress_until_503\272users_5440rpm', got message: C:\University\Programming\Software Testing\Lab4\html_reports\stress_until_503\272users_5440rpm, found non empty folder with following content [C:\University\Programming\Software Testing\Lab4\html_reports\stress_until_503\272users_5440rpm\statistics.json], will be ignored
2026-09-10 20:58:23,934 INFO o.a.j.JMeter: Dashboard generated
