2026-09-10 20:53:21,584 INFO o.a.j.u.JMeterUtils: Setting Locale to en_EN
2026-09-10 20:53:21,612 INFO o.a.j.JMeter: Loading user properties from: C:\Program Files\apache-jmeter-5.6.3\bin\user.properties
2026-09-10 20:53:21,615 INFO o.a.j.JMeter: Loading system properties from: C:\Program Files\apache-jmeter-5.6.3\bin\system.properties
2026-09-10 20:53:21,616 INFO o.a.j.JMeter: Setting JMeter property: jmeter.save.saveservice.output_format=csv
2026-09-10 20:53:21,616 INFO o.a.j.JMeter: Setting JMeter property: jmeter.save.saveservice.print_field_names=true
2026-09-10 20:53:21,617 INFO o.a.j.JMeter: Setting JMeter property: jmeter.save.saveservice.timestamp_format=ms
2026-09-10 20:53:21,618 INFO o.a.j.JMeter: Setting JMeter property: jmeter.save.saveservice.time=true
2026-09-10 20:53:21,618 INFO o.a.j.JMeter: Setting JMeter property: jmeter.save.saveservice.latency=true
2026-09-10 20:53:21,618 INFO o.a.j.JMeter: Setting JMeter property: jmeter.save.saveservice.label=true
2026-09-10 20:53:21,618 INFO o.a.j.JMeter: Setting JMeter property: jmeter.save.saveservice.response_code=true
2026-09-10 20:53:21,618 INFO o.a.j.JMeter: Setting JMeter property: jmeter.save.saveservice.response_message=true
2026-09-10 20:53:21,618 INFO o.a.j.JMeter: Setting JMeter property: jmeter.save.saveservice.successful=true
2026-09-10 20:53:21,618 INFO o.a.j.JMeter: Setting JMeter property: jmeter.save.saveservice.assertion_results_failure_message=true
2026-09-10 20:53:21,618 INFO o.a.j.JMeter: Setting JMeter property: jmeter.save.saveservice.thread_name=true
2026-09-10 20:53:21,618 INFO o.a.j.JMeter: Setting JMeter property: jmeter.save.saveservice.thread_counts=true
2026-09-10 20:53:21,618 INFO o.a.j.JMeter: Setting JMeter property: jmeter.save.saveservice.connect_time=true
2026-09-10 20:53:21,633 INFO o.a.j.JMeter: Copyright (c) 1998-2024 The Apache Software Foundation
2026-09-10 20:53:21,634 INFO o.a.j.JMeter: Version 5.6.3
2026-09-10 20:53:21,634 INFO o.a.j.JMeter: java.version=26.0.1
2026-09-10 20:53:21,634 INFO o.a.j.JMeter: java.vm.name=Java HotSpot(TM) 64-Bit Server VM
2026-09-10 20:53:21,634 INFO o.a.j.JMeter: os.name=Windows 10
2026-09-10 20:53:21,634 INFO o.a.j.JMeter: os.arch=amd64
2026-09-10 20:53:21,634 INFO o.a.j.JMeter: os.version=10.0
2026-09-10 20:53:21,634 INFO o.a.j.JMeter: file.encoding=UTF-8
2026-09-10 20:53:21,634 INFO o.a.j.JMeter: java.awt.headless=true
2026-09-10 20:53:21,634 INFO o.a.j.JMeter: Max memory     =1073741824
2026-09-10 20:53:21,635 INFO o.a.j.JMeter: Available Processors =8
2026-09-10 20:53:21,657 INFO o.a.j.JMeter: Default Locale=English (EN)
2026-09-10 20:53:21,658 INFO o.a.j.JMeter: JMeter  Locale=English (EN)
2026-09-10 20:53:21,658 INFO o.a.j.JMeter: JMeterHome=C:\Program Files\apache-jmeter-5.6.3
2026-09-10 20:53:21,658 INFO o.a.j.JMeter: user.dir  =C:\University\Programming\Software Testing\Lab4
2026-09-10 20:53:21,658 INFO o.a.j.JMeter: PWD       =C:\University\Programming\Software Testing\Lab4
2026-09-10 20:53:21,659 INFO o.a.j.JMeter: IP: 172.28.17.195 Name: DESKTOP-74FQ4EV FullName: DESKTOP-74FQ4EV
2026-09-10 20:53:21,672 INFO o.a.j.JMeter: Setting property 'jmeter.reportgenerator.outputdir' to:'C:\University\Programming\Software Testing\Lab4\html_reports\stress_until_503\240users_4800rpm'
2026-09-10 20:53:21,677 INFO o.a.j.s.FileServer: Default base='C:\University\Programming\Software Testing\Lab4'
2026-09-10 20:53:21,678 INFO o.a.j.s.FileServer: Set new base='C:\University\Programming\Software Testing\Lab4\quality_jmeter_plans\stress_until_503'
2026-09-10 20:53:21,903 INFO o.a.j.s.SaveService: Testplan (JMX) version: 2.2. Testlog (JTL) version: 2.2
2026-09-10 20:53:21,920 INFO o.a.j.s.SaveService: Using SaveService properties version 5.0
2026-09-10 20:53:21,924 INFO o.a.j.s.SaveService: Using SaveService properties file encoding UTF-8
2026-09-10 20:53:21,927 INFO o.a.j.s.SaveService: Loading file: quality_jmeter_plans\stress_until_503\stress_until_503_240users_4800rpm_ctt.jmx
2026-09-10 20:53:21,978 INFO o.a.j.p.h.s.HTTPSamplerBase: Parser for text/html is org.apache.jmeter.protocol.http.parser.LagartoBasedHtmlParser
2026-09-10 20:53:21,978 INFO o.a.j.p.h.s.HTTPSamplerBase: Parser for application/xhtml+xml is org.apache.jmeter.protocol.http.parser.LagartoBasedHtmlParser
2026-09-10 20:53:21,978 INFO o.a.j.p.h.s.HTTPSamplerBase: Parser for application/xml is org.apache.jmeter.protocol.http.parser.LagartoBasedHtmlParser
2026-09-10 20:53:21,978 INFO o.a.j.p.h.s.HTTPSamplerBase: Parser for text/xml is org.apache.jmeter.protocol.http.parser.LagartoBasedHtmlParser
2026-09-10 20:53:21,978 INFO o.a.j.p.h.s.HTTPSamplerBase: Parser for text/vnd.wap.wml is org.apache.jmeter.protocol.http.parser.RegexpHTMLParser
2026-09-10 20:53:21,978 INFO o.a.j.p.h.s.HTTPSamplerBase: Parser for text/css is org.apache.jmeter.protocol.http.parser.CssParser
2026-09-10 20:53:21,992 INFO o.a.j.JMeter: Creating summariser <summary>
2026-09-10 20:53:22,001 INFO o.a.j.r.d.ReportGenerator: ReportGenerator will use for Parsing the separator: ','
2026-09-10 20:53:22,002 INFO o.a.j.r.d.ReportGenerator: Will generate report at end of test from  results file: results/stress_until_503/stress_until_503_240users_4800rpm.jtl
2026-09-10 20:53:22,002 INFO o.a.j.r.d.ReportGenerator: Reading report generator properties from: C:\Program Files\apache-jmeter-5.6.3\bin\reportgenerator.properties
2026-09-10 20:53:22,002 INFO o.a.j.r.d.ReportGenerator: Merging with JMeter properties
2026-09-10 20:53:22,005 INFO o.a.j.r.c.ReportGeneratorConfiguration: Property 'jmeter.reportgenerator.temp_dir' not found, using default value 'temp' instead.
2026-09-10 20:53:22,007 INFO o.a.j.r.c.ReportGeneratorConfiguration: Property 'jmeter.reportgenerator.apdex_per_transaction' not found, using default value 'null' instead.
2026-09-10 20:53:22,007 INFO o.a.j.r.c.ReportGeneratorConfiguration: apdex_per_transaction is empty, not APDEX per transaction customization
2026-09-10 20:53:22,007 INFO o.a.j.r.c.ReportGeneratorConfiguration: Property 'jmeter.reportgenerator.sample_filter' not found, using default value 'null' instead.
2026-09-10 20:53:22,007 INFO o.a.j.r.c.ReportGeneratorConfiguration: Property 'jmeter.reportgenerator.report_title' not found, using default value 'null' instead.
2026-09-10 20:53:22,008 INFO o.a.j.r.c.ReportGeneratorConfiguration: Property 'jmeter.reportgenerator.start_date' not found, using default value 'null' instead.
2026-09-10 20:53:22,008 INFO o.a.j.r.c.ReportGeneratorConfiguration: Property 'jmeter.reportgenerator.end_date' not found, using default value 'null' instead.
2026-09-10 20:53:22,008 INFO o.a.j.r.c.ReportGeneratorConfiguration: Property 'jmeter.reportgenerator.date_format' not found, using default value 'null' instead.
2026-09-10 20:53:22,008 INFO o.a.j.r.c.ReportGeneratorConfiguration: Will use date range start date: null, end date: null
2026-09-10 20:53:22,011 INFO o.a.j.r.c.ReportGeneratorConfiguration: Property 'jmeter.reportgenerator.graph.totalTPS.exclude_controllers' not found, using default value 'false' instead.
2026-09-10 20:53:22,011 INFO o.a.j.r.c.ReportGeneratorConfiguration: Property 'jmeter.reportgenerator.graph.activeThreadsOverTime.exclude_controllers' not found, using default value 'false' instead.
2026-09-10 20:53:22,011 INFO o.a.j.r.c.ReportGeneratorConfiguration: Property 'jmeter.reportgenerator.graph.timeVsThreads.exclude_controllers' not found, using default value 'false' instead.
2026-09-10 20:53:22,011 INFO o.a.j.r.c.ReportGeneratorConfiguration: Property 'jmeter.reportgenerator.graph.responseTimeDistribution.exclude_controllers' not found, using default value 'false' instead.
2026-09-10 20:53:22,011 INFO o.a.j.r.c.ReportGeneratorConfiguration: Property 'jmeter.reportgenerator.graph.transactionsPerSecond.exclude_controllers' not found, using default value 'false' instead.
2026-09-10 20:53:22,011 INFO o.a.j.r.c.ReportGeneratorConfiguration: Property 'jmeter.reportgenerator.graph.responseTimePercentiles.exclude_controllers' not found, using default value 'false' instead.
2026-09-10 20:53:22,011 INFO o.a.j.r.c.ReportGeneratorConfiguration: Property 'jmeter.reportgenerator.graph.responseTimePercentilesOverTime.exclude_controllers' not found, using default value 'false' instead.
2026-09-10 20:53:22,011 INFO o.a.j.r.c.ReportGeneratorConfiguration: Property 'jmeter.reportgenerator.graph.responseTimesOverTime.exclude_controllers' not found, using default value 'false' instead.
2026-09-10 20:53:22,011 INFO o.a.j.r.c.ReportGeneratorConfiguration: Property 'jmeter.reportgenerator.graph.connectTimeOverTime.exclude_controllers' not found, using default value 'false' instead.
2026-09-10 20:53:22,012 INFO o.a.j.r.c.ReportGeneratorConfiguration: Property 'jmeter.reportgenerator.graph.latenciesOverTime.exclude_controllers' not found, using default value 'false' instead.
2026-09-10 20:53:22,012 INFO o.a.j.r.c.ReportGeneratorConfiguration: Property 'jmeter.reportgenerator.exporter.json.filters_only_sample_series' not found, using default value 'true' instead.
2026-09-10 20:53:22,013 INFO o.a.j.r.c.ReportGeneratorConfiguration: Property 'jmeter.reportgenerator.exporter.json.series_filter' not found, using default value '' instead.
2026-09-10 20:53:22,013 INFO o.a.j.r.c.ReportGeneratorConfiguration: Property 'jmeter.reportgenerator.exporter.json.show_controllers_only' not found, using default value 'false' instead.
2026-09-10 20:53:22,013 INFO o.a.j.r.c.ReportGeneratorConfiguration: Property 'jmeter.reportgenerator.exporter.html.filters_only_sample_series' not found, using default value 'true' instead.
2026-09-10 20:53:22,013 INFO o.a.j.r.c.ReportGeneratorConfiguration: Property 'jmeter.reportgenerator.exporter.html.series_filter' not found, using default value '' instead.
2026-09-10 20:53:22,013 INFO o.a.j.r.c.ReportGeneratorConfiguration: Property 'jmeter.reportgenerator.exporter.html.show_controllers_only' not found, using default value 'false' instead.
2026-09-10 20:53:22,028 INFO o.a.j.e.StandardJMeterEngine: Running the test!
2026-09-10 20:53:22,030 INFO o.a.j.s.SampleEvent: List of sample_variables: []
2026-09-10 20:53:22,030 INFO o.a.j.s.SampleEvent: List of sample_variables: []
2026-09-10 20:53:22,038 INFO o.a.j.e.u.CompoundVariable: Note: Function class names must contain the string: '.functions.'
2026-09-10 20:53:22,038 INFO o.a.j.e.u.CompoundVariable: Note: Function class names must not contain the string: '.gui.'
2026-09-10 20:53:22,108 INFO o.a.j.JMeter: Running test (1789062802108)
2026-09-10 20:53:22,128 INFO o.a.j.e.StandardJMeterEngine: Starting ThreadGroup: 1 : Thread Group - until HTTP 503 - 240 users
2026-09-10 20:53:22,128 INFO o.a.j.e.StandardJMeterEngine: Starting 240 threads for group Thread Group - until HTTP 503 - 240 users.
2026-09-10 20:53:22,128 INFO o.a.j.e.StandardJMeterEngine: Thread will continue on error
2026-09-10 20:53:22,128 INFO o.a.j.t.ThreadGroup: Starting thread group... number=1 threads=240 ramp-up=60 delayedStart=false
2026-09-10 20:53:22,135 INFO o.a.j.t.JMeterThread: Thread started: Thread Group - until HTTP 503 - 240 users 1-1
2026-09-10 20:53:22,188 INFO o.a.j.t.ThreadGroup: Started thread group number 1
2026-09-10 20:53:22,188 INFO o.a.j.e.StandardJMeterEngine: All thread groups have been started
2026-09-10 20:53:22,192 INFO o.a.j.p.h.s.HTTPHCAbstractImpl: Local host = DESKTOP-74FQ4EV
2026-09-10 20:53:22,197 INFO o.a.j.p.h.s.HTTPHC4Impl: HTTP request retry count = 0
2026-09-10 20:53:22,198 INFO o.a.j.s.SampleResult: Note: Sample TimeStamps are START times
2026-09-10 20:53:22,199 INFO o.a.j.s.SampleResult: sampleresult.default.encoding is set to UTF-8
2026-09-10 20:53:22,199 INFO o.a.j.s.SampleResult: sampleresult.useNanoTime=true
2026-09-10 20:53:22,199 INFO o.a.j.s.SampleResult: sampleresult.nanoThreadSleep=5000
2026-09-10 20:53:22,382 INFO o.a.j.t.JMeterThread: Thread started: Thread Group - until HTTP 503 - 240 users 1-2
2026-09-10 20:53:22,632 INFO o.a.j.t.JMeterThread: Thread started: Thread Group - until HTTP 503 - 240 users 1-3
2026-09-10 20:53:22,880 INFO o.a.j.t.JMeterThread: Thread started: Thread Group - until HTTP 503 - 240 users 1-4
2026-09-10 20:53:23,130 INFO o.a.j.t.JMeterThread: Thread started: Thread Group - until HTTP 503 - 240 users 1-5
2026-09-10 20:53:23,380 INFO o.a.j.t.JMeterThread: Thread started: Thread Group - until HTTP 503 - 240 users 1-6
2026-09-10 20:53:23,630 INFO o.a.j.t.JMeterThread: Thread started: Thread Group - until HTTP 503 - 240 users 1-7
2026-09-10 20:53:23,878 INFO o.a.j.t.JMeterThread: Thread started: Thread Group - until HTTP 503 - 240 users 1-8
2026-09-10 20:53:24,129 INFO o.a.j.t.JMeterThread: Thread started: Thread Group - until HTTP 503 - 240 users 1-9
2026-09-10 20:53:24,379 INFO o.a.j.t.JMeterThread: Thread started: Thread Group - until HTTP 503 - 240 users 1-10
2026-09-10 20:53:24,632 INFO o.a.j.t.JMeterThread: Thread started: Thread Group - until HTTP 503 - 240 users 1-11
2026-09-10 20:53:24,881 INFO o.a.j.t.JMeterThread: Thread started: Thread Group - until HTTP 503 - 240 users 1-12
2026-09-10 20:53:25,129 INFO o.a.j.t.JMeterThread: Thread started: Thread Group - until HTTP 503 - 240 users 1-13
2026-09-10 20:53:25,380 INFO o.a.j.t.JMeterThread: Thread started: Thread Group - until HTTP 503 - 240 users 1-14
2026-09-10 20:53:25,629 INFO o.a.j.t.JMeterThread: Thread started: Thread Group - until HTTP 503 - 240 users 1-15
2026-09-10 20:53:25,879 INFO o.a.j.t.JMeterThread: Thread started: Thread Group - until HTTP 503 - 240 users 1-16
2026-09-10 20:53:26,128 INFO o.a.j.t.JMeterThread: Thread started: Thread Group - until HTTP 503 - 240 users 1-17
2026-09-10 20:53:26,382 INFO o.a.j.t.JMeterThread: Thread started: Thread Group - until HTTP 503 - 240 users 1-18
2026-09-10 20:53:26,629 INFO o.a.j.t.JMeterThread: Thread started: Thread Group - until HTTP 503 - 240 users 1-19
2026-09-10 20:53:26,879 INFO o.a.j.t.JMeterThread: Thread started: Thread Group - until HTTP 503 - 240 users 1-20
2026-09-10 20:53:27,128 INFO o.a.j.t.JMeterThread: Thread started: Thread Group - until HTTP 503 - 240 users 1-21
2026-09-10 20:53:27,380 INFO o.a.j.t.JMeterThread: Thread started: Thread Group - until HTTP 503 - 240 users 1-22
2026-09-10 20:53:27,631 INFO o.a.j.t.JMeterThread: Thread started: Thread Group - until HTTP 503 - 240 users 1-23
2026-09-10 20:53:27,878 INFO o.a.j.t.JMeterThread: Thread started: Thread Group - until HTTP 503 - 240 users 1-24
2026-09-10 20:53:28,129 INFO o.a.j.t.JMeterThread: Thread started: Thread Group - until HTTP 503 - 240 users 1-25
2026-09-10 20:53:28,379 INFO o.a.j.t.JMeterThread: Thread started: Thread Group - until HTTP 503 - 240 users 1-26
2026-09-10 20:53:28,629 INFO o.a.j.t.JMeterThread: Thread started: Thread Group - until HTTP 503 - 240 users 1-27
2026-09-10 20:53:28,878 INFO o.a.j.t.JMeterThread: Thread started: Thread Group - until HTTP 503 - 240 users 1-28
2026-09-10 20:53:29,128 INFO o.a.j.t.JMeterThread: Thread started: Thread Group - until HTTP 503 - 240 users 1-29
2026-09-10 20:53:29,379 INFO o.a.j.t.JMeterThread: Thread started: Thread Group - until HTTP 503 - 240 users 1-30
2026-09-10 20:53:29,629 INFO o.a.j.t.JMeterThread: Thread started: Thread Group - until HTTP 503 - 240 users 1-31
2026-09-10 20:53:29,878 INFO o.a.j.t.JMeterThread: Thread started: Thread Group - until HTTP 503 - 240 users 1-32
2026-09-10 20:53:30,006 INFO o.a.j.r.Summariser: summary +    187 in 00:00:08 =   23.7/s Avg:   619 Min:   507 Max:   776 Err:    80 (42.78%) Active: 32 Started: 32 Finished: 0
2026-09-10 20:53:30,129 INFO o.a.j.t.JMeterThread: Thread started: Thread Group - until HTTP 503 - 240 users 1-33
2026-09-10 20:53:30,378 INFO o.a.j.t.JMeterThread: Thread started: Thread Group - until HTTP 503 - 240 users 1-34
2026-09-10 20:53:30,628 INFO o.a.j.t.JMeterThread: Thread started: Thread Group - until HTTP 503 - 240 users 1-35
2026-09-10 20:53:30,878 INFO o.a.j.t.JMeterThread: Thread started: Thread Group - until HTTP 503 - 240 users 1-36
2026-09-10 20:53:31,129 INFO o.a.j.t.JMeterThread: Thread started: Thread Group - until HTTP 503 - 240 users 1-37
2026-09-10 20:53:31,379 INFO o.a.j.t.JMeterThread: Thread started: Thread Group - until HTTP 503 - 240 users 1-38
2026-09-10 20:53:31,628 INFO o.a.j.t.JMeterThread: Thread started: Thread Group - until HTTP 503 - 240 users 1-39
2026-09-10 20:53:31,878 INFO o.a.j.t.JMeterThread: Thread started: Thread Group - until HTTP 503 - 240 users 1-40
2026-09-10 20:53:32,130 INFO o.a.j.t.JMeterThread: Thread started: Thread Group - until HTTP 503 - 240 users 1-41
2026-09-10 20:53:32,379 INFO o.a.j.t.JMeterThread: Thread started: Thread Group - until HTTP 503 - 240 users 1-42
2026-09-10 20:53:32,629 INFO o.a.j.t.JMeterThread: Thread started: Thread Group - until HTTP 503 - 240 users 1-43
2026-09-10 20:53:32,878 INFO o.a.j.t.JMeterThread: Thread started: Thread Group - until HTTP 503 - 240 users 1-44
2026-09-10 20:53:33,129 INFO o.a.j.t.JMeterThread: Thread started: Thread Group - until HTTP 503 - 240 users 1-45
2026-09-10 20:53:33,379 INFO o.a.j.t.JMeterThread: Thread started: Thread Group - until HTTP 503 - 240 users 1-46
2026-09-10 20:53:33,628 INFO o.a.j.t.JMeterThread: Thread started: Thread Group - until HTTP 503 - 240 users 1-47
2026-09-10 20:53:33,878 INFO o.a.j.t.JMeterThread: Thread started: Thread Group - until HTTP 503 - 240 users 1-48
2026-09-10 20:53:34,129 INFO o.a.j.t.JMeterThread: Thread started: Thread Group - until HTTP 503 - 240 users 1-49
2026-09-10 20:53:34,378 INFO o.a.j.t.JMeterThread: Thread started: Thread Group - until HTTP 503 - 240 users 1-50
2026-09-10 20:53:34,629 INFO o.a.j.t.JMeterThread: Thread started: Thread Group - until HTTP 503 - 240 users 1-51
2026-09-10 20:53:34,879 INFO o.a.j.t.JMeterThread: Thread started: Thread Group - until HTTP 503 - 240 users 1-52
2026-09-10 20:53:35,129 INFO o.a.j.t.JMeterThread: Thread started: Thread Group - until HTTP 503 - 240 users 1-53
2026-09-10 20:53:35,379 INFO o.a.j.t.JMeterThread: Thread started: Thread Group - until HTTP 503 - 240 users 1-54
2026-09-10 20:53:35,628 INFO o.a.j.t.JMeterThread: Thread started: Thread Group - until HTTP 503 - 240 users 1-55
2026-09-10 20:53:35,879 INFO o.a.j.t.JMeterThread: Thread started: Thread Group - until HTTP 503 - 240 users 1-56
2026-09-10 20:53:36,130 INFO o.a.j.t.JMeterThread: Thread started: Thread Group - until HTTP 503 - 240 users 1-57
2026-09-10 20:53:36,380 INFO o.a.j.t.JMeterThread: Thread started: Thread Group - until HTTP 503 - 240 users 1-58
2026-09-10 20:53:36,628 INFO o.a.j.t.JMeterThread: Thread started: Thread Group - until HTTP 503 - 240 users 1-59
2026-09-10 20:53:36,878 INFO o.a.j.t.JMeterThread: Thread started: Thread Group - until HTTP 503 - 240 users 1-60
2026-09-10 20:53:37,128 INFO o.a.j.t.JMeterThread: Thread started: Thread Group - until HTTP 503 - 240 users 1-61
2026-09-10 20:53:37,380 INFO o.a.j.t.JMeterThread: Thread started: Thread Group - until HTTP 503 - 240 users 1-62
2026-09-10 20:53:37,630 INFO o.a.j.t.JMeterThread: Thread started: Thread Group - until HTTP 503 - 240 users 1-63
2026-09-10 20:53:37,879 INFO o.a.j.t.JMeterThread: Thread started: Thread Group - until HTTP 503 - 240 users 1-64
2026-09-10 20:53:38,128 INFO o.a.j.t.JMeterThread: Thread started: Thread Group - until HTTP 503 - 240 users 1-65
2026-09-10 20:53:38,379 INFO o.a.j.t.JMeterThread: Thread started: Thread Group - until HTTP 503 - 240 users 1-66
2026-09-10 20:53:38,629 INFO o.a.j.t.JMeterThread: Thread started: Thread Group - until HTTP 503 - 240 users 1-67
2026-09-10 20:53:38,880 INFO o.a.j.t.JMeterThread: Thread started: Thread Group - until HTTP 503 - 240 users 1-68
2026-09-10 20:53:39,128 INFO o.a.j.t.JMeterThread: Thread started: Thread Group - until HTTP 503 - 240 users 1-69
2026-09-10 20:53:39,390 INFO o.a.j.t.JMeterThread: Thread started: Thread Group - until HTTP 503 - 240 users 1-70
2026-09-10 20:53:39,630 INFO o.a.j.t.JMeterThread: Thread started: Thread Group - until HTTP 503 - 240 users 1-71
2026-09-10 20:53:39,880 INFO o.a.j.t.JMeterThread: Thread started: Thread Group - until HTTP 503 - 240 users 1-72
2026-09-10 20:53:40,130 INFO o.a.j.t.JMeterThread: Thread started: Thread Group - until HTTP 503 - 240 users 1-73
2026-09-10 20:53:40,378 INFO o.a.j.t.JMeterThread: Thread started: Thread Group - until HTTP 503 - 240 users 1-74
2026-09-10 20:53:40,629 INFO o.a.j.t.JMeterThread: Thread started: Thread Group - until HTTP 503 - 240 users 1-75
2026-09-10 20:53:40,880 INFO o.a.j.t.JMeterThread: Thread started: Thread Group - until HTTP 503 - 240 users 1-76
2026-09-10 20:53:41,129 INFO o.a.j.t.JMeterThread: Thread started: Thread Group - until HTTP 503 - 240 users 1-77
2026-09-10 20:53:41,378 INFO o.a.j.t.JMeterThread: Thread started: Thread Group - until HTTP 503 - 240 users 1-78
2026-09-10 20:53:41,629 INFO o.a.j.t.JMeterThread: Thread started: Thread Group - until HTTP 503 - 240 users 1-79
2026-09-10 20:53:41,878 INFO o.a.j.t.JMeterThread: Thread started: Thread Group - until HTTP 503 - 240 users 1-80
2026-09-10 20:53:42,129 INFO o.a.j.t.JMeterThread: Thread started: Thread Group - until HTTP 503 - 240 users 1-81
2026-09-10 20:53:42,380 INFO o.a.j.t.JMeterThread: Thread started: Thread Group - until HTTP 503 - 240 users 1-82
2026-09-10 20:53:42,629 INFO o.a.j.t.JMeterThread: Thread started: Thread Group - until HTTP 503 - 240 users 1-83
2026-09-10 20:53:42,879 INFO o.a.j.t.JMeterThread: Thread started: Thread Group - until HTTP 503 - 240 users 1-84
2026-09-10 20:53:43,129 INFO o.a.j.t.JMeterThread: Thread started: Thread Group - until HTTP 503 - 240 users 1-85
2026-09-10 20:53:43,379 INFO o.a.j.t.JMeterThread: Thread started: Thread Group - until HTTP 503 - 240 users 1-86
2026-09-10 20:53:43,630 INFO o.a.j.t.JMeterThread: Thread started: Thread Group - until HTTP 503 - 240 users 1-87
2026-09-10 20:53:43,879 INFO o.a.j.t.JMeterThread: Thread started: Thread Group - until HTTP 503 - 240 users 1-88
2026-09-10 20:53:44,129 INFO o.a.j.t.JMeterThread: Thread started: Thread Group - until HTTP 503 - 240 users 1-89
2026-09-10 20:53:44,378 INFO o.a.j.t.JMeterThread: Thread started: Thread Group - until HTTP 503 - 240 users 1-90
2026-09-10 20:53:44,630 INFO o.a.j.t.JMeterThread: Thread started: Thread Group - until HTTP 503 - 240 users 1-91
2026-09-10 20:53:44,880 INFO o.a.j.t.JMeterThread: Thread started: Thread Group - until HTTP 503 - 240 users 1-92
2026-09-10 20:53:45,130 INFO o.a.j.t.JMeterThread: Thread started: Thread Group - until HTTP 503 - 240 users 1-93
2026-09-10 20:53:45,378 INFO o.a.j.t.JMeterThread: Thread started: Thread Group - until HTTP 503 - 240 users 1-94
2026-09-10 20:53:45,628 INFO o.a.j.t.JMeterThread: Thread started: Thread Group - until HTTP 503 - 240 users 1-95
2026-09-10 20:53:45,878 INFO o.a.j.t.JMeterThread: Thread started: Thread Group - until HTTP 503 - 240 users 1-96
2026-09-10 20:53:46,129 INFO o.a.j.t.JMeterThread: Thread started: Thread Group - until HTTP 503 - 240 users 1-97
2026-09-10 20:53:46,379 INFO o.a.j.t.JMeterThread: Thread started: Thread Group - until HTTP 503 - 240 users 1-98
2026-09-10 20:53:46,629 INFO o.a.j.t.JMeterThread: Thread started: Thread Group - until HTTP 503 - 240 users 1-99
2026-09-10 20:53:46,879 INFO o.a.j.t.JMeterThread: Thread started: Thread Group - until HTTP 503 - 240 users 1-100
2026-09-10 20:53:47,128 INFO o.a.j.t.JMeterThread: Thread started: Thread Group - until HTTP 503 - 240 users 1-101
2026-09-10 20:53:47,378 INFO o.a.j.t.JMeterThread: Thread started: Thread Group - until HTTP 503 - 240 users 1-102
2026-09-10 20:53:47,629 INFO o.a.j.t.JMeterThread: Thread started: Thread Group - until HTTP 503 - 240 users 1-103
2026-09-10 20:53:47,879 INFO o.a.j.t.JMeterThread: Thread started: Thread Group - until HTTP 503 - 240 users 1-104
2026-09-10 20:53:48,129 INFO o.a.j.t.JMeterThread: Thread started: Thread Group - until HTTP 503 - 240 users 1-105
2026-09-10 20:53:48,378 INFO o.a.j.t.JMeterThread: Thread started: Thread Group - until HTTP 503 - 240 users 1-106
2026-09-10 20:53:48,629 INFO o.a.j.t.JMeterThread: Thread started: Thread Group - until HTTP 503 - 240 users 1-107
2026-09-10 20:53:48,878 INFO o.a.j.t.JMeterThread: Thread started: Thread Group - until HTTP 503 - 240 users 1-108
2026-09-10 20:53:49,129 INFO o.a.j.t.JMeterThread: Thread started: Thread Group - until HTTP 503 - 240 users 1-109
2026-09-10 20:53:49,380 INFO o.a.j.t.JMeterThread: Thread started: Thread Group - until HTTP 503 - 240 users 1-110
2026-09-10 20:53:49,628 INFO o.a.j.t.JMeterThread: Thread started: Thread Group - until HTTP 503 - 240 users 1-111
2026-09-10 20:53:49,878 INFO o.a.j.t.JMeterThread: Thread started: Thread Group - until HTTP 503 - 240 users 1-112
2026-09-10 20:53:50,130 INFO o.a.j.t.JMeterThread: Thread started: Thread Group - until HTTP 503 - 240 users 1-113
2026-09-10 20:53:50,380 INFO o.a.j.t.JMeterThread: Thread started: Thread Group - until HTTP 503 - 240 users 1-114
2026-09-10 20:53:50,630 INFO o.a.j.t.JMeterThread: Thread started: Thread Group - until HTTP 503 - 240 users 1-115
2026-09-10 20:53:50,879 INFO o.a.j.t.JMeterThread: Thread started: Thread Group - until HTTP 503 - 240 users 1-116
2026-09-10 20:53:51,130 INFO o.a.j.t.JMeterThread: Thread started: Thread Group - until HTTP 503 - 240 users 1-117
2026-09-10 20:53:51,379 INFO o.a.j.t.JMeterThread: Thread started: Thread Group - until HTTP 503 - 240 users 1-118
2026-09-10 20:53:51,628 INFO o.a.j.t.JMeterThread: Thread started: Thread Group - until HTTP 503 - 240 users 1-119
2026-09-10 20:53:51,878 INFO o.a.j.t.JMeterThread: Thread started: Thread Group - until HTTP 503 - 240 users 1-120
2026-09-10 20:53:52,128 INFO o.a.j.t.JMeterThread: Thread started: Thread Group - until HTTP 503 - 240 users 1-121
2026-09-10 20:53:52,380 INFO o.a.j.t.JMeterThread: Thread started: Thread Group - until HTTP 503 - 240 users 1-122
2026-09-10 20:53:52,630 INFO o.a.j.t.JMeterThread: Thread started: Thread Group - until HTTP 503 - 240 users 1-123
2026-09-10 20:53:52,878 INFO o.a.j.t.JMeterThread: Thread started: Thread Group - until HTTP 503 - 240 users 1-124
2026-09-10 20:53:53,130 INFO o.a.j.t.JMeterThread: Thread started: Thread Group - until HTTP 503 - 240 users 1-125
2026-09-10 20:53:53,382 INFO o.a.j.t.JMeterThread: Thread started: Thread Group - until HTTP 503 - 240 users 1-126
2026-09-10 20:53:53,630 INFO o.a.j.t.JMeterThread: Thread started: Thread Group - until HTTP 503 - 240 users 1-127
2026-09-10 20:53:53,878 INFO o.a.j.t.JMeterThread: Thread started: Thread Group - until HTTP 503 - 240 users 1-128
2026-09-10 20:53:54,128 INFO o.a.j.t.JMeterThread: Thread started: Thread Group - until HTTP 503 - 240 users 1-129
2026-09-10 20:53:54,379 INFO o.a.j.t.JMeterThread: Thread started: Thread Group - until HTTP 503 - 240 users 1-130
2026-09-10 20:53:54,630 INFO o.a.j.t.JMeterThread: Thread started: Thread Group - until HTTP 503 - 240 users 1-131
2026-09-10 20:53:54,880 INFO o.a.j.t.JMeterThread: Thread started: Thread Group - until HTTP 503 - 240 users 1-132
2026-09-10 20:53:55,128 INFO o.a.j.t.JMeterThread: Thread started: Thread Group - until HTTP 503 - 240 users 1-133
2026-09-10 20:53:55,378 INFO o.a.j.t.JMeterThread: Thread started: Thread Group - until HTTP 503 - 240 users 1-134
2026-09-10 20:53:55,629 INFO o.a.j.t.JMeterThread: Thread started: Thread Group - until HTTP 503 - 240 users 1-135
2026-09-10 20:53:55,878 INFO o.a.j.t.JMeterThread: Thread started: Thread Group - until HTTP 503 - 240 users 1-136
2026-09-10 20:53:56,128 INFO o.a.j.t.JMeterThread: Thread started: Thread Group - until HTTP 503 - 240 users 1-137
2026-09-10 20:53:56,379 INFO o.a.j.t.JMeterThread: Thread started: Thread Group - until HTTP 503 - 240 users 1-138
2026-09-10 20:53:56,628 INFO o.a.j.t.JMeterThread: Thread started: Thread Group - until HTTP 503 - 240 users 1-139
2026-09-10 20:53:56,879 INFO o.a.j.t.JMeterThread: Thread started: Thread Group - until HTTP 503 - 240 users 1-140
2026-09-10 20:53:57,129 INFO o.a.j.t.JMeterThread: Thread started: Thread Group - until HTTP 503 - 240 users 1-141
2026-09-10 20:53:57,379 INFO o.a.j.t.JMeterThread: Thread started: Thread Group - until HTTP 503 - 240 users 1-142
2026-09-10 20:53:57,628 INFO o.a.j.t.JMeterThread: Thread started: Thread Group - until HTTP 503 - 240 users 1-143
2026-09-10 20:53:57,878 INFO o.a.j.t.JMeterThread: Thread started: Thread Group - until HTTP 503 - 240 users 1-144
2026-09-10 20:53:58,130 INFO o.a.j.t.JMeterThread: Thread started: Thread Group - until HTTP 503 - 240 users 1-145
2026-09-10 20:53:58,380 INFO o.a.j.t.JMeterThread: Thread started: Thread Group - until HTTP 503 - 240 users 1-146
2026-09-10 20:53:58,628 INFO o.a.j.t.JMeterThread: Thread started: Thread Group - until HTTP 503 - 240 users 1-147
2026-09-10 20:53:58,878 INFO o.a.j.t.JMeterThread: Thread started: Thread Group - until HTTP 503 - 240 users 1-148
2026-09-10 20:53:59,129 INFO o.a.j.t.JMeterThread: Thread started: Thread Group - until HTTP 503 - 240 users 1-149
2026-09-10 20:53:59,378 INFO o.a.j.t.JMeterThread: Thread started: Thread Group - until HTTP 503 - 240 users 1-150
2026-09-10 20:53:59,629 INFO o.a.j.t.JMeterThread: Thread started: Thread Group - until HTTP 503 - 240 users 1-151
2026-09-10 20:53:59,879 INFO o.a.j.t.JMeterThread: Thread started: Thread Group - until HTTP 503 - 240 users 1-152
2026-09-10 20:54:00,016 INFO o.a.j.r.Summariser: summary +    826 in 00:00:30 =   27.5/s Avg:  2964 Min:   766 Max:  6451 Err:   826 (100.00%) Active: 152 Started: 152 Finished: 0
2026-09-10 20:54:00,017 INFO o.a.j.r.Summariser: summary =   1013 in 00:00:38 =   26.7/s Avg:  2531 Min:   507 Max:  6451 Err:   906 (89.44%)
2026-09-10 20:54:00,129 INFO o.a.j.t.JMeterThread: Thread started: Thread Group - until HTTP 503 - 240 users 1-153
2026-09-10 20:54:00,378 INFO o.a.j.t.JMeterThread: Thread started: Thread Group - until HTTP 503 - 240 users 1-154
2026-09-10 20:54:00,629 INFO o.a.j.t.JMeterThread: Thread started: Thread Group - until HTTP 503 - 240 users 1-155
2026-09-10 20:54:00,880 INFO o.a.j.t.JMeterThread: Thread started: Thread Group - until HTTP 503 - 240 users 1-156
2026-09-10 20:54:01,129 INFO o.a.j.t.JMeterThread: Thread started: Thread Group - until HTTP 503 - 240 users 1-157
2026-09-10 20:54:01,379 INFO o.a.j.t.JMeterThread: Thread started: Thread Group - until HTTP 503 - 240 users 1-158
2026-09-10 20:54:01,629 INFO o.a.j.t.JMeterThread: Thread started: Thread Group - until HTTP 503 - 240 users 1-159
2026-09-10 20:54:01,879 INFO o.a.j.t.JMeterThread: Thread started: Thread Group - until HTTP 503 - 240 users 1-160
2026-09-10 20:54:02,130 INFO o.a.j.t.JMeterThread: Thread started: Thread Group - until HTTP 503 - 240 users 1-161
2026-09-10 20:54:02,378 INFO o.a.j.t.JMeterThread: Thread started: Thread Group - until HTTP 503 - 240 users 1-162
2026-09-10 20:54:02,629 INFO o.a.j.t.JMeterThread: Thread started: Thread Group - until HTTP 503 - 240 users 1-163
2026-09-10 20:54:02,878 INFO o.a.j.t.JMeterThread: Thread started: Thread Group - until HTTP 503 - 240 users 1-164
2026-09-10 20:54:03,129 INFO o.a.j.t.JMeterThread: Thread started: Thread Group - until HTTP 503 - 240 users 1-165
2026-09-10 20:54:03,378 INFO o.a.j.t.JMeterThread: Thread started: Thread Group - until HTTP 503 - 240 users 1-166
2026-09-10 20:54:03,629 INFO o.a.j.t.JMeterThread: Thread started: Thread Group - until HTTP 503 - 240 users 1-167
2026-09-10 20:54:03,879 INFO o.a.j.t.JMeterThread: Thread started: Thread Group - until HTTP 503 - 240 users 1-168
2026-09-10 20:54:04,129 INFO o.a.j.t.JMeterThread: Thread started: Thread Group - until HTTP 503 - 240 users 1-169
2026-09-10 20:54:04,378 INFO o.a.j.t.JMeterThread: Thread started: Thread Group - until HTTP 503 - 240 users 1-170
2026-09-10 20:54:04,628 INFO o.a.j.t.JMeterThread: Thread started: Thread Group - until HTTP 503 - 240 users 1-171
2026-09-10 20:54:04,878 INFO o.a.j.t.JMeterThread: Thread started: Thread Group - until HTTP 503 - 240 users 1-172
2026-09-10 20:54:05,130 INFO o.a.j.t.JMeterThread: Thread started: Thread Group - until HTTP 503 - 240 users 1-173
2026-09-10 20:54:05,380 INFO o.a.j.t.JMeterThread: Thread started: Thread Group - until HTTP 503 - 240 users 1-174
2026-09-10 20:54:05,628 INFO o.a.j.t.JMeterThread: Thread started: Thread Group - until HTTP 503 - 240 users 1-175
2026-09-10 20:54:05,879 INFO o.a.j.t.JMeterThread: Thread started: Thread Group - until HTTP 503 - 240 users 1-176
2026-09-10 20:54:06,129 INFO o.a.j.t.JMeterThread: Thread started: Thread Group - until HTTP 503 - 240 users 1-177
2026-09-10 20:54:06,378 INFO o.a.j.t.JMeterThread: Thread started: Thread Group - until HTTP 503 - 240 users 1-178
2026-09-10 20:54:06,630 INFO o.a.j.t.JMeterThread: Thread started: Thread Group - until HTTP 503 - 240 users 1-179
2026-09-10 20:54:06,879 INFO o.a.j.t.JMeterThread: Thread started: Thread Group - until HTTP 503 - 240 users 1-180
2026-09-10 20:54:07,129 INFO o.a.j.t.JMeterThread: Thread started: Thread Group - until HTTP 503 - 240 users 1-181
2026-09-10 20:54:07,379 INFO o.a.j.t.JMeterThread: Thread started: Thread Group - until HTTP 503 - 240 users 1-182
2026-09-10 20:54:07,629 INFO o.a.j.t.JMeterThread: Thread started: Thread Group - until HTTP 503 - 240 users 1-183
2026-09-10 20:54:07,879 INFO o.a.j.t.JMeterThread: Thread started: Thread Group - until HTTP 503 - 240 users 1-184
2026-09-10 20:54:08,129 INFO o.a.j.t.JMeterThread: Thread started: Thread Group - until HTTP 503 - 240 users 1-185
2026-09-10 20:54:08,379 INFO o.a.j.t.JMeterThread: Thread started: Thread Group - until HTTP 503 - 240 users 1-186
2026-09-10 20:54:08,630 INFO o.a.j.t.JMeterThread: Thread started: Thread Group - until HTTP 503 - 240 users 1-187
2026-09-10 20:54:08,879 INFO o.a.j.t.JMeterThread: Thread started: Thread Group - until HTTP 503 - 240 users 1-188
2026-09-10 20:54:09,129 INFO o.a.j.t.JMeterThread: Thread started: Thread Group - until HTTP 503 - 240 users 1-189
2026-09-10 20:54:09,380 INFO o.a.j.t.JMeterThread: Thread started: Thread Group - until HTTP 503 - 240 users 1-190
2026-09-10 20:54:09,630 INFO o.a.j.t.JMeterThread: Thread started: Thread Group - until HTTP 503 - 240 users 1-191
2026-09-10 20:54:09,879 INFO o.a.j.t.JMeterThread: Thread started: Thread Group - until HTTP 503 - 240 users 1-192
2026-09-10 20:54:10,130 INFO o.a.j.t.JMeterThread: Thread started: Thread Group - until HTTP 503 - 240 users 1-193
2026-09-10 20:54:10,378 INFO o.a.j.t.JMeterThread: Thread started: Thread Group - until HTTP 503 - 240 users 1-194
2026-09-10 20:54:10,629 INFO o.a.j.t.JMeterThread: Thread started: Thread Group - until HTTP 503 - 240 users 1-195
2026-09-10 20:54:10,878 INFO o.a.j.t.JMeterThread: Thread started: Thread Group - until HTTP 503 - 240 users 1-196
2026-09-10 20:54:11,128 INFO o.a.j.t.JMeterThread: Thread started: Thread Group - until HTTP 503 - 240 users 1-197
2026-09-10 20:54:11,379 INFO o.a.j.t.JMeterThread: Thread started: Thread Group - until HTTP 503 - 240 users 1-198
2026-09-10 20:54:11,630 INFO o.a.j.t.JMeterThread: Thread started: Thread Group - until HTTP 503 - 240 users 1-199
2026-09-10 20:54:11,878 INFO o.a.j.t.JMeterThread: Thread started: Thread Group - until HTTP 503 - 240 users 1-200
2026-09-10 20:54:12,128 INFO o.a.j.t.JMeterThread: Thread started: Thread Group - until HTTP 503 - 240 users 1-201
2026-09-10 20:54:12,379 INFO o.a.j.t.JMeterThread: Thread started: Thread Group - until HTTP 503 - 240 users 1-202
2026-09-10 20:54:12,629 INFO o.a.j.t.JMeterThread: Thread started: Thread Group - until HTTP 503 - 240 users 1-203
2026-09-10 20:54:12,880 INFO o.a.j.t.JMeterThread: Thread started: Thread Group - until HTTP 503 - 240 users 1-204
2026-09-10 20:54:13,129 INFO o.a.j.t.JMeterThread: Thread started: Thread Group - until HTTP 503 - 240 users 1-205
2026-09-10 20:54:13,379 INFO o.a.j.t.JMeterThread: Thread started: Thread Group - until HTTP 503 - 240 users 1-206
2026-09-10 20:54:13,629 INFO o.a.j.t.JMeterThread: Thread started: Thread Group - until HTTP 503 - 240 users 1-207
2026-09-10 20:54:13,878 INFO o.a.j.t.JMeterThread: Thread started: Thread Group - until HTTP 503 - 240 users 1-208
2026-09-10 20:54:14,130 INFO o.a.j.t.JMeterThread: Thread started: Thread Group - until HTTP 503 - 240 users 1-209
2026-09-10 20:54:14,379 INFO o.a.j.t.JMeterThread: Thread started: Thread Group - until HTTP 503 - 240 users 1-210
2026-09-10 20:54:14,630 INFO o.a.j.t.JMeterThread: Thread started: Thread Group - until HTTP 503 - 240 users 1-211
2026-09-10 20:54:14,880 INFO o.a.j.t.JMeterThread: Thread started: Thread Group - until HTTP 503 - 240 users 1-212
2026-09-10 20:54:15,129 INFO o.a.j.t.JMeterThread: Thread started: Thread Group - until HTTP 503 - 240 users 1-213
2026-09-10 20:54:15,379 INFO o.a.j.t.JMeterThread: Thread started: Thread Group - until HTTP 503 - 240 users 1-214
2026-09-10 20:54:15,629 INFO o.a.j.t.JMeterThread: Thread started: Thread Group - until HTTP 503 - 240 users 1-215
2026-09-10 20:54:15,880 INFO o.a.j.t.JMeterThread: Thread started: Thread Group - until HTTP 503 - 240 users 1-216
2026-09-10 20:54:16,130 INFO o.a.j.t.JMeterThread: Thread started: Thread Group - until HTTP 503 - 240 users 1-217
2026-09-10 20:54:16,379 INFO o.a.j.t.JMeterThread: Thread started: Thread Group - until HTTP 503 - 240 users 1-218
2026-09-10 20:54:16,628 INFO o.a.j.t.JMeterThread: Thread started: Thread Group - until HTTP 503 - 240 users 1-219
2026-09-10 20:54:16,878 INFO o.a.j.t.JMeterThread: Thread started: Thread Group - until HTTP 503 - 240 users 1-220
2026-09-10 20:54:17,128 INFO o.a.j.t.JMeterThread: Thread started: Thread Group - until HTTP 503 - 240 users 1-221
2026-09-10 20:54:17,380 INFO o.a.j.t.JMeterThread: Thread started: Thread Group - until HTTP 503 - 240 users 1-222
2026-09-10 20:54:17,630 INFO o.a.j.t.JMeterThread: Thread started: Thread Group - until HTTP 503 - 240 users 1-223
2026-09-10 20:54:17,878 INFO o.a.j.t.JMeterThread: Thread started: Thread Group - until HTTP 503 - 240 users 1-224
2026-09-10 20:54:18,129 INFO o.a.j.t.JMeterThread: Thread started: Thread Group - until HTTP 503 - 240 users 1-225
2026-09-10 20:54:18,378 INFO o.a.j.t.JMeterThread: Thread started: Thread Group - until HTTP 503 - 240 users 1-226
2026-09-10 20:54:18,629 INFO o.a.j.t.JMeterThread: Thread started: Thread Group - until HTTP 503 - 240 users 1-227
2026-09-10 20:54:18,878 INFO o.a.j.t.JMeterThread: Thread started: Thread Group - until HTTP 503 - 240 users 1-228
2026-09-10 20:54:19,129 INFO o.a.j.t.JMeterThread: Thread started: Thread Group - until HTTP 503 - 240 users 1-229
2026-09-10 20:54:19,379 INFO o.a.j.t.JMeterThread: Thread started: Thread Group - until HTTP 503 - 240 users 1-230
2026-09-10 20:54:19,630 INFO o.a.j.t.JMeterThread: Thread started: Thread Group - until HTTP 503 - 240 users 1-231
2026-09-10 20:54:19,878 INFO o.a.j.t.JMeterThread: Thread started: Thread Group - until HTTP 503 - 240 users 1-232
2026-09-10 20:54:20,128 INFO o.a.j.t.JMeterThread: Thread started: Thread Group - until HTTP 503 - 240 users 1-233
2026-09-10 20:54:20,379 INFO o.a.j.t.JMeterThread: Thread started: Thread Group - until HTTP 503 - 240 users 1-234
2026-09-10 20:54:20,628 INFO o.a.j.t.JMeterThread: Thread started: Thread Group - until HTTP 503 - 240 users 1-235
2026-09-10 20:54:20,879 INFO o.a.j.t.JMeterThread: Thread started: Thread Group - until HTTP 503 - 240 users 1-236
2026-09-10 20:54:21,129 INFO o.a.j.t.JMeterThread: Thread started: Thread Group - until HTTP 503 - 240 users 1-237
2026-09-10 20:54:21,379 INFO o.a.j.t.JMeterThread: Thread started: Thread Group - until HTTP 503 - 240 users 1-238
2026-09-10 20:54:21,629 INFO o.a.j.t.JMeterThread: Thread started: Thread Group - until HTTP 503 - 240 users 1-239
2026-09-10 20:54:21,879 INFO o.a.j.t.JMeterThread: Thread started: Thread Group - until HTTP 503 - 240 users 1-240
2026-09-10 20:54:31,125 INFO o.a.j.r.Summariser: summary +    773 in 00:00:31 =   24.8/s Avg:  7013 Min:  4203 Max: 10618 Err:   773 (100.00%) Active: 240 Started: 240 Finished: 0
2026-09-10 20:54:31,126 INFO o.a.j.r.Summariser: summary =   1786 in 00:01:09 =   25.9/s Avg:  4471 Min:   507 Max: 10618 Err:  1679 (94.01%)
2026-09-10 20:54:52,983 INFO o.a.j.t.JMeterThread: Stopping because end time detected by thread: Thread Group - until HTTP 503 - 240 users 1-16
2026-09-10 20:54:52,983 INFO o.a.j.t.JMeterThread: Stopping because end time detected by thread: Thread Group - until HTTP 503 - 240 users 1-130
2026-09-10 20:54:52,983 INFO o.a.j.t.JMeterThread: Stopping because end time detected by thread: Thread Group - until HTTP 503 - 240 users 1-34
2026-09-10 20:54:52,983 INFO o.a.j.t.JMeterThread: Thread finished: Thread Group - until HTTP 503 - 240 users 1-16
2026-09-10 20:54:52,983 INFO o.a.j.t.JMeterThread: Thread finished: Thread Group - until HTTP 503 - 240 users 1-34
2026-09-10 20:54:52,983 INFO o.a.j.t.JMeterThread: Thread finished: Thread Group - until HTTP 503 - 240 users 1-130
2026-09-10 20:54:54,210 INFO o.a.j.t.JMeterThread: Stopping because end time detected by thread: Thread Group - until HTTP 503 - 240 users 1-59
2026-09-10 20:54:54,210 INFO o.a.j.t.JMeterThread: Stopping because end time detected by thread: Thread Group - until HTTP 503 - 240 users 1-60
2026-09-10 20:54:54,210 INFO o.a.j.t.JMeterThread: Stopping because end time detected by thread: Thread Group - until HTTP 503 - 240 users 1-44
2026-09-10 20:54:54,210 INFO o.a.j.t.JMeterThread: Stopping because end time detected by thread: Thread Group - until HTTP 503 - 240 users 1-32
2026-09-10 20:54:54,210 INFO o.a.j.t.JMeterThread: Stopping because end time detected by thread: Thread Group - until HTTP 503 - 240 users 1-104
2026-09-10 20:54:54,210 INFO o.a.j.t.JMeterThread: Stopping because end time detected by thread: Thread Group - until HTTP 503 - 240 users 1-36
2026-09-10 20:54:54,210 INFO o.a.j.t.JMeterThread: Thread finished: Thread Group - until HTTP 503 - 240 users 1-44
2026-09-10 20:54:54,210 INFO o.a.j.t.JMeterThread: Thread finished: Thread Group - until HTTP 503 - 240 users 1-104
2026-09-10 20:54:54,211 INFO o.a.j.t.JMeterThread: Stopping because end time detected by thread: Thread Group - until HTTP 503 - 240 users 1-181
2026-09-10 20:54:54,210 INFO o.a.j.t.JMeterThread: Stopping because end time detected by thread: Thread Group - until HTTP 503 - 240 users 1-38
2026-09-10 20:54:54,210 INFO o.a.j.t.JMeterThread: Thread finished: Thread Group - until HTTP 503 - 240 users 1-59
2026-09-10 20:54:54,211 INFO o.a.j.t.JMeterThread: Thread finished: Thread Group - until HTTP 503 - 240 users 1-38
2026-09-10 20:54:54,211 INFO o.a.j.t.JMeterThread: Thread finished: Thread Group - until HTTP 503 - 240 users 1-32
2026-09-10 20:54:54,211 INFO o.a.j.t.JMeterThread: Stopping because end time detected by thread: Thread Group - until HTTP 503 - 240 users 1-93
2026-09-10 20:54:54,211 INFO o.a.j.t.JMeterThread: Thread finished: Thread Group - until HTTP 503 - 240 users 1-93
2026-09-10 20:54:54,211 INFO o.a.j.t.JMeterThread: Thread finished: Thread Group - until HTTP 503 - 240 users 1-36
2026-09-10 20:54:54,211 INFO o.a.j.t.JMeterThread: Thread finished: Thread Group - until HTTP 503 - 240 users 1-181
2026-09-10 20:54:54,211 INFO o.a.j.t.JMeterThread: Thread finished: Thread Group - until HTTP 503 - 240 users 1-60
2026-09-10 20:54:54,211 INFO o.a.j.t.JMeterThread: Stopping because end time detected by thread: Thread Group - until HTTP 503 - 240 users 1-91
2026-09-10 20:54:54,213 INFO o.a.j.t.JMeterThread: Thread finished: Thread Group - until HTTP 503 - 240 users 1-91
2026-09-10 20:54:54,211 INFO o.a.j.t.JMeterThread: Stopping because end time detected by thread: Thread Group - until HTTP 503 - 240 users 1-71
2026-09-10 20:54:54,213 INFO o.a.j.t.JMeterThread: Thread finished: Thread Group - until HTTP 503 - 240 users 1-71
2026-09-10 20:54:54,226 INFO o.a.j.t.JMeterThread: Stopping because end time detected by thread: Thread Group - until HTTP 503 - 240 users 1-73
2026-09-10 20:54:54,226 INFO o.a.j.t.JMeterThread: Stopping because end time detected by thread: Thread Group - until HTTP 503 - 240 users 1-83
2026-09-10 20:54:54,226 INFO o.a.j.t.JMeterThread: Stopping because end time detected by thread: Thread Group - until HTTP 503 - 240 users 1-85
2026-09-10 20:54:54,226 INFO o.a.j.t.JMeterThread: Thread finished: Thread Group - until HTTP 503 - 240 users 1-83
2026-09-10 20:54:54,226 INFO o.a.j.t.JMeterThread: Thread finished: Thread Group - until HTTP 503 - 240 users 1-73
2026-09-10 20:54:54,226 INFO o.a.j.t.JMeterThread: Thread finished: Thread Group - until HTTP 503 - 240 users 1-85
2026-09-10 20:54:54,239 INFO o.a.j.t.JMeterThread: Stopping because end time detected by thread: Thread Group - until HTTP 503 - 240 users 1-22
2026-09-10 20:54:54,240 INFO o.a.j.t.JMeterThread: Stopping because end time detected by thread: Thread Group - until HTTP 503 - 240 users 1-74
2026-09-10 20:54:54,240 INFO o.a.j.t.JMeterThread: Thread finished: Thread Group - until HTTP 503 - 240 users 1-22
2026-09-10 20:54:54,240 INFO o.a.j.t.JMeterThread: Thread finished: Thread Group - until HTTP 503 - 240 users 1-74
2026-09-10 20:54:54,285 INFO o.a.j.t.JMeterThread: Stopping because end time detected by thread: Thread Group - until HTTP 503 - 240 users 1-219
2026-09-10 20:54:54,285 INFO o.a.j.t.JMeterThread: Thread finished: Thread Group - until HTTP 503 - 240 users 1-219
2026-09-10 20:54:54,346 INFO o.a.j.t.JMeterThread: Stopping because end time detected by thread: Thread Group - until HTTP 503 - 240 users 1-118
2026-09-10 20:54:54,346 INFO o.a.j.t.JMeterThread: Stopping because end time detected by thread: Thread Group - until HTTP 503 - 240 users 1-1
2026-09-10 20:54:54,346 INFO o.a.j.t.JMeterThread: Thread finished: Thread Group - until HTTP 503 - 240 users 1-118
2026-09-10 20:54:54,346 INFO o.a.j.t.JMeterThread: Thread finished: Thread Group - until HTTP 503 - 240 users 1-1
2026-09-10 20:54:54,357 INFO o.a.j.t.JMeterThread: Stopping because end time detected by thread: Thread Group - until HTTP 503 - 240 users 1-14
2026-09-10 20:54:54,357 INFO o.a.j.t.JMeterThread: Thread finished: Thread Group - until HTTP 503 - 240 users 1-14
2026-09-10 20:54:54,357 INFO o.a.j.t.JMeterThread: Stopping because end time detected by thread: Thread Group - until HTTP 503 - 240 users 1-52
2026-09-10 20:54:54,357 INFO o.a.j.t.JMeterThread: Stopping because end time detected by thread: Thread Group - until HTTP 503 - 240 users 1-166
2026-09-10 20:54:54,357 INFO o.a.j.t.JMeterThread: Stopping because end time detected by thread: Thread Group - until HTTP 503 - 240 users 1-123
2026-09-10 20:54:54,357 INFO o.a.j.t.JMeterThread: Stopping because end time detected by thread: Thread Group - until HTTP 503 - 240 users 1-110
2026-09-10 20:54:54,358 INFO o.a.j.t.JMeterThread: Stopping because end time detected by thread: Thread Group - until HTTP 503 - 240 users 1-229
2026-09-10 20:54:54,358 INFO o.a.j.t.JMeterThread: Thread finished: Thread Group - until HTTP 503 - 240 users 1-166
2026-09-10 20:54:54,358 INFO o.a.j.t.JMeterThread: Stopping because end time detected by thread: Thread Group - until HTTP 503 - 240 users 1-204
2026-09-10 20:54:54,358 INFO o.a.j.t.JMeterThread: Thread finished: Thread Group - until HTTP 503 - 240 users 1-110
2026-09-10 20:54:54,358 INFO o.a.j.t.JMeterThread: Thread finished: Thread Group - until HTTP 503 - 240 users 1-204
2026-09-10 20:54:54,358 INFO o.a.j.t.JMeterThread: Stopping because end time detected by thread: Thread Group - until HTTP 503 - 240 users 1-98
2026-09-10 20:54:54,359 INFO o.a.j.t.JMeterThread: Stopping because end time detected by thread: Thread Group - until HTTP 503 - 240 users 1-106
2026-09-10 20:54:54,359 INFO o.a.j.t.JMeterThread: Stopping because end time detected by thread: Thread Group - until HTTP 503 - 240 users 1-88
2026-09-10 20:54:54,359 INFO o.a.j.t.JMeterThread: Thread finished: Thread Group - until HTTP 503 - 240 users 1-98
2026-09-10 20:54:54,359 INFO o.a.j.t.JMeterThread: Thread finished: Thread Group - until HTTP 503 - 240 users 1-106
2026-09-10 20:54:54,359 INFO o.a.j.t.JMeterThread: Thread finished: Thread Group - until HTTP 503 - 240 users 1-88
2026-09-10 20:54:54,359 INFO o.a.j.t.JMeterThread: Stopping because end time detected by thread: Thread Group - until HTTP 503 - 240 users 1-84
2026-09-10 20:54:54,359 INFO o.a.j.t.JMeterThread: Stopping because end time detected by thread: Thread Group - until HTTP 503 - 240 users 1-230
2026-09-10 20:54:54,359 INFO o.a.j.t.JMeterThread: Stopping because end time detected by thread: Thread Group - until HTTP 503 - 240 users 1-30
2026-09-10 20:54:54,359 INFO o.a.j.t.JMeterThread: Thread finished: Thread Group - until HTTP 503 - 240 users 1-30
2026-09-10 20:54:54,359 INFO o.a.j.t.JMeterThread: Stopping because end time detected by thread: Thread Group - until HTTP 503 - 240 users 1-225
2026-09-10 20:54:54,360 INFO o.a.j.t.JMeterThread: Stopping because end time detected by thread: Thread Group - until HTTP 503 - 240 users 1-234
2026-09-10 20:54:54,360 INFO o.a.j.t.JMeterThread: Thread finished: Thread Group - until HTTP 503 - 240 users 1-225
2026-09-10 20:54:54,360 INFO o.a.j.t.JMeterThread: Thread finished: Thread Group - until HTTP 503 - 240 users 1-234
2026-09-10 20:54:54,360 INFO o.a.j.t.JMeterThread: Stopping because end time detected by thread: Thread Group - until HTTP 503 - 240 users 1-149
2026-09-10 20:54:54,360 INFO o.a.j.t.JMeterThread: Thread finished: Thread Group - until HTTP 503 - 240 users 1-149
2026-09-10 20:54:54,360 INFO o.a.j.t.JMeterThread: Stopping because end time detected by thread: Thread Group - until HTTP 503 - 240 users 1-172
2026-09-10 20:54:54,358 INFO o.a.j.t.JMeterThread: Stopping because end time detected by thread: Thread Group - until HTTP 503 - 240 users 1-12
2026-09-10 20:54:54,360 INFO o.a.j.t.JMeterThread: Thread finished: Thread Group - until HTTP 503 - 240 users 1-172
2026-09-10 20:54:54,359 INFO o.a.j.t.JMeterThread: Thread finished: Thread Group - until HTTP 503 - 240 users 1-52
2026-09-10 20:54:54,359 INFO o.a.j.t.JMeterThread: Thread finished: Thread Group - until HTTP 503 - 240 users 1-123
2026-09-10 20:54:54,359 INFO o.a.j.t.JMeterThread: Thread finished: Thread Group - until HTTP 503 - 240 users 1-84
2026-09-10 20:54:54,361 INFO o.a.j.t.JMeterThread: Stopping because end time detected by thread: Thread Group - until HTTP 503 - 240 users 1-201
2026-09-10 20:54:54,359 INFO o.a.j.t.JMeterThread: Thread finished: Thread Group - until HTTP 503 - 240 users 1-230
2026-09-10 20:54:54,360 INFO o.a.j.t.JMeterThread: Stopping because end time detected by thread: Thread Group - until HTTP 503 - 240 users 1-203
2026-09-10 20:54:54,360 INFO o.a.j.t.JMeterThread: Stopping because end time detected by thread: Thread Group - until HTTP 503 - 240 users 1-97
2026-09-10 20:54:54,360 INFO o.a.j.t.JMeterThread: Stopping because end time detected by thread: Thread Group - until HTTP 503 - 240 users 1-125
2026-09-10 20:54:54,360 INFO o.a.j.t.JMeterThread: Thread finished: Thread Group - until HTTP 503 - 240 users 1-229
2026-09-10 20:54:54,360 INFO o.a.j.t.JMeterThread: Stopping because end time detected by thread: Thread Group - until HTTP 503 - 240 users 1-168
2026-09-10 20:54:54,360 INFO o.a.j.t.JMeterThread: Stopping because end time detected by thread: Thread Group - until HTTP 503 - 240 users 1-177
2026-09-10 20:54:54,360 INFO o.a.j.t.JMeterThread: Stopping because end time detected by thread: Thread Group - until HTTP 503 - 240 users 1-176
2026-09-10 20:54:54,360 INFO o.a.j.t.JMeterThread: Thread finished: Thread Group - until HTTP 503 - 240 users 1-12
2026-09-10 20:54:54,361 INFO o.a.j.t.JMeterThread: Thread finished: Thread Group - until HTTP 503 - 240 users 1-201
2026-09-10 20:54:54,361 INFO o.a.j.t.JMeterThread: Thread finished: Thread Group - until HTTP 503 - 240 users 1-203
2026-09-10 20:54:54,361 INFO o.a.j.t.JMeterThread: Thread finished: Thread Group - until HTTP 503 - 240 users 1-97
2026-09-10 20:54:54,362 INFO o.a.j.t.JMeterThread: Stopping because end time detected by thread: Thread Group - until HTTP 503 - 240 users 1-87
2026-09-10 20:54:54,361 INFO o.a.j.t.JMeterThread: Thread finished: Thread Group - until HTTP 503 - 240 users 1-125
2026-09-10 20:54:54,361 INFO o.a.j.t.JMeterThread: Thread finished: Thread Group - until HTTP 503 - 240 users 1-168
2026-09-10 20:54:54,362 INFO o.a.j.t.JMeterThread: Thread finished: Thread Group - until HTTP 503 - 240 users 1-177
2026-09-10 20:54:54,362 INFO o.a.j.t.JMeterThread: Thread finished: Thread Group - until HTTP 503 - 240 users 1-176
2026-09-10 20:54:54,363 INFO o.a.j.t.JMeterThread: Thread finished: Thread Group - until HTTP 503 - 240 users 1-87
2026-09-10 20:54:54,363 INFO o.a.j.t.JMeterThread: Stopping because end time detected by thread: Thread Group - until HTTP 503 - 240 users 1-63
2026-09-10 20:54:54,363 INFO o.a.j.t.JMeterThread: Stopping because end time detected by thread: Thread Group - until HTTP 503 - 240 users 1-79
2026-09-10 20:54:54,363 INFO o.a.j.t.JMeterThread: Thread finished: Thread Group - until HTTP 503 - 240 users 1-79
2026-09-10 20:54:54,363 INFO o.a.j.t.JMeterThread: Stopping because end time detected by thread: Thread Group - until HTTP 503 - 240 users 1-7
2026-09-10 20:54:54,363 INFO o.a.j.t.JMeterThread: Stopping because end time detected by thread: Thread Group - until HTTP 503 - 240 users 1-80
2026-09-10 20:54:54,363 INFO o.a.j.t.JMeterThread: Stopping because end time detected by thread: Thread Group - until HTTP 503 - 240 users 1-54
2026-09-10 20:54:54,363 INFO o.a.j.t.JMeterThread: Thread finished: Thread Group - until HTTP 503 - 240 users 1-7
2026-09-10 20:54:54,363 INFO o.a.j.t.JMeterThread: Stopping because end time detected by thread: Thread Group - until HTTP 503 - 240 users 1-57
2026-09-10 20:54:54,363 INFO o.a.j.t.JMeterThread: Stopping because end time detected by thread: Thread Group - until HTTP 503 - 240 users 1-89
2026-09-10 20:54:54,363 INFO o.a.j.t.JMeterThread: Stopping because end time detected by thread: Thread Group - until HTTP 503 - 240 users 1-55
2026-09-10 20:54:54,364 INFO o.a.j.t.JMeterThread: Thread finished: Thread Group - until HTTP 503 - 240 users 1-89
2026-09-10 20:54:54,363 INFO o.a.j.t.JMeterThread: Thread finished: Thread Group - until HTTP 503 - 240 users 1-63
2026-09-10 20:54:54,364 INFO o.a.j.t.JMeterThread: Stopping because end time detected by thread: Thread Group - until HTTP 503 - 240 users 1-62
2026-09-10 20:54:54,364 INFO o.a.j.t.JMeterThread: Thread finished: Thread Group - until HTTP 503 - 240 users 1-62
2026-09-10 20:54:54,364 INFO o.a.j.t.JMeterThread: Stopping because end time detected by thread: Thread Group - until HTTP 503 - 240 users 1-86
2026-09-10 20:54:54,363 INFO o.a.j.t.JMeterThread: Thread finished: Thread Group - until HTTP 503 - 240 users 1-80
2026-09-10 20:54:54,364 INFO o.a.j.t.JMeterThread: Thread finished: Thread Group - until HTTP 503 - 240 users 1-86
2026-09-10 20:54:54,364 INFO o.a.j.t.JMeterThread: Thread finished: Thread Group - until HTTP 503 - 240 users 1-54
2026-09-10 20:54:54,364 INFO o.a.j.t.JMeterThread: Stopping because end time detected by thread: Thread Group - until HTTP 503 - 240 users 1-116
2026-09-10 20:54:54,363 INFO o.a.j.t.JMeterThread: Stopping because end time detected by thread: Thread Group - until HTTP 503 - 240 users 1-167
2026-09-10 20:54:54,363 INFO o.a.j.t.JMeterThread: Thread finished: Thread Group - until HTTP 503 - 240 users 1-57
2026-09-10 20:54:54,364 INFO o.a.j.t.JMeterThread: Thread finished: Thread Group - until HTTP 503 - 240 users 1-55
2026-09-10 20:54:54,364 INFO o.a.j.t.JMeterThread: Stopping because end time detected by thread: Thread Group - until HTTP 503 - 240 users 1-115
2026-09-10 20:54:54,364 INFO o.a.j.t.JMeterThread: Thread finished: Thread Group - until HTTP 503 - 240 users 1-116
2026-09-10 20:54:54,364 INFO o.a.j.t.JMeterThread: Thread finished: Thread Group - until HTTP 503 - 240 users 1-167
2026-09-10 20:54:54,364 INFO o.a.j.t.JMeterThread: Thread finished: Thread Group - until HTTP 503 - 240 users 1-115
2026-09-10 20:54:54,364 INFO o.a.j.t.JMeterThread: Stopping because end time detected by thread: Thread Group - until HTTP 503 - 240 users 1-13
2026-09-10 20:54:54,364 INFO o.a.j.t.JMeterThread: Thread finished: Thread Group - until HTTP 503 - 240 users 1-13
2026-09-10 20:54:54,364 INFO o.a.j.t.JMeterThread: Stopping because end time detected by thread: Thread Group - until HTTP 503 - 240 users 1-147
2026-09-10 20:54:54,364 INFO o.a.j.t.JMeterThread: Thread finished: Thread Group - until HTTP 503 - 240 users 1-147
2026-09-10 20:54:54,364 INFO o.a.j.t.JMeterThread: Stopping because end time detected by thread: Thread Group - until HTTP 503 - 240 users 1-174
2026-09-10 20:54:54,364 INFO o.a.j.t.JMeterThread: Stopping because end time detected by thread: Thread Group - until HTTP 503 - 240 users 1-175
2026-09-10 20:54:54,364 INFO o.a.j.t.JMeterThread: Thread finished: Thread Group - until HTTP 503 - 240 users 1-174
2026-09-10 20:54:54,364 INFO o.a.j.t.JMeterThread: Stopping because end time detected by thread: Thread Group - until HTTP 503 - 240 users 1-152
2026-09-10 20:54:54,365 INFO o.a.j.t.JMeterThread: Thread finished: Thread Group - until HTTP 503 - 240 users 1-175
2026-09-10 20:54:54,365 INFO o.a.j.t.JMeterThread: Stopping because end time detected by thread: Thread Group - until HTTP 503 - 240 users 1-178
2026-09-10 20:54:54,365 INFO o.a.j.t.JMeterThread: Thread finished: Thread Group - until HTTP 503 - 240 users 1-152
2026-09-10 20:54:54,365 INFO o.a.j.t.JMeterThread: Thread finished: Thread Group - until HTTP 503 - 240 users 1-178
2026-09-10 20:54:54,365 INFO o.a.j.t.JMeterThread: Stopping because end time detected by thread: Thread Group - until HTTP 503 - 240 users 1-179
2026-09-10 20:54:54,365 INFO o.a.j.t.JMeterThread: Stopping because end time detected by thread: Thread Group - until HTTP 503 - 240 users 1-183
2026-09-10 20:54:54,365 INFO o.a.j.t.JMeterThread: Thread finished: Thread Group - until HTTP 503 - 240 users 1-179
2026-09-10 20:54:54,365 INFO o.a.j.t.JMeterThread: Stopping because end time detected by thread: Thread Group - until HTTP 503 - 240 users 1-108
2026-09-10 20:54:54,365 INFO o.a.j.t.JMeterThread: Thread finished: Thread Group - until HTTP 503 - 240 users 1-183
2026-09-10 20:54:54,365 INFO o.a.j.t.JMeterThread: Thread finished: Thread Group - until HTTP 503 - 240 users 1-108
2026-09-10 20:54:54,365 INFO o.a.j.t.JMeterThread: Stopping because end time detected by thread: Thread Group - until HTTP 503 - 240 users 1-211
2026-09-10 20:54:54,365 INFO o.a.j.t.JMeterThread: Stopping because end time detected by thread: Thread Group - until HTTP 503 - 240 users 1-208
2026-09-10 20:54:54,365 INFO o.a.j.t.JMeterThread: Thread finished: Thread Group - until HTTP 503 - 240 users 1-211
2026-09-10 20:54:54,365 INFO o.a.j.t.JMeterThread: Thread finished: Thread Group - until HTTP 503 - 240 users 1-208
2026-09-10 20:54:54,365 INFO o.a.j.t.JMeterThread: Stopping because end time detected by thread: Thread Group - until HTTP 503 - 240 users 1-188
2026-09-10 20:54:54,365 INFO o.a.j.t.JMeterThread: Thread finished: Thread Group - until HTTP 503 - 240 users 1-188
2026-09-10 20:54:54,365 INFO o.a.j.t.JMeterThread: Stopping because end time detected by thread: Thread Group - until HTTP 503 - 240 users 1-42
2026-09-10 20:54:54,365 INFO o.a.j.t.JMeterThread: Thread finished: Thread Group - until HTTP 503 - 240 users 1-42
2026-09-10 20:54:54,365 INFO o.a.j.t.JMeterThread: Stopping because end time detected by thread: Thread Group - until HTTP 503 - 240 users 1-31
2026-09-10 20:54:54,366 INFO o.a.j.t.JMeterThread: Stopping because end time detected by thread: Thread Group - until HTTP 503 - 240 users 1-8
2026-09-10 20:54:54,366 INFO o.a.j.t.JMeterThread: Thread finished: Thread Group - until HTTP 503 - 240 users 1-31
2026-09-10 20:54:54,366 INFO o.a.j.t.JMeterThread: Thread finished: Thread Group - until HTTP 503 - 240 users 1-8
2026-09-10 20:54:54,366 INFO o.a.j.t.JMeterThread: Stopping because end time detected by thread: Thread Group - until HTTP 503 - 240 users 1-58
2026-09-10 20:54:54,366 INFO o.a.j.t.JMeterThread: Thread finished: Thread Group - until HTTP 503 - 240 users 1-58
2026-09-10 20:54:54,366 INFO o.a.j.t.JMeterThread: Stopping because end time detected by thread: Thread Group - until HTTP 503 - 240 users 1-46
2026-09-10 20:54:54,365 INFO o.a.j.t.JMeterThread: Stopping because end time detected by thread: Thread Group - until HTTP 503 - 240 users 1-6
2026-09-10 20:54:54,366 INFO o.a.j.t.JMeterThread: Stopping because end time detected by thread: Thread Group - until HTTP 503 - 240 users 1-53
2026-09-10 20:54:54,366 INFO o.a.j.t.JMeterThread: Thread finished: Thread Group - until HTTP 503 - 240 users 1-46
2026-09-10 20:54:54,366 INFO o.a.j.t.JMeterThread: Thread finished: Thread Group - until HTTP 503 - 240 users 1-53
2026-09-10 20:54:54,366 INFO o.a.j.t.JMeterThread: Thread finished: Thread Group - until HTTP 503 - 240 users 1-6
2026-09-10 20:54:54,366 INFO o.a.j.t.JMeterThread: Stopping because end time detected by thread: Thread Group - until HTTP 503 - 240 users 1-144
2026-09-10 20:54:54,366 INFO o.a.j.t.JMeterThread: Thread finished: Thread Group - until HTTP 503 - 240 users 1-144
2026-09-10 20:54:54,366 INFO o.a.j.t.JMeterThread: Stopping because end time detected by thread: Thread Group - until HTTP 503 - 240 users 1-51
2026-09-10 20:54:54,366 INFO o.a.j.t.JMeterThread: Stopping because end time detected by thread: Thread Group - until HTTP 503 - 240 users 1-40
2026-09-10 20:54:54,366 INFO o.a.j.t.JMeterThread: Thread finished: Thread Group - until HTTP 503 - 240 users 1-51
2026-09-10 20:54:54,366 INFO o.a.j.t.JMeterThread: Thread finished: Thread Group - until HTTP 503 - 240 users 1-40
2026-09-10 20:54:54,366 INFO o.a.j.t.JMeterThread: Stopping because end time detected by thread: Thread Group - until HTTP 503 - 240 users 1-105
2026-09-10 20:54:54,366 INFO o.a.j.t.JMeterThread: Thread finished: Thread Group - until HTTP 503 - 240 users 1-105
2026-09-10 20:54:54,367 INFO o.a.j.t.JMeterThread: Stopping because end time detected by thread: Thread Group - until HTTP 503 - 240 users 1-159
2026-09-10 20:54:54,367 INFO o.a.j.t.JMeterThread: Stopping because end time detected by thread: Thread Group - until HTTP 503 - 240 users 1-161
2026-09-10 20:54:54,367 INFO o.a.j.t.JMeterThread: Stopping because end time detected by thread: Thread Group - until HTTP 503 - 240 users 1-141
2026-09-10 20:54:54,367 INFO o.a.j.t.JMeterThread: Thread finished: Thread Group - until HTTP 503 - 240 users 1-159
2026-09-10 20:54:54,367 INFO o.a.j.t.JMeterThread: Stopping because end time detected by thread: Thread Group - until HTTP 503 - 240 users 1-158
2026-09-10 20:54:54,367 INFO o.a.j.t.JMeterThread: Thread finished: Thread Group - until HTTP 503 - 240 users 1-161
2026-09-10 20:54:54,367 INFO o.a.j.t.JMeterThread: Thread finished: Thread Group - until HTTP 503 - 240 users 1-141
2026-09-10 20:54:54,367 INFO o.a.j.t.JMeterThread: Thread finished: Thread Group - until HTTP 503 - 240 users 1-158
2026-09-10 20:54:54,367 INFO o.a.j.t.JMeterThread: Stopping because end time detected by thread: Thread Group - until HTTP 503 - 240 users 1-212
2026-09-10 20:54:54,367 INFO o.a.j.t.JMeterThread: Stopping because end time detected by thread: Thread Group - until HTTP 503 - 240 users 1-232
2026-09-10 20:54:54,367 INFO o.a.j.t.JMeterThread: Thread finished: Thread Group - until HTTP 503 - 240 users 1-212
2026-09-10 20:54:54,367 INFO o.a.j.t.JMeterThread: Stopping because end time detected by thread: Thread Group - until HTTP 503 - 240 users 1-233
2026-09-10 20:54:54,367 INFO o.a.j.t.JMeterThread: Thread finished: Thread Group - until HTTP 503 - 240 users 1-232
2026-09-10 20:54:54,367 INFO o.a.j.t.JMeterThread: Thread finished: Thread Group - until HTTP 503 - 240 users 1-233
2026-09-10 20:54:54,367 INFO o.a.j.t.JMeterThread: Stopping because end time detected by thread: Thread Group - until HTTP 503 - 240 users 1-210
2026-09-10 20:54:54,367 INFO o.a.j.t.JMeterThread: Thread finished: Thread Group - until HTTP 503 - 240 users 1-210
2026-09-10 20:54:54,367 INFO o.a.j.t.JMeterThread: Stopping because end time detected by thread: Thread Group - until HTTP 503 - 240 users 1-190
2026-09-10 20:54:54,367 INFO o.a.j.t.JMeterThread: Thread finished: Thread Group - until HTTP 503 - 240 users 1-190
2026-09-10 20:54:54,368 INFO o.a.j.t.JMeterThread: Stopping because end time detected by thread: Thread Group - until HTTP 503 - 240 users 1-49
2026-09-10 20:54:54,368 INFO o.a.j.t.JMeterThread: Stopping because end time detected by thread: Thread Group - until HTTP 503 - 240 users 1-99
2026-09-10 20:54:54,368 INFO o.a.j.t.JMeterThread: Thread finished: Thread Group - until HTTP 503 - 240 users 1-49
2026-09-10 20:54:54,368 INFO o.a.j.t.JMeterThread: Thread finished: Thread Group - until HTTP 503 - 240 users 1-99
2026-09-10 20:54:54,368 INFO o.a.j.t.JMeterThread: Stopping because end time detected by thread: Thread Group - until HTTP 503 - 240 users 1-192
2026-09-10 20:54:54,368 INFO o.a.j.t.JMeterThread: Thread finished: Thread Group - until HTTP 503 - 240 users 1-192
2026-09-10 20:54:54,368 INFO o.a.j.t.JMeterThread: Stopping because end time detected by thread: Thread Group - until HTTP 503 - 240 users 1-194
2026-09-10 20:54:54,368 INFO o.a.j.t.JMeterThread: Stopping because end time detected by thread: Thread Group - until HTTP 503 - 240 users 1-191
2026-09-10 20:54:54,368 INFO o.a.j.t.JMeterThread: Thread finished: Thread Group - until HTTP 503 - 240 users 1-194
2026-09-10 20:54:54,368 INFO o.a.j.t.JMeterThread: Thread finished: Thread Group - until HTTP 503 - 240 users 1-191
2026-09-10 20:54:54,369 INFO o.a.j.t.JMeterThread: Stopping because end time detected by thread: Thread Group - until HTTP 503 - 240 users 1-76
2026-09-10 20:54:54,369 INFO o.a.j.t.JMeterThread: Stopping because end time detected by thread: Thread Group - until HTTP 503 - 240 users 1-217
2026-09-10 20:54:54,369 INFO o.a.j.t.JMeterThread: Thread finished: Thread Group - until HTTP 503 - 240 users 1-76
2026-09-10 20:54:54,369 INFO o.a.j.t.JMeterThread: Thread finished: Thread Group - until HTTP 503 - 240 users 1-217
2026-09-10 20:54:54,369 INFO o.a.j.t.JMeterThread: Stopping because end time detected by thread: Thread Group - until HTTP 503 - 240 users 1-140
2026-09-10 20:54:54,369 INFO o.a.j.t.JMeterThread: Stopping because end time detected by thread: Thread Group - until HTTP 503 - 240 users 1-70
2026-09-10 20:54:54,369 INFO o.a.j.t.JMeterThread: Thread finished: Thread Group - until HTTP 503 - 240 users 1-140
2026-09-10 20:54:54,369 INFO o.a.j.t.JMeterThread: Thread finished: Thread Group - until HTTP 503 - 240 users 1-70
2026-09-10 20:54:54,369 INFO o.a.j.t.JMeterThread: Stopping because end time detected by thread: Thread Group - until HTTP 503 - 240 users 1-96
2026-09-10 20:54:54,369 INFO o.a.j.t.JMeterThread: Stopping because end time detected by thread: Thread Group - until HTTP 503 - 240 users 1-78
2026-09-10 20:54:54,370 INFO o.a.j.t.JMeterThread: Stopping because end time detected by thread: Thread Group - until HTTP 503 - 240 users 1-48
2026-09-10 20:54:54,370 INFO o.a.j.t.JMeterThread: Thread finished: Thread Group - until HTTP 503 - 240 users 1-96
2026-09-10 20:54:54,369 INFO o.a.j.t.JMeterThread: Stopping because end time detected by thread: Thread Group - until HTTP 503 - 240 users 1-61
2026-09-10 20:54:54,369 INFO o.a.j.t.JMeterThread: Stopping because end time detected by thread: Thread Group - until HTTP 503 - 240 users 1-15
2026-09-10 20:54:54,370 INFO o.a.j.t.JMeterThread: Thread finished: Thread Group - until HTTP 503 - 240 users 1-61
2026-09-10 20:54:54,370 INFO o.a.j.t.JMeterThread: Thread finished: Thread Group - until HTTP 503 - 240 users 1-15
2026-09-10 20:54:54,370 INFO o.a.j.t.JMeterThread: Stopping because end time detected by thread: Thread Group - until HTTP 503 - 240 users 1-64
2026-09-10 20:54:54,370 INFO o.a.j.t.JMeterThread: Thread finished: Thread Group - until HTTP 503 - 240 users 1-64
2026-09-10 20:54:54,370 INFO o.a.j.t.JMeterThread: Stopping because end time detected by thread: Thread Group - until HTTP 503 - 240 users 1-124
2026-09-10 20:54:54,370 INFO o.a.j.t.JMeterThread: Thread finished: Thread Group - until HTTP 503 - 240 users 1-48
2026-09-10 20:54:54,370 INFO o.a.j.t.JMeterThread: Thread finished: Thread Group - until HTTP 503 - 240 users 1-78
2026-09-10 20:54:54,370 INFO o.a.j.t.JMeterThread: Thread finished: Thread Group - until HTTP 503 - 240 users 1-124
2026-09-10 20:54:57,287 INFO o.a.j.t.JMeterThread: Stopping because end time detected by thread: Thread Group - until HTTP 503 - 240 users 1-114
2026-09-10 20:54:57,287 INFO o.a.j.t.JMeterThread: Thread finished: Thread Group - until HTTP 503 - 240 users 1-114
2026-09-10 20:54:57,523 INFO o.a.j.t.JMeterThread: Stopping because end time detected by thread: Thread Group - until HTTP 503 - 240 users 1-43
2026-09-10 20:54:57,523 INFO o.a.j.t.JMeterThread: Stopping because end time detected by thread: Thread Group - until HTTP 503 - 240 users 1-103
2026-09-10 20:54:57,523 INFO o.a.j.t.JMeterThread: Thread finished: Thread Group - until HTTP 503 - 240 users 1-43
2026-09-10 20:54:57,523 INFO o.a.j.t.JMeterThread: Stopping because end time detected by thread: Thread Group - until HTTP 503 - 240 users 1-24
2026-09-10 20:54:57,523 INFO o.a.j.t.JMeterThread: Stopping because end time detected by thread: Thread Group - until HTTP 503 - 240 users 1-120
2026-09-10 20:54:57,523 INFO o.a.j.t.JMeterThread: Stopping because end time detected by thread: Thread Group - until HTTP 503 - 240 users 1-163
2026-09-10 20:54:57,523 INFO o.a.j.t.JMeterThread: Thread finished: Thread Group - until HTTP 503 - 240 users 1-24
2026-09-10 20:54:57,523 INFO o.a.j.t.JMeterThread: Stopping because end time detected by thread: Thread Group - until HTTP 503 - 240 users 1-92
2026-09-10 20:54:57,523 INFO o.a.j.t.JMeterThread: Thread finished: Thread Group - until HTTP 503 - 240 users 1-120
2026-09-10 20:54:57,523 INFO o.a.j.t.JMeterThread: Stopping because end time detected by thread: Thread Group - until HTTP 503 - 240 users 1-150
2026-09-10 20:54:57,523 INFO o.a.j.t.JMeterThread: Thread finished: Thread Group - until HTTP 503 - 240 users 1-103
2026-09-10 20:54:57,523 INFO o.a.j.t.JMeterThread: Stopping because end time detected by thread: Thread Group - until HTTP 503 - 240 users 1-226
2026-09-10 20:54:57,523 INFO o.a.j.t.JMeterThread: Stopping because end time detected by thread: Thread Group - until HTTP 503 - 240 users 1-160
2026-09-10 20:54:57,524 INFO o.a.j.t.JMeterThread: Thread finished: Thread Group - until HTTP 503 - 240 users 1-226
2026-09-10 20:54:57,524 INFO o.a.j.t.JMeterThread: Thread finished: Thread Group - until HTTP 503 - 240 users 1-160
2026-09-10 20:54:57,523 INFO o.a.j.t.JMeterThread: Stopping because end time detected by thread: Thread Group - until HTTP 503 - 240 users 1-165
2026-09-10 20:54:57,523 INFO o.a.j.t.JMeterThread: Thread finished: Thread Group - until HTTP 503 - 240 users 1-163
2026-09-10 20:54:57,525 INFO o.a.j.t.JMeterThread: Thread finished: Thread Group - until HTTP 503 - 240 users 1-165
2026-09-10 20:54:57,523 INFO o.a.j.t.JMeterThread: Thread finished: Thread Group - until HTTP 503 - 240 users 1-92
2026-09-10 20:54:57,523 INFO o.a.j.t.JMeterThread: Stopping because end time detected by thread: Thread Group - until HTTP 503 - 240 users 1-184
2026-09-10 20:54:57,524 INFO o.a.j.t.JMeterThread: Thread finished: Thread Group - until HTTP 503 - 240 users 1-150
2026-09-10 20:54:57,525 INFO o.a.j.t.JMeterThread: Stopping because end time detected by thread: Thread Group - until HTTP 503 - 240 users 1-151
2026-09-10 20:54:57,524 INFO o.a.j.t.JMeterThread: Stopping because end time detected by thread: Thread Group - until HTTP 503 - 240 users 1-209
2026-09-10 20:54:57,525 INFO o.a.j.t.JMeterThread: Thread finished: Thread Group - until HTTP 503 - 240 users 1-184
2026-09-10 20:54:57,526 INFO o.a.j.t.JMeterThread: Thread finished: Thread Group - until HTTP 503 - 240 users 1-151
2026-09-10 20:54:57,526 INFO o.a.j.t.JMeterThread: Thread finished: Thread Group - until HTTP 503 - 240 users 1-209
2026-09-10 20:54:57,526 INFO o.a.j.t.JMeterThread: Stopping because end time detected by thread: Thread Group - until HTTP 503 - 240 users 1-35
2026-09-10 20:54:57,526 INFO o.a.j.t.JMeterThread: Thread finished: Thread Group - until HTTP 503 - 240 users 1-35
2026-09-10 20:54:57,526 INFO o.a.j.t.JMeterThread: Stopping because end time detected by thread: Thread Group - until HTTP 503 - 240 users 1-50
2026-09-10 20:54:57,526 INFO o.a.j.t.JMeterThread: Stopping because end time detected by thread: Thread Group - until HTTP 503 - 240 users 1-180
2026-09-10 20:54:57,526 INFO o.a.j.t.JMeterThread: Stopping because end time detected by thread: Thread Group - until HTTP 503 - 240 users 1-185
2026-09-10 20:54:57,526 INFO o.a.j.t.JMeterThread: Thread finished: Thread Group - until HTTP 503 - 240 users 1-180
2026-09-10 20:54:57,526 INFO o.a.j.t.JMeterThread: Thread finished: Thread Group - until HTTP 503 - 240 users 1-50
2026-09-10 20:54:57,526 INFO o.a.j.t.JMeterThread: Thread finished: Thread Group - until HTTP 503 - 240 users 1-185
2026-09-10 20:54:57,526 INFO o.a.j.t.JMeterThread: Stopping because end time detected by thread: Thread Group - until HTTP 503 - 240 users 1-112
2026-09-10 20:54:57,526 INFO o.a.j.t.JMeterThread: Thread finished: Thread Group - until HTTP 503 - 240 users 1-112
2026-09-10 20:54:57,526 INFO o.a.j.t.JMeterThread: Stopping because end time detected by thread: Thread Group - until HTTP 503 - 240 users 1-132
2026-09-10 20:54:57,526 INFO o.a.j.t.JMeterThread: Stopping because end time detected by thread: Thread Group - until HTTP 503 - 240 users 1-142
2026-09-10 20:54:57,526 INFO o.a.j.t.JMeterThread: Thread finished: Thread Group - until HTTP 503 - 240 users 1-132
2026-09-10 20:54:57,526 INFO o.a.j.t.JMeterThread: Thread finished: Thread Group - until HTTP 503 - 240 users 1-142
2026-09-10 20:54:57,526 INFO o.a.j.t.JMeterThread: Stopping because end time detected by thread: Thread Group - until HTTP 503 - 240 users 1-77
2026-09-10 20:54:57,526 INFO o.a.j.t.JMeterThread: Thread finished: Thread Group - until HTTP 503 - 240 users 1-77
2026-09-10 20:54:57,527 INFO o.a.j.t.JMeterThread: Stopping because end time detected by thread: Thread Group - until HTTP 503 - 240 users 1-236
2026-09-10 20:54:57,527 INFO o.a.j.t.JMeterThread: Stopping because end time detected by thread: Thread Group - until HTTP 503 - 240 users 1-237
2026-09-10 20:54:57,527 INFO o.a.j.t.JMeterThread: Thread finished: Thread Group - until HTTP 503 - 240 users 1-236
2026-09-10 20:54:57,527 INFO o.a.j.t.JMeterThread: Stopping because end time detected by thread: Thread Group - until HTTP 503 - 240 users 1-238
2026-09-10 20:54:57,527 INFO o.a.j.t.JMeterThread: Thread finished: Thread Group - until HTTP 503 - 240 users 1-237
2026-09-10 20:54:57,527 INFO o.a.j.t.JMeterThread: Stopping because end time detected by thread: Thread Group - until HTTP 503 - 240 users 1-239
2026-09-10 20:54:57,527 INFO o.a.j.t.JMeterThread: Thread finished: Thread Group - until HTTP 503 - 240 users 1-238
2026-09-10 20:54:57,527 INFO o.a.j.t.JMeterThread: Stopping because end time detected by thread: Thread Group - until HTTP 503 - 240 users 1-240
2026-09-10 20:54:57,527 INFO o.a.j.t.JMeterThread: Thread finished: Thread Group - until HTTP 503 - 240 users 1-240
2026-09-10 20:54:57,527 INFO o.a.j.t.JMeterThread: Thread finished: Thread Group - until HTTP 503 - 240 users 1-239
2026-09-10 20:54:57,527 INFO o.a.j.t.JMeterThread: Stopping because end time detected by thread: Thread Group - until HTTP 503 - 240 users 1-23
2026-09-10 20:54:57,527 INFO o.a.j.t.JMeterThread: Stopping because end time detected by thread: Thread Group - until HTTP 503 - 240 users 1-69
2026-09-10 20:54:57,527 INFO o.a.j.t.JMeterThread: Stopping because end time detected by thread: Thread Group - until HTTP 503 - 240 users 1-29
2026-09-10 20:54:57,527 INFO o.a.j.t.JMeterThread: Thread finished: Thread Group - until HTTP 503 - 240 users 1-69
2026-09-10 20:54:57,527 INFO o.a.j.t.JMeterThread: Thread finished: Thread Group - until HTTP 503 - 240 users 1-29
2026-09-10 20:54:57,527 INFO o.a.j.t.JMeterThread: Stopping because end time detected by thread: Thread Group - until HTTP 503 - 240 users 1-17
2026-09-10 20:54:57,527 INFO o.a.j.t.JMeterThread: Stopping because end time detected by thread: Thread Group - until HTTP 503 - 240 users 1-218
2026-09-10 20:54:57,527 INFO o.a.j.t.JMeterThread: Stopping because end time detected by thread: Thread Group - until HTTP 503 - 240 users 1-95
2026-09-10 20:54:57,528 INFO o.a.j.t.JMeterThread: Thread finished: Thread Group - until HTTP 503 - 240 users 1-23
2026-09-10 20:54:57,528 INFO o.a.j.t.JMeterThread: Thread finished: Thread Group - until HTTP 503 - 240 users 1-218
2026-09-10 20:54:57,528 INFO o.a.j.t.JMeterThread: Thread finished: Thread Group - until HTTP 503 - 240 users 1-17
2026-09-10 20:54:57,527 INFO o.a.j.t.JMeterThread: Stopping because end time detected by thread: Thread Group - until HTTP 503 - 240 users 1-56
2026-09-10 20:54:57,528 INFO o.a.j.t.JMeterThread: Thread finished: Thread Group - until HTTP 503 - 240 users 1-95
2026-09-10 20:54:57,528 INFO o.a.j.t.JMeterThread: Thread finished: Thread Group - until HTTP 503 - 240 users 1-56
2026-09-10 20:54:57,528 INFO o.a.j.t.JMeterThread: Stopping because end time detected by thread: Thread Group - until HTTP 503 - 240 users 1-19
2026-09-10 20:54:57,528 INFO o.a.j.t.JMeterThread: Thread finished: Thread Group - until HTTP 503 - 240 users 1-19
2026-09-10 20:54:57,528 INFO o.a.j.t.JMeterThread: Stopping because end time detected by thread: Thread Group - until HTTP 503 - 240 users 1-162
2026-09-10 20:54:57,528 INFO o.a.j.t.JMeterThread: Stopping because end time detected by thread: Thread Group - until HTTP 503 - 240 users 1-182
2026-09-10 20:54:57,528 INFO o.a.j.t.JMeterThread: Thread finished: Thread Group - until HTTP 503 - 240 users 1-162
2026-09-10 20:54:57,528 INFO o.a.j.t.JMeterThread: Thread finished: Thread Group - until HTTP 503 - 240 users 1-182
2026-09-10 20:54:57,528 INFO o.a.j.t.JMeterThread: Stopping because end time detected by thread: Thread Group - until HTTP 503 - 240 users 1-186
2026-09-10 20:54:57,528 INFO o.a.j.t.JMeterThread: Thread finished: Thread Group - until HTTP 503 - 240 users 1-186
2026-09-10 20:54:57,528 INFO o.a.j.t.JMeterThread: Stopping because end time detected by thread: Thread Group - until HTTP 503 - 240 users 1-129
2026-09-10 20:54:57,528 INFO o.a.j.t.JMeterThread: Thread finished: Thread Group - until HTTP 503 - 240 users 1-129
2026-09-10 20:54:57,528 INFO o.a.j.t.JMeterThread: Stopping because end time detected by thread: Thread Group - until HTTP 503 - 240 users 1-66
2026-09-10 20:54:57,528 INFO o.a.j.t.JMeterThread: Stopping because end time detected by thread: Thread Group - until HTTP 503 - 240 users 1-189
2026-09-10 20:54:57,528 INFO o.a.j.t.JMeterThread: Thread finished: Thread Group - until HTTP 503 - 240 users 1-66
2026-09-10 20:54:57,528 INFO o.a.j.t.JMeterThread: Stopping because end time detected by thread: Thread Group - until HTTP 503 - 240 users 1-3
2026-09-10 20:54:57,528 INFO o.a.j.t.JMeterThread: Thread finished: Thread Group - until HTTP 503 - 240 users 1-189
2026-09-10 20:54:57,528 INFO o.a.j.t.JMeterThread: Stopping because end time detected by thread: Thread Group - until HTTP 503 - 240 users 1-111
2026-09-10 20:54:57,528 INFO o.a.j.t.JMeterThread: Thread finished: Thread Group - until HTTP 503 - 240 users 1-3
2026-09-10 20:54:57,528 INFO o.a.j.t.JMeterThread: Stopping because end time detected by thread: Thread Group - until HTTP 503 - 240 users 1-164
2026-09-10 20:54:57,528 INFO o.a.j.t.JMeterThread: Thread finished: Thread Group - until HTTP 503 - 240 users 1-111
2026-09-10 20:54:57,528 INFO o.a.j.t.JMeterThread: Thread finished: Thread Group - until HTTP 503 - 240 users 1-164
2026-09-10 20:54:57,529 INFO o.a.j.t.JMeterThread: Stopping because end time detected by thread: Thread Group - until HTTP 503 - 240 users 1-9
2026-09-10 20:54:57,529 INFO o.a.j.t.JMeterThread: Stopping because end time detected by thread: Thread Group - until HTTP 503 - 240 users 1-21
2026-09-10 20:54:57,529 INFO o.a.j.t.JMeterThread: Stopping because end time detected by thread: Thread Group - until HTTP 503 - 240 users 1-10
2026-09-10 20:54:57,529 INFO o.a.j.t.JMeterThread: Thread finished: Thread Group - until HTTP 503 - 240 users 1-9
2026-09-10 20:54:57,529 INFO o.a.j.t.JMeterThread: Stopping because end time detected by thread: Thread Group - until HTTP 503 - 240 users 1-11
2026-09-10 20:54:57,529 INFO o.a.j.t.JMeterThread: Thread finished: Thread Group - until HTTP 503 - 240 users 1-21
2026-09-10 20:54:57,529 INFO o.a.j.t.JMeterThread: Stopping because end time detected by thread: Thread Group - until HTTP 503 - 240 users 1-81
2026-09-10 20:54:57,529 INFO o.a.j.t.JMeterThread: Thread finished: Thread Group - until HTTP 503 - 240 users 1-10
2026-09-10 20:54:57,529 INFO o.a.j.t.JMeterThread: Stopping because end time detected by thread: Thread Group - until HTTP 503 - 240 users 1-33
2026-09-10 20:54:57,529 INFO o.a.j.t.JMeterThread: Thread finished: Thread Group - until HTTP 503 - 240 users 1-33
2026-09-10 20:54:57,529 INFO o.a.j.t.JMeterThread: Stopping because end time detected by thread: Thread Group - until HTTP 503 - 240 users 1-216
2026-09-10 20:54:57,529 INFO o.a.j.t.JMeterThread: Thread finished: Thread Group - until HTTP 503 - 240 users 1-216
2026-09-10 20:54:57,529 INFO o.a.j.t.JMeterThread: Thread finished: Thread Group - until HTTP 503 - 240 users 1-11
2026-09-10 20:54:57,529 INFO o.a.j.t.JMeterThread: Thread finished: Thread Group - until HTTP 503 - 240 users 1-81
2026-09-10 20:54:57,529 INFO o.a.j.t.JMeterThread: Stopping because end time detected by thread: Thread Group - until HTTP 503 - 240 users 1-90
2026-09-10 20:54:57,529 INFO o.a.j.t.JMeterThread: Thread finished: Thread Group - until HTTP 503 - 240 users 1-90
2026-09-10 20:54:57,529 INFO o.a.j.t.JMeterThread: Stopping because end time detected by thread: Thread Group - until HTTP 503 - 240 users 1-220
2026-09-10 20:54:57,529 INFO o.a.j.t.JMeterThread: Stopping because end time detected by thread: Thread Group - until HTTP 503 - 240 users 1-75
2026-09-10 20:54:57,529 INFO o.a.j.t.JMeterThread: Thread finished: Thread Group - until HTTP 503 - 240 users 1-220
2026-09-10 20:54:57,529 INFO o.a.j.t.JMeterThread: Thread finished: Thread Group - until HTTP 503 - 240 users 1-75
2026-09-10 20:54:57,529 INFO o.a.j.t.JMeterThread: Stopping because end time detected by thread: Thread Group - until HTTP 503 - 240 users 1-126
2026-09-10 20:54:57,529 INFO o.a.j.t.JMeterThread: Stopping because end time detected by thread: Thread Group - until HTTP 503 - 240 users 1-101
2026-09-10 20:54:57,530 INFO o.a.j.t.JMeterThread: Stopping because end time detected by thread: Thread Group - until HTTP 503 - 240 users 1-127
2026-09-10 20:54:57,530 INFO o.a.j.t.JMeterThread: Thread finished: Thread Group - until HTTP 503 - 240 users 1-126
2026-09-10 20:54:57,530 INFO o.a.j.t.JMeterThread: Thread finished: Thread Group - until HTTP 503 - 240 users 1-127
2026-09-10 20:54:57,530 INFO o.a.j.t.JMeterThread: Thread finished: Thread Group - until HTTP 503 - 240 users 1-101
2026-09-10 20:54:57,530 INFO o.a.j.t.JMeterThread: Stopping because end time detected by thread: Thread Group - until HTTP 503 - 240 users 1-5
2026-09-10 20:54:57,530 INFO o.a.j.t.JMeterThread: Thread finished: Thread Group - until HTTP 503 - 240 users 1-5
2026-09-10 20:54:57,530 INFO o.a.j.t.JMeterThread: Stopping because end time detected by thread: Thread Group - until HTTP 503 - 240 users 1-156
2026-09-10 20:54:57,530 INFO o.a.j.t.JMeterThread: Stopping because end time detected by thread: Thread Group - until HTTP 503 - 240 users 1-94
2026-09-10 20:54:57,530 INFO o.a.j.t.JMeterThread: Thread finished: Thread Group - until HTTP 503 - 240 users 1-156
2026-09-10 20:54:57,530 INFO o.a.j.t.JMeterThread: Stopping because end time detected by thread: Thread Group - until HTTP 503 - 240 users 1-107
2026-09-10 20:54:57,530 INFO o.a.j.t.JMeterThread: Thread finished: Thread Group - until HTTP 503 - 240 users 1-94
2026-09-10 20:54:57,530 INFO o.a.j.t.JMeterThread: Thread finished: Thread Group - until HTTP 503 - 240 users 1-107
2026-09-10 20:54:57,530 INFO o.a.j.t.JMeterThread: Stopping because end time detected by thread: Thread Group - until HTTP 503 - 240 users 1-137
2026-09-10 20:54:57,530 INFO o.a.j.t.JMeterThread: Stopping because end time detected by thread: Thread Group - until HTTP 503 - 240 users 1-143
2026-09-10 20:54:57,530 INFO o.a.j.t.JMeterThread: Thread finished: Thread Group - until HTTP 503 - 240 users 1-137
2026-09-10 20:54:57,530 INFO o.a.j.t.JMeterThread: Thread finished: Thread Group - until HTTP 503 - 240 users 1-143
2026-09-10 20:54:57,531 INFO o.a.j.t.JMeterThread: Stopping because end time detected by thread: Thread Group - until HTTP 503 - 240 users 1-4
2026-09-10 20:54:57,531 INFO o.a.j.t.JMeterThread: Stopping because end time detected by thread: Thread Group - until HTTP 503 - 240 users 1-214
2026-09-10 20:54:57,531 INFO o.a.j.t.JMeterThread: Stopping because end time detected by thread: Thread Group - until HTTP 503 - 240 users 1-72
2026-09-10 20:54:57,531 INFO o.a.j.t.JMeterThread: Stopping because end time detected by thread: Thread Group - until HTTP 503 - 240 users 1-45
2026-09-10 20:54:57,531 INFO o.a.j.t.JMeterThread: Stopping because end time detected by thread: Thread Group - until HTTP 503 - 240 users 1-2
2026-09-10 20:54:57,531 INFO o.a.j.t.JMeterThread: Thread finished: Thread Group - until HTTP 503 - 240 users 1-2
2026-09-10 20:54:57,531 INFO o.a.j.t.JMeterThread: Stopping because end time detected by thread: Thread Group - until HTTP 503 - 240 users 1-26
2026-09-10 20:54:57,531 INFO o.a.j.t.JMeterThread: Stopping because end time detected by thread: Thread Group - until HTTP 503 - 240 users 1-39
2026-09-10 20:54:57,531 INFO o.a.j.t.JMeterThread: Thread finished: Thread Group - until HTTP 503 - 240 users 1-4
2026-09-10 20:54:57,531 INFO o.a.j.t.JMeterThread: Thread finished: Thread Group - until HTTP 503 - 240 users 1-39
2026-09-10 20:54:57,531 INFO o.a.j.t.JMeterThread: Stopping because end time detected by thread: Thread Group - until HTTP 503 - 240 users 1-37
2026-09-10 20:54:57,531 INFO o.a.j.t.JMeterThread: Thread finished: Thread Group - until HTTP 503 - 240 users 1-37
2026-09-10 20:54:57,531 INFO o.a.j.t.JMeterThread: Stopping because end time detected by thread: Thread Group - until HTTP 503 - 240 users 1-18
2026-09-10 20:54:57,531 INFO o.a.j.t.JMeterThread: Stopping because end time detected by thread: Thread Group - until HTTP 503 - 240 users 1-47
2026-09-10 20:54:57,531 INFO o.a.j.t.JMeterThread: Thread finished: Thread Group - until HTTP 503 - 240 users 1-47
2026-09-10 20:54:57,531 INFO o.a.j.t.JMeterThread: Stopping because end time detected by thread: Thread Group - until HTTP 503 - 240 users 1-41
2026-09-10 20:54:57,531 INFO o.a.j.t.JMeterThread: Thread finished: Thread Group - until HTTP 503 - 240 users 1-41
2026-09-10 20:54:57,531 INFO o.a.j.t.JMeterThread: Thread finished: Thread Group - until HTTP 503 - 240 users 1-72
2026-09-10 20:54:57,531 INFO o.a.j.t.JMeterThread: Thread finished: Thread Group - until HTTP 503 - 240 users 1-26
2026-09-10 20:54:57,531 INFO o.a.j.t.JMeterThread: Thread finished: Thread Group - until HTTP 503 - 240 users 1-214
2026-09-10 20:54:57,531 INFO o.a.j.t.JMeterThread: Thread finished: Thread Group - until HTTP 503 - 240 users 1-45
2026-09-10 20:54:57,532 INFO o.a.j.t.JMeterThread: Thread finished: Thread Group - until HTTP 503 - 240 users 1-18
2026-09-10 20:54:57,532 INFO o.a.j.t.JMeterThread: Stopping because end time detected by thread: Thread Group - until HTTP 503 - 240 users 1-215
2026-09-10 20:54:57,532 INFO o.a.j.t.JMeterThread: Stopping because end time detected by thread: Thread Group - until HTTP 503 - 240 users 1-27
2026-09-10 20:54:57,532 INFO o.a.j.t.JMeterThread: Stopping because end time detected by thread: Thread Group - until HTTP 503 - 240 users 1-138
2026-09-10 20:54:57,532 INFO o.a.j.t.JMeterThread: Thread finished: Thread Group - until HTTP 503 - 240 users 1-215
2026-09-10 20:54:57,532 INFO o.a.j.t.JMeterThread: Thread finished: Thread Group - until HTTP 503 - 240 users 1-27
2026-09-10 20:54:57,532 INFO o.a.j.t.JMeterThread: Stopping because end time detected by thread: Thread Group - until HTTP 503 - 240 users 1-221
2026-09-10 20:54:57,532 INFO o.a.j.t.JMeterThread: Stopping because end time detected by thread: Thread Group - until HTTP 503 - 240 users 1-224
2026-09-10 20:54:57,532 INFO o.a.j.t.JMeterThread: Thread finished: Thread Group - until HTTP 503 - 240 users 1-221
2026-09-10 20:54:57,532 INFO o.a.j.t.JMeterThread: Thread finished: Thread Group - until HTTP 503 - 240 users 1-224
2026-09-10 20:54:57,532 INFO o.a.j.t.JMeterThread: Stopping because end time detected by thread: Thread Group - until HTTP 503 - 240 users 1-117
2026-09-10 20:54:57,532 INFO o.a.j.t.JMeterThread: Thread finished: Thread Group - until HTTP 503 - 240 users 1-117
2026-09-10 20:54:57,532 INFO o.a.j.t.JMeterThread: Stopping because end time detected by thread: Thread Group - until HTTP 503 - 240 users 1-121
2026-09-10 20:54:57,532 INFO o.a.j.t.JMeterThread: Thread finished: Thread Group - until HTTP 503 - 240 users 1-121
2026-09-10 20:54:57,532 INFO o.a.j.t.JMeterThread: Stopping because end time detected by thread: Thread Group - until HTTP 503 - 240 users 1-145
2026-09-10 20:54:57,532 INFO o.a.j.t.JMeterThread: Stopping because end time detected by thread: Thread Group - until HTTP 503 - 240 users 1-119
2026-09-10 20:54:57,532 INFO o.a.j.t.JMeterThread: Thread finished: Thread Group - until HTTP 503 - 240 users 1-145
2026-09-10 20:54:57,532 INFO o.a.j.t.JMeterThread: Thread finished: Thread Group - until HTTP 503 - 240 users 1-119
2026-09-10 20:54:57,532 INFO o.a.j.t.JMeterThread: Stopping because end time detected by thread: Thread Group - until HTTP 503 - 240 users 1-122
2026-09-10 20:54:57,532 INFO o.a.j.t.JMeterThread: Stopping because end time detected by thread: Thread Group - until HTTP 503 - 240 users 1-157
2026-09-10 20:54:57,532 INFO o.a.j.t.JMeterThread: Thread finished: Thread Group - until HTTP 503 - 240 users 1-122
2026-09-10 20:54:57,532 INFO o.a.j.t.JMeterThread: Thread finished: Thread Group - until HTTP 503 - 240 users 1-157
2026-09-10 20:54:57,532 INFO o.a.j.t.JMeterThread: Stopping because end time detected by thread: Thread Group - until HTTP 503 - 240 users 1-222
2026-09-10 20:54:57,532 INFO o.a.j.t.JMeterThread: Thread finished: Thread Group - until HTTP 503 - 240 users 1-222
2026-09-10 20:54:57,532 INFO o.a.j.t.JMeterThread: Stopping because end time detected by thread: Thread Group - until HTTP 503 - 240 users 1-154
2026-09-10 20:54:57,532 INFO o.a.j.t.JMeterThread: Thread finished: Thread Group - until HTTP 503 - 240 users 1-138
2026-09-10 20:54:57,532 INFO o.a.j.t.JMeterThread: Thread finished: Thread Group - until HTTP 503 - 240 users 1-154
2026-09-10 20:54:57,532 INFO o.a.j.t.JMeterThread: Stopping because end time detected by thread: Thread Group - until HTTP 503 - 240 users 1-235
2026-09-10 20:54:57,532 INFO o.a.j.t.JMeterThread: Stopping because end time detected by thread: Thread Group - until HTTP 503 - 240 users 1-131
2026-09-10 20:54:57,532 INFO o.a.j.t.JMeterThread: Stopping because end time detected by thread: Thread Group - until HTTP 503 - 240 users 1-139
2026-09-10 20:54:57,532 INFO o.a.j.t.JMeterThread: Thread finished: Thread Group - until HTTP 503 - 240 users 1-235
2026-09-10 20:54:57,532 INFO o.a.j.t.JMeterThread: Thread finished: Thread Group - until HTTP 503 - 240 users 1-139
2026-09-10 20:54:57,533 INFO o.a.j.t.JMeterThread: Thread finished: Thread Group - until HTTP 503 - 240 users 1-131
2026-09-10 20:54:57,533 INFO o.a.j.t.JMeterThread: Stopping because end time detected by thread: Thread Group - until HTTP 503 - 240 users 1-187
2026-09-10 20:54:57,533 INFO o.a.j.t.JMeterThread: Stopping because end time detected by thread: Thread Group - until HTTP 503 - 240 users 1-67
2026-09-10 20:54:57,533 INFO o.a.j.t.JMeterThread: Thread finished: Thread Group - until HTTP 503 - 240 users 1-187
2026-09-10 20:54:57,533 INFO o.a.j.t.JMeterThread: Thread finished: Thread Group - until HTTP 503 - 240 users 1-67
2026-09-10 20:54:57,533 INFO o.a.j.t.JMeterThread: Stopping because end time detected by thread: Thread Group - until HTTP 503 - 240 users 1-102
2026-09-10 20:54:57,533 INFO o.a.j.t.JMeterThread: Stopping because end time detected by thread: Thread Group - until HTTP 503 - 240 users 1-128
2026-09-10 20:54:57,533 INFO o.a.j.t.JMeterThread: Stopping because end time detected by thread: Thread Group - until HTTP 503 - 240 users 1-100
2026-09-10 20:54:57,533 INFO o.a.j.t.JMeterThread: Stopping because end time detected by thread: Thread Group - until HTTP 503 - 240 users 1-134
2026-09-10 20:54:57,533 INFO o.a.j.t.JMeterThread: Thread finished: Thread Group - until HTTP 503 - 240 users 1-102
2026-09-10 20:54:57,533 INFO o.a.j.t.JMeterThread: Stopping because end time detected by thread: Thread Group - until HTTP 503 - 240 users 1-146
2026-09-10 20:54:57,533 INFO o.a.j.t.JMeterThread: Stopping because end time detected by thread: Thread Group - until HTTP 503 - 240 users 1-133
2026-09-10 20:54:57,533 INFO o.a.j.t.JMeterThread: Stopping because end time detected by thread: Thread Group - until HTTP 503 - 240 users 1-148
2026-09-10 20:54:57,534 INFO o.a.j.t.JMeterThread: Thread finished: Thread Group - until HTTP 503 - 240 users 1-146
2026-09-10 20:54:57,534 INFO o.a.j.t.JMeterThread: Thread finished: Thread Group - until HTTP 503 - 240 users 1-128
2026-09-10 20:54:57,534 INFO o.a.j.t.JMeterThread: Thread finished: Thread Group - until HTTP 503 - 240 users 1-100
2026-09-10 20:54:57,534 INFO o.a.j.t.JMeterThread: Thread finished: Thread Group - until HTTP 503 - 240 users 1-134
2026-09-10 20:54:57,534 INFO o.a.j.t.JMeterThread: Thread finished: Thread Group - until HTTP 503 - 240 users 1-148
2026-09-10 20:54:57,534 INFO o.a.j.t.JMeterThread: Stopping because end time detected by thread: Thread Group - until HTTP 503 - 240 users 1-153
2026-09-10 20:54:57,534 INFO o.a.j.t.JMeterThread: Thread finished: Thread Group - until HTTP 503 - 240 users 1-153
2026-09-10 20:54:57,534 INFO o.a.j.t.JMeterThread: Thread finished: Thread Group - until HTTP 503 - 240 users 1-133
2026-09-10 20:54:57,534 INFO o.a.j.t.JMeterThread: Stopping because end time detected by thread: Thread Group - until HTTP 503 - 240 users 1-169
2026-09-10 20:54:57,534 INFO o.a.j.t.JMeterThread: Stopping because end time detected by thread: Thread Group - until HTTP 503 - 240 users 1-155
2026-09-10 20:54:57,534 INFO o.a.j.t.JMeterThread: Thread finished: Thread Group - until HTTP 503 - 240 users 1-169
2026-09-10 20:54:57,534 INFO o.a.j.t.JMeterThread: Thread finished: Thread Group - until HTTP 503 - 240 users 1-155
2026-09-10 20:54:57,534 INFO o.a.j.t.JMeterThread: Stopping because end time detected by thread: Thread Group - until HTTP 503 - 240 users 1-170
2026-09-10 20:54:57,534 INFO o.a.j.t.JMeterThread: Thread finished: Thread Group - until HTTP 503 - 240 users 1-170
2026-09-10 20:54:57,534 INFO o.a.j.t.JMeterThread: Stopping because end time detected by thread: Thread Group - until HTTP 503 - 240 users 1-195
2026-09-10 20:54:57,534 INFO o.a.j.t.JMeterThread: Stopping because end time detected by thread: Thread Group - until HTTP 503 - 240 users 1-196
2026-09-10 20:54:57,534 INFO o.a.j.t.JMeterThread: Stopping because end time detected by thread: Thread Group - until HTTP 503 - 240 users 1-197
2026-09-10 20:54:57,534 INFO o.a.j.t.JMeterThread: Thread finished: Thread Group - until HTTP 503 - 240 users 1-195
2026-09-10 20:54:57,534 INFO o.a.j.t.JMeterThread: Thread finished: Thread Group - until HTTP 503 - 240 users 1-197
2026-09-10 20:54:57,534 INFO o.a.j.t.JMeterThread: Thread finished: Thread Group - until HTTP 503 - 240 users 1-196
2026-09-10 20:54:57,534 INFO o.a.j.t.JMeterThread: Stopping because end time detected by thread: Thread Group - until HTTP 503 - 240 users 1-199
2026-09-10 20:54:57,534 INFO o.a.j.t.JMeterThread: Thread finished: Thread Group - until HTTP 503 - 240 users 1-199
2026-09-10 20:54:57,534 INFO o.a.j.t.JMeterThread: Stopping because end time detected by thread: Thread Group - until HTTP 503 - 240 users 1-202
2026-09-10 20:54:57,535 INFO o.a.j.t.JMeterThread: Thread finished: Thread Group - until HTTP 503 - 240 users 1-202
2026-09-10 20:54:57,535 INFO o.a.j.t.JMeterThread: Stopping because end time detected by thread: Thread Group - until HTTP 503 - 240 users 1-200
2026-09-10 20:54:57,535 INFO o.a.j.t.JMeterThread: Thread finished: Thread Group - until HTTP 503 - 240 users 1-200
2026-09-10 20:54:57,535 INFO o.a.j.t.JMeterThread: Stopping because end time detected by thread: Thread Group - until HTTP 503 - 240 users 1-109
2026-09-10 20:54:57,535 INFO o.a.j.t.JMeterThread: Thread finished: Thread Group - until HTTP 503 - 240 users 1-109
2026-09-10 20:54:57,535 INFO o.a.j.t.JMeterThread: Stopping because end time detected by thread: Thread Group - until HTTP 503 - 240 users 1-193
2026-09-10 20:54:57,535 INFO o.a.j.t.JMeterThread: Stopping because end time detected by thread: Thread Group - until HTTP 503 - 240 users 1-68
2026-09-10 20:54:57,535 INFO o.a.j.t.JMeterThread: Thread finished: Thread Group - until HTTP 503 - 240 users 1-193
2026-09-10 20:54:57,535 INFO o.a.j.t.JMeterThread: Thread finished: Thread Group - until HTTP 503 - 240 users 1-68
2026-09-10 20:54:57,536 INFO o.a.j.t.JMeterThread: Stopping because end time detected by thread: Thread Group - until HTTP 503 - 240 users 1-25
2026-09-10 20:54:57,536 INFO o.a.j.t.JMeterThread: Stopping because end time detected by thread: Thread Group - until HTTP 503 - 240 users 1-28
2026-09-10 20:54:57,536 INFO o.a.j.t.JMeterThread: Stopping because end time detected by thread: Thread Group - until HTTP 503 - 240 users 1-20
2026-09-10 20:54:57,536 INFO o.a.j.t.JMeterThread: Stopping because end time detected by thread: Thread Group - until HTTP 503 - 240 users 1-228
2026-09-10 20:54:57,537 INFO o.a.j.t.JMeterThread: Thread finished: Thread Group - until HTTP 503 - 240 users 1-20
2026-09-10 20:54:57,536 INFO o.a.j.t.JMeterThread: Stopping because end time detected by thread: Thread Group - until HTTP 503 - 240 users 1-65
2026-09-10 20:54:57,537 INFO o.a.j.t.JMeterThread: Thread finished: Thread Group - until HTTP 503 - 240 users 1-228
2026-09-10 20:54:57,536 INFO o.a.j.t.JMeterThread: Stopping because end time detected by thread: Thread Group - until HTTP 503 - 240 users 1-113
2026-09-10 20:54:57,536 INFO o.a.j.t.JMeterThread: Stopping because end time detected by thread: Thread Group - until HTTP 503 - 240 users 1-227
2026-09-10 20:54:57,536 INFO o.a.j.t.JMeterThread: Thread finished: Thread Group - until HTTP 503 - 240 users 1-25
2026-09-10 20:54:57,537 INFO o.a.j.t.JMeterThread: Thread finished: Thread Group - until HTTP 503 - 240 users 1-113
2026-09-10 20:54:57,536 INFO o.a.j.t.JMeterThread: Stopping because end time detected by thread: Thread Group - until HTTP 503 - 240 users 1-82
2026-09-10 20:54:57,537 INFO o.a.j.t.JMeterThread: Thread finished: Thread Group - until HTTP 503 - 240 users 1-227
2026-09-10 20:54:57,536 INFO o.a.j.t.JMeterThread: Stopping because end time detected by thread: Thread Group - until HTTP 503 - 240 users 1-223
2026-09-10 20:54:57,537 INFO o.a.j.t.JMeterThread: Thread finished: Thread Group - until HTTP 503 - 240 users 1-223
2026-09-10 20:54:57,537 INFO o.a.j.t.JMeterThread: Stopping because end time detected by thread: Thread Group - until HTTP 503 - 240 users 1-136
2026-09-10 20:54:57,537 INFO o.a.j.t.JMeterThread: Thread finished: Thread Group - until HTTP 503 - 240 users 1-28
2026-09-10 20:54:57,537 INFO o.a.j.t.JMeterThread: Stopping because end time detected by thread: Thread Group - until HTTP 503 - 240 users 1-135
2026-09-10 20:54:57,537 INFO o.a.j.t.JMeterThread: Thread finished: Thread Group - until HTTP 503 - 240 users 1-65
2026-09-10 20:54:57,537 INFO o.a.j.t.JMeterThread: Thread finished: Thread Group - until HTTP 503 - 240 users 1-82
2026-09-10 20:54:57,537 INFO o.a.j.t.JMeterThread: Thread finished: Thread Group - until HTTP 503 - 240 users 1-136
2026-09-10 20:54:57,537 INFO o.a.j.t.JMeterThread: Stopping because end time detected by thread: Thread Group - until HTTP 503 - 240 users 1-231
2026-09-10 20:54:57,537 INFO o.a.j.t.JMeterThread: Thread finished: Thread Group - until HTTP 503 - 240 users 1-135
2026-09-10 20:54:57,537 INFO o.a.j.t.JMeterThread: Thread finished: Thread Group - until HTTP 503 - 240 users 1-231
2026-09-10 20:54:57,537 INFO o.a.j.t.JMeterThread: Stopping because end time detected by thread: Thread Group - until HTTP 503 - 240 users 1-171
2026-09-10 20:54:57,537 INFO o.a.j.t.JMeterThread: Thread finished: Thread Group - until HTTP 503 - 240 users 1-171
2026-09-10 20:54:57,538 INFO o.a.j.t.JMeterThread: Stopping because end time detected by thread: Thread Group - until HTTP 503 - 240 users 1-173
2026-09-10 20:54:57,538 INFO o.a.j.t.JMeterThread: Thread finished: Thread Group - until HTTP 503 - 240 users 1-173
2026-09-10 20:54:57,538 INFO o.a.j.t.JMeterThread: Stopping because end time detected by thread: Thread Group - until HTTP 503 - 240 users 1-213
2026-09-10 20:54:57,538 INFO o.a.j.t.JMeterThread: Thread finished: Thread Group - until HTTP 503 - 240 users 1-213
2026-09-10 20:54:57,538 INFO o.a.j.t.JMeterThread: Stopping because end time detected by thread: Thread Group - until HTTP 503 - 240 users 1-205
2026-09-10 20:54:57,538 INFO o.a.j.t.JMeterThread: Stopping because end time detected by thread: Thread Group - until HTTP 503 - 240 users 1-198
2026-09-10 20:54:57,538 INFO o.a.j.t.JMeterThread: Thread finished: Thread Group - until HTTP 503 - 240 users 1-205
2026-09-10 20:54:57,538 INFO o.a.j.t.JMeterThread: Thread finished: Thread Group - until HTTP 503 - 240 users 1-198
2026-09-10 20:54:57,538 INFO o.a.j.t.JMeterThread: Stopping because end time detected by thread: Thread Group - until HTTP 503 - 240 users 1-206
2026-09-10 20:54:57,538 INFO o.a.j.t.JMeterThread: Stopping because end time detected by thread: Thread Group - until HTTP 503 - 240 users 1-207
2026-09-10 20:54:57,538 INFO o.a.j.t.JMeterThread: Thread finished: Thread Group - until HTTP 503 - 240 users 1-206
2026-09-10 20:54:57,538 INFO o.a.j.t.JMeterThread: Thread finished: Thread Group - until HTTP 503 - 240 users 1-207
2026-09-10 20:54:57,538 INFO o.a.j.e.StandardJMeterEngine: Notifying test listeners of end of test
2026-09-10 20:54:57,539 INFO o.a.j.r.Summariser: summary +    919 in 00:00:26 =   34.8/s Avg:  8037 Min:  4876 Max: 12269 Err:   919 (100.00%) Active: 0 Started: 240 Finished: 240
2026-09-10 20:54:57,539 INFO o.a.j.r.Summariser: summary =   2705 in 00:01:35 =   28.3/s Avg:  5683 Min:   507 Max: 12269 Err:  2598 (96.04%)
2026-09-10 20:54:57,540 INFO o.a.j.JMeter: Generating Dashboard
2026-09-10 20:54:57,540 INFO o.a.j.r.d.ReportGenerator: Flushing result collector before report Generation
2026-09-10 20:54:57,564 INFO o.a.j.r.p.NormalizerSampleConsumer: Using format, 'ms', to parse timeStamp field
2026-09-10 20:54:57,789 INFO o.a.j.r.p.AbstractSampleConsumer: class org.apache.jmeter.report.processor.AggregateConsumer#stopProducing(): beginDate produced 0 samples
2026-09-10 20:54:57,789 INFO o.a.j.r.p.AbstractSampleConsumer: class org.apache.jmeter.report.processor.AggregateConsumer#stopProducing(): endDate produced 0 samples
2026-09-10 20:54:57,791 INFO o.a.j.r.p.AbstractSampleConsumer: class org.apache.jmeter.report.processor.ApdexSummaryConsumer#stopProducing(): apdexSummary produced 0 samples
2026-09-10 20:54:57,791 INFO o.a.j.r.p.AbstractSampleConsumer: class org.apache.jmeter.report.processor.RequestsSummaryConsumer#stopProducing(): requestsSummary produced 0 samples
2026-09-10 20:54:57,795 INFO o.a.j.r.p.AbstractSampleConsumer: class org.apache.jmeter.report.processor.StatisticsSummaryConsumer#stopProducing(): statisticsSummary produced 0 samples
2026-09-10 20:54:57,798 INFO o.a.j.r.p.AbstractSampleConsumer: class org.apache.jmeter.report.processor.Top5ErrorsBySamplerConsumer#stopProducing(): top5ErrorsBySampler produced 0 samples
2026-09-10 20:54:57,800 INFO o.a.j.r.p.AbstractSampleConsumer: class org.apache.jmeter.report.processor.ErrorsSummaryConsumer#stopProducing(): errorsSummary produced 0 samples
2026-09-10 20:54:57,800 INFO o.a.j.r.p.AbstractSampleConsumer: class org.apache.jmeter.report.processor.graph.impl.HitsPerSecondGraphConsumer#stopProducing(): hitsPerSecond produced 0 samples
2026-09-10 20:54:57,867 INFO o.a.j.r.p.AbstractSampleConsumer: class org.apache.jmeter.report.processor.graph.impl.LatencyVSRequestGraphConsumer#stopProducing(): latencyVsRequest produced 0 samples
2026-09-10 20:54:57,868 INFO o.a.j.r.p.AbstractSampleConsumer: class org.apache.jmeter.report.processor.graph.impl.SyntheticResponseTimeDistributionGraphConsumer#stopProducing(): syntheticResponseTimeDistribution produced 0 samples
2026-09-10 20:54:57,869 INFO o.a.j.r.p.AbstractSampleConsumer: class org.apache.jmeter.report.processor.graph.impl.BytesThroughputGraphConsumer#stopProducing(): bytesThroughputOverTime produced 0 samples
2026-09-10 20:54:57,869 INFO o.a.j.r.p.AbstractSampleConsumer: class org.apache.jmeter.report.processor.graph.impl.CodesPerSecondGraphConsumer#stopProducing(): codesPerSecond produced 0 samples
2026-09-10 20:54:57,928 INFO o.a.j.r.p.AbstractSampleConsumer: class org.apache.jmeter.report.processor.graph.impl.ResponseTimeVSRequestGraphConsumer#stopProducing(): responseTimeVsRequest produced 0 samples
2026-09-10 20:54:57,929 INFO o.a.j.r.p.AbstractSampleConsumer: class org.apache.jmeter.report.processor.FilterConsumer#stopProducing(): startIntervalControlerFilter produced 18935 samples
2026-09-10 20:54:57,929 INFO o.a.j.r.p.AbstractSampleConsumer: class org.apache.jmeter.report.processor.graph.impl.TotalTPSGraphConsumer#stopProducing(): totalTPS produced 0 samples
2026-09-10 20:54:57,929 INFO o.a.j.r.p.AbstractSampleConsumer: class org.apache.jmeter.report.processor.graph.impl.ActiveThreadsGraphConsumer#stopProducing(): activeThreadsOverTime produced 0 samples
2026-09-10 20:54:57,929 INFO o.a.j.r.p.AbstractSampleConsumer: class org.apache.jmeter.report.processor.graph.impl.TimeVSThreadGraphConsumer#stopProducing(): timeVsThreads produced 0 samples
2026-09-10 20:54:57,929 INFO o.a.j.r.p.AbstractSampleConsumer: class org.apache.jmeter.report.processor.graph.impl.ResponseTimeDistributionGraphConsumer#stopProducing(): responseTimeDistribution produced 0 samples
2026-09-10 20:54:57,929 INFO o.a.j.r.p.AbstractSampleConsumer: class org.apache.jmeter.report.processor.graph.impl.TransactionsPerSecondGraphConsumer#stopProducing(): transactionsPerSecond produced 0 samples
2026-09-10 20:54:57,929 INFO o.a.j.r.p.AbstractSampleConsumer: class org.apache.jmeter.report.processor.graph.impl.ResponseTimePercentilesGraphConsumer#stopProducing(): responseTimePercentiles produced 0 samples
2026-09-10 20:54:57,931 INFO o.a.j.r.p.AbstractSampleConsumer: class org.apache.jmeter.report.processor.graph.impl.ResponseTimePercentilesOverTimeGraphConsumer#stopProducing(): responseTimePercentilesOverTime produced 0 samples
2026-09-10 20:54:57,931 INFO o.a.j.r.p.AbstractSampleConsumer: class org.apache.jmeter.report.processor.graph.impl.ResponseTimeOverTimeGraphConsumer#stopProducing(): responseTimesOverTime produced 0 samples
2026-09-10 20:54:57,931 INFO o.a.j.r.p.AbstractSampleConsumer: class org.apache.jmeter.report.processor.graph.impl.ConnectTimeOverTimeGraphConsumer#stopProducing(): connectTimeOverTime produced 0 samples
2026-09-10 20:54:57,931 INFO o.a.j.r.p.AbstractSampleConsumer: class org.apache.jmeter.report.processor.graph.impl.LatencyOverTimeGraphConsumer#stopProducing(): latenciesOverTime produced 0 samples
2026-09-10 20:54:57,931 INFO o.a.j.r.p.AbstractSampleConsumer: class org.apache.jmeter.report.processor.FilterConsumer#stopProducing(): nameFilter produced 40575 samples
2026-09-10 20:54:57,931 INFO o.a.j.r.p.AbstractSampleConsumer: class org.apache.jmeter.report.processor.FilterConsumer#stopProducing(): dateRangeFilter produced 8115 samples
2026-09-10 20:54:57,931 INFO o.a.j.r.p.AbstractSampleConsumer: class org.apache.jmeter.report.processor.NormalizerSampleConsumer#stopProducing(): normalizer produced 2705 samples
2026-09-10 20:54:57,932 INFO o.a.j.r.p.CsvFileSampleSource: produce(): 2705 samples produced in 349ms on channel 0
2026-09-10 20:54:57,932 INFO o.a.j.r.d.ReportGenerator: Exporting data using exporter:'json' of className:'org.apache.jmeter.report.dashboard.JsonExporter'
2026-09-10 20:54:57,985 INFO o.a.j.r.d.JsonExporter: Found data for consumer statisticsSummary in context
2026-09-10 20:54:57,985 INFO o.a.j.r.d.JsonExporter: Creating statistics for overall
2026-09-10 20:54:57,985 INFO o.a.j.r.d.JsonExporter: Creating statistics for other transactions
2026-09-10 20:54:57,985 INFO o.a.j.r.d.JsonExporter: Checking output folder
2026-09-10 20:54:57,986 INFO o.a.j.r.d.JsonExporter: Writing statistics JSON to C:\University\Programming\Software Testing\Lab4\html_reports\stress_until_503\240users_4800rpm\statistics.json
2026-09-10 20:54:58,018 INFO o.a.j.r.d.ReportGenerator: Exporting data using exporter:'html' of className:'org.apache.jmeter.report.dashboard.HtmlTemplateExporter'
2026-09-10 20:54:58,021 INFO o.a.j.r.d.HtmlTemplateExporter: Will generate dashboard in folder: C:\University\Programming\Software Testing\Lab4\html_reports\stress_until_503\240users_4800rpm
2026-09-10 20:54:58,112 INFO o.a.j.r.d.HtmlTemplateExporter: Report will be generated in: C:\University\Programming\Software Testing\Lab4\html_reports\stress_until_503\240users_4800rpm, creating folder structure
2026-09-10 20:54:58,114 INFO o.a.j.r.d.TemplateVisitor: Copying folder from 'C:\Program Files\apache-jmeter-5.6.3\bin\report-template' to 'C:\University\Programming\Software Testing\Lab4\html_reports\stress_until_503\240users_4800rpm', got message: C:\University\Programming\Software Testing\Lab4\html_reports\stress_until_503\240users_4800rpm, found non empty folder with following content [C:\University\Programming\Software Testing\Lab4\html_reports\stress_until_503\240users_4800rpm\statistics.json], will be ignored
2026-09-10 20:54:58,373 INFO o.a.j.JMeter: Dashboard generated
