2026-09-10 20:58:28,252 INFO o.a.j.u.JMeterUtils: Setting Locale to en_EN
2026-09-10 20:58:28,267 INFO o.a.j.JMeter: Loading user properties from: C:\Program Files\apache-jmeter-5.6.3\bin\user.properties
2026-09-10 20:58:28,267 INFO o.a.j.JMeter: Loading system properties from: C:\Program Files\apache-jmeter-5.6.3\bin\system.properties
2026-09-10 20:58:28,268 INFO o.a.j.JMeter: Setting JMeter property: jmeter.save.saveservice.output_format=csv
2026-09-10 20:58:28,268 INFO o.a.j.JMeter: Setting JMeter property: jmeter.save.saveservice.print_field_names=true
2026-09-10 20:58:28,269 INFO o.a.j.JMeter: Setting JMeter property: jmeter.save.saveservice.timestamp_format=ms
2026-09-10 20:58:28,269 INFO o.a.j.JMeter: Setting JMeter property: jmeter.save.saveservice.time=true
2026-09-10 20:58:28,269 INFO o.a.j.JMeter: Setting JMeter property: jmeter.save.saveservice.latency=true
2026-09-10 20:58:28,269 INFO o.a.j.JMeter: Setting JMeter property: jmeter.save.saveservice.label=true
2026-09-10 20:58:28,269 INFO o.a.j.JMeter: Setting JMeter property: jmeter.save.saveservice.response_code=true
2026-09-10 20:58:28,269 INFO o.a.j.JMeter: Setting JMeter property: jmeter.save.saveservice.response_message=true
2026-09-10 20:58:28,269 INFO o.a.j.JMeter: Setting JMeter property: jmeter.save.saveservice.successful=true
2026-09-10 20:58:28,269 INFO o.a.j.JMeter: Setting JMeter property: jmeter.save.saveservice.assertion_results_failure_message=true
2026-09-10 20:58:28,269 INFO o.a.j.JMeter: Setting JMeter property: jmeter.save.saveservice.thread_name=true
2026-09-10 20:58:28,269 INFO o.a.j.JMeter: Setting JMeter property: jmeter.save.saveservice.thread_counts=true
2026-09-10 20:58:28,269 INFO o.a.j.JMeter: Setting JMeter property: jmeter.save.saveservice.connect_time=true
2026-09-10 20:58:28,275 INFO o.a.j.JMeter: Copyright (c) 1998-2024 The Apache Software Foundation
2026-09-10 20:58:28,275 INFO o.a.j.JMeter: Version 5.6.3
2026-09-10 20:58:28,275 INFO o.a.j.JMeter: java.version=26.0.1
2026-09-10 20:58:28,275 INFO o.a.j.JMeter: java.vm.name=Java HotSpot(TM) 64-Bit Server VM
2026-09-10 20:58:28,275 INFO o.a.j.JMeter: os.name=Windows 10
2026-09-10 20:58:28,275 INFO o.a.j.JMeter: os.arch=amd64
2026-09-10 20:58:28,275 INFO o.a.j.JMeter: os.version=10.0
2026-09-10 20:58:28,275 INFO o.a.j.JMeter: file.encoding=UTF-8
2026-09-10 20:58:28,275 INFO o.a.j.JMeter: java.awt.headless=true
2026-09-10 20:58:28,275 INFO o.a.j.JMeter: Max memory     =1073741824
2026-09-10 20:58:28,275 INFO o.a.j.JMeter: Available Processors =8
2026-09-10 20:58:28,287 INFO o.a.j.JMeter: Default Locale=English (EN)
2026-09-10 20:58:28,287 INFO o.a.j.JMeter: JMeter  Locale=English (EN)
2026-09-10 20:58:28,288 INFO o.a.j.JMeter: JMeterHome=C:\Program Files\apache-jmeter-5.6.3
2026-09-10 20:58:28,288 INFO o.a.j.JMeter: user.dir  =C:\University\Programming\Software Testing\Lab4
2026-09-10 20:58:28,288 INFO o.a.j.JMeter: PWD       =C:\University\Programming\Software Testing\Lab4
2026-09-10 20:58:28,288 INFO o.a.j.JMeter: IP: 172.28.17.195 Name: DESKTOP-74FQ4EV FullName: DESKTOP-74FQ4EV
2026-09-10 20:58:28,296 INFO o.a.j.JMeter: Setting property 'jmeter.reportgenerator.outputdir' to:'C:\University\Programming\Software Testing\Lab4\html_reports\stress_until_503\288users_5760rpm'
2026-09-10 20:58:28,298 INFO o.a.j.s.FileServer: Default base='C:\University\Programming\Software Testing\Lab4'
2026-09-10 20:58:28,298 INFO o.a.j.s.FileServer: Set new base='C:\University\Programming\Software Testing\Lab4\quality_jmeter_plans\stress_until_503'
2026-09-10 20:58:28,561 INFO o.a.j.s.SaveService: Testplan (JMX) version: 2.2. Testlog (JTL) version: 2.2
2026-09-10 20:58:28,579 INFO o.a.j.s.SaveService: Using SaveService properties version 5.0
2026-09-10 20:58:28,583 INFO o.a.j.s.SaveService: Using SaveService properties file encoding UTF-8
2026-09-10 20:58:28,587 INFO o.a.j.s.SaveService: Loading file: quality_jmeter_plans\stress_until_503\stress_until_503_288users_5760rpm_ctt.jmx
2026-09-10 20:58:28,643 INFO o.a.j.p.h.s.HTTPSamplerBase: Parser for text/html is org.apache.jmeter.protocol.http.parser.LagartoBasedHtmlParser
2026-09-10 20:58:28,644 INFO o.a.j.p.h.s.HTTPSamplerBase: Parser for application/xhtml+xml is org.apache.jmeter.protocol.http.parser.LagartoBasedHtmlParser
2026-09-10 20:58:28,644 INFO o.a.j.p.h.s.HTTPSamplerBase: Parser for application/xml is org.apache.jmeter.protocol.http.parser.LagartoBasedHtmlParser
2026-09-10 20:58:28,644 INFO o.a.j.p.h.s.HTTPSamplerBase: Parser for text/xml is org.apache.jmeter.protocol.http.parser.LagartoBasedHtmlParser
2026-09-10 20:58:28,644 INFO o.a.j.p.h.s.HTTPSamplerBase: Parser for text/vnd.wap.wml is org.apache.jmeter.protocol.http.parser.RegexpHTMLParser
2026-09-10 20:58:28,644 INFO o.a.j.p.h.s.HTTPSamplerBase: Parser for text/css is org.apache.jmeter.protocol.http.parser.CssParser
2026-09-10 20:58:28,655 INFO o.a.j.JMeter: Creating summariser <summary>
2026-09-10 20:58:28,661 INFO o.a.j.r.d.ReportGenerator: ReportGenerator will use for Parsing the separator: ','
2026-09-10 20:58:28,662 INFO o.a.j.r.d.ReportGenerator: Will generate report at end of test from  results file: results/stress_until_503/stress_until_503_288users_5760rpm.jtl
2026-09-10 20:58:28,662 INFO o.a.j.r.d.ReportGenerator: Reading report generator properties from: C:\Program Files\apache-jmeter-5.6.3\bin\reportgenerator.properties
2026-09-10 20:58:28,662 INFO o.a.j.r.d.ReportGenerator: Merging with JMeter properties
2026-09-10 20:58:28,666 INFO o.a.j.r.c.ReportGeneratorConfiguration: Property 'jmeter.reportgenerator.temp_dir' not found, using default value 'temp' instead.
2026-09-10 20:58:28,668 INFO o.a.j.r.c.ReportGeneratorConfiguration: Property 'jmeter.reportgenerator.apdex_per_transaction' not found, using default value 'null' instead.
2026-09-10 20:58:28,668 INFO o.a.j.r.c.ReportGeneratorConfiguration: apdex_per_transaction is empty, not APDEX per transaction customization
2026-09-10 20:58:28,668 INFO o.a.j.r.c.ReportGeneratorConfiguration: Property 'jmeter.reportgenerator.sample_filter' not found, using default value 'null' instead.
2026-09-10 20:58:28,668 INFO o.a.j.r.c.ReportGeneratorConfiguration: Property 'jmeter.reportgenerator.report_title' not found, using default value 'null' instead.
2026-09-10 20:58:28,668 INFO o.a.j.r.c.ReportGeneratorConfiguration: Property 'jmeter.reportgenerator.start_date' not found, using default value 'null' instead.
2026-09-10 20:58:28,668 INFO o.a.j.r.c.ReportGeneratorConfiguration: Property 'jmeter.reportgenerator.end_date' not found, using default value 'null' instead.
2026-09-10 20:58:28,668 INFO o.a.j.r.c.ReportGeneratorConfiguration: Property 'jmeter.reportgenerator.date_format' not found, using default value 'null' instead.
2026-09-10 20:58:28,668 INFO o.a.j.r.c.ReportGeneratorConfiguration: Will use date range start date: null, end date: null
2026-09-10 20:58:28,671 INFO o.a.j.r.c.ReportGeneratorConfiguration: Property 'jmeter.reportgenerator.graph.totalTPS.exclude_controllers' not found, using default value 'false' instead.
2026-09-10 20:58:28,671 INFO o.a.j.r.c.ReportGeneratorConfiguration: Property 'jmeter.reportgenerator.graph.activeThreadsOverTime.exclude_controllers' not found, using default value 'false' instead.
2026-09-10 20:58:28,671 INFO o.a.j.r.c.ReportGeneratorConfiguration: Property 'jmeter.reportgenerator.graph.timeVsThreads.exclude_controllers' not found, using default value 'false' instead.
2026-09-10 20:58:28,671 INFO o.a.j.r.c.ReportGeneratorConfiguration: Property 'jmeter.reportgenerator.graph.responseTimeDistribution.exclude_controllers' not found, using default value 'false' instead.
2026-09-10 20:58:28,671 INFO o.a.j.r.c.ReportGeneratorConfiguration: Property 'jmeter.reportgenerator.graph.transactionsPerSecond.exclude_controllers' not found, using default value 'false' instead.
2026-09-10 20:58:28,671 INFO o.a.j.r.c.ReportGeneratorConfiguration: Property 'jmeter.reportgenerator.graph.responseTimePercentiles.exclude_controllers' not found, using default value 'false' instead.
2026-09-10 20:58:28,671 INFO o.a.j.r.c.ReportGeneratorConfiguration: Property 'jmeter.reportgenerator.graph.responseTimePercentilesOverTime.exclude_controllers' not found, using default value 'false' instead.
2026-09-10 20:58:28,671 INFO o.a.j.r.c.ReportGeneratorConfiguration: Property 'jmeter.reportgenerator.graph.responseTimesOverTime.exclude_controllers' not found, using default value 'false' instead.
2026-09-10 20:58:28,672 INFO o.a.j.r.c.ReportGeneratorConfiguration: Property 'jmeter.reportgenerator.graph.connectTimeOverTime.exclude_controllers' not found, using default value 'false' instead.
2026-09-10 20:58:28,672 INFO o.a.j.r.c.ReportGeneratorConfiguration: Property 'jmeter.reportgenerator.graph.latenciesOverTime.exclude_controllers' not found, using default value 'false' instead.
2026-09-10 20:58:28,672 INFO o.a.j.r.c.ReportGeneratorConfiguration: Property 'jmeter.reportgenerator.exporter.json.filters_only_sample_series' not found, using default value 'true' instead.
2026-09-10 20:58:28,672 INFO o.a.j.r.c.ReportGeneratorConfiguration: Property 'jmeter.reportgenerator.exporter.json.series_filter' not found, using default value '' instead.
2026-09-10 20:58:28,672 INFO o.a.j.r.c.ReportGeneratorConfiguration: Property 'jmeter.reportgenerator.exporter.json.show_controllers_only' not found, using default value 'false' instead.
2026-09-10 20:58:28,673 INFO o.a.j.r.c.ReportGeneratorConfiguration: Property 'jmeter.reportgenerator.exporter.html.filters_only_sample_series' not found, using default value 'true' instead.
2026-09-10 20:58:28,673 INFO o.a.j.r.c.ReportGeneratorConfiguration: Property 'jmeter.reportgenerator.exporter.html.series_filter' not found, using default value '' instead.
2026-09-10 20:58:28,673 INFO o.a.j.r.c.ReportGeneratorConfiguration: Property 'jmeter.reportgenerator.exporter.html.show_controllers_only' not found, using default value 'false' instead.
2026-09-10 20:58:28,681 INFO o.a.j.e.StandardJMeterEngine: Running the test!
2026-09-10 20:58:28,682 INFO o.a.j.s.SampleEvent: List of sample_variables: []
2026-09-10 20:58:28,682 INFO o.a.j.s.SampleEvent: List of sample_variables: []
2026-09-10 20:58:28,685 INFO o.a.j.e.u.CompoundVariable: Note: Function class names must contain the string: '.functions.'
2026-09-10 20:58:28,685 INFO o.a.j.e.u.CompoundVariable: Note: Function class names must not contain the string: '.gui.'
2026-09-10 20:58:28,749 INFO o.a.j.JMeter: Running test (1789063108749)
2026-09-10 20:58:28,767 INFO o.a.j.e.StandardJMeterEngine: Starting ThreadGroup: 1 : Thread Group - until HTTP 503 - 288 users
2026-09-10 20:58:28,767 INFO o.a.j.e.StandardJMeterEngine: Starting 288 threads for group Thread Group - until HTTP 503 - 288 users.
2026-09-10 20:58:28,767 INFO o.a.j.e.StandardJMeterEngine: Thread will continue on error
2026-09-10 20:58:28,767 INFO o.a.j.t.ThreadGroup: Starting thread group... number=1 threads=288 ramp-up=60 delayedStart=false
2026-09-10 20:58:28,773 INFO o.a.j.t.JMeterThread: Thread started: Thread Group - until HTTP 503 - 288 users 1-1
2026-09-10 20:58:28,878 INFO o.a.j.t.ThreadGroup: Started thread group number 1
2026-09-10 20:58:28,878 INFO o.a.j.e.StandardJMeterEngine: All thread groups have been started
2026-09-10 20:58:28,988 INFO o.a.j.t.JMeterThread: Thread started: Thread Group - until HTTP 503 - 288 users 1-2
2026-09-10 20:58:29,012 INFO o.a.j.p.h.s.HTTPHCAbstractImpl: Local host = DESKTOP-74FQ4EV
2026-09-10 20:58:29,020 INFO o.a.j.p.h.s.HTTPHC4Impl: HTTP request retry count = 0
2026-09-10 20:58:29,021 INFO o.a.j.s.SampleResult: Note: Sample TimeStamps are START times
2026-09-10 20:58:29,021 INFO o.a.j.s.SampleResult: sampleresult.default.encoding is set to UTF-8
2026-09-10 20:58:29,021 INFO o.a.j.s.SampleResult: sampleresult.useNanoTime=true
2026-09-10 20:58:29,021 INFO o.a.j.s.SampleResult: sampleresult.nanoThreadSleep=5000
2026-09-10 20:58:29,185 INFO o.a.j.t.JMeterThread: Thread started: Thread Group - until HTTP 503 - 288 users 1-3
2026-09-10 20:58:29,392 INFO o.a.j.t.JMeterThread: Thread started: Thread Group - until HTTP 503 - 288 users 1-4
2026-09-10 20:58:29,600 INFO o.a.j.t.JMeterThread: Thread started: Thread Group - until HTTP 503 - 288 users 1-5
2026-09-10 20:58:29,808 INFO o.a.j.t.JMeterThread: Thread started: Thread Group - until HTTP 503 - 288 users 1-6
2026-09-10 20:58:30,016 INFO o.a.j.t.JMeterThread: Thread started: Thread Group - until HTTP 503 - 288 users 1-7
2026-09-10 20:58:30,186 INFO o.a.j.r.Summariser: summary +      5 in 00:00:01 =    3.5/s Avg:   592 Min:   580 Max:   608 Err:     0 (0.00%) Active: 7 Started: 7 Finished: 0
2026-09-10 20:58:30,224 INFO o.a.j.t.JMeterThread: Thread started: Thread Group - until HTTP 503 - 288 users 1-8
2026-09-10 20:58:30,431 INFO o.a.j.t.JMeterThread: Thread started: Thread Group - until HTTP 503 - 288 users 1-9
2026-09-10 20:58:30,639 INFO o.a.j.t.JMeterThread: Thread started: Thread Group - until HTTP 503 - 288 users 1-10
2026-09-10 20:58:30,850 INFO o.a.j.t.JMeterThread: Thread started: Thread Group - until HTTP 503 - 288 users 1-11
2026-09-10 20:58:31,057 INFO o.a.j.t.JMeterThread: Thread started: Thread Group - until HTTP 503 - 288 users 1-12
2026-09-10 20:58:31,265 INFO o.a.j.t.JMeterThread: Thread started: Thread Group - until HTTP 503 - 288 users 1-13
2026-09-10 20:58:31,472 INFO o.a.j.t.JMeterThread: Thread started: Thread Group - until HTTP 503 - 288 users 1-14
2026-09-10 20:58:31,681 INFO o.a.j.t.JMeterThread: Thread started: Thread Group - until HTTP 503 - 288 users 1-15
2026-09-10 20:58:31,888 INFO o.a.j.t.JMeterThread: Thread started: Thread Group - until HTTP 503 - 288 users 1-16
2026-09-10 20:58:32,096 INFO o.a.j.t.JMeterThread: Thread started: Thread Group - until HTTP 503 - 288 users 1-17
2026-09-10 20:58:32,305 INFO o.a.j.t.JMeterThread: Thread started: Thread Group - until HTTP 503 - 288 users 1-18
2026-09-10 20:58:32,513 INFO o.a.j.t.JMeterThread: Thread started: Thread Group - until HTTP 503 - 288 users 1-19
2026-09-10 20:58:32,720 INFO o.a.j.t.JMeterThread: Thread started: Thread Group - until HTTP 503 - 288 users 1-20
2026-09-10 20:58:32,928 INFO o.a.j.t.JMeterThread: Thread started: Thread Group - until HTTP 503 - 288 users 1-21
2026-09-10 20:58:33,137 INFO o.a.j.t.JMeterThread: Thread started: Thread Group - until HTTP 503 - 288 users 1-22
2026-09-10 20:58:33,346 INFO o.a.j.t.JMeterThread: Thread started: Thread Group - until HTTP 503 - 288 users 1-23
2026-09-10 20:58:33,553 INFO o.a.j.t.JMeterThread: Thread started: Thread Group - until HTTP 503 - 288 users 1-24
2026-09-10 20:58:33,759 INFO o.a.j.t.JMeterThread: Thread started: Thread Group - until HTTP 503 - 288 users 1-25
2026-09-10 20:58:33,968 INFO o.a.j.t.JMeterThread: Thread started: Thread Group - until HTTP 503 - 288 users 1-26
2026-09-10 20:58:34,176 INFO o.a.j.t.JMeterThread: Thread started: Thread Group - until HTTP 503 - 288 users 1-27
2026-09-10 20:58:34,386 INFO o.a.j.t.JMeterThread: Thread started: Thread Group - until HTTP 503 - 288 users 1-28
2026-09-10 20:58:34,592 INFO o.a.j.t.JMeterThread: Thread started: Thread Group - until HTTP 503 - 288 users 1-29
2026-09-10 20:58:34,801 INFO o.a.j.t.JMeterThread: Thread started: Thread Group - until HTTP 503 - 288 users 1-30
2026-09-10 20:58:35,008 INFO o.a.j.t.JMeterThread: Thread started: Thread Group - until HTTP 503 - 288 users 1-31
2026-09-10 20:58:35,217 INFO o.a.j.t.JMeterThread: Thread started: Thread Group - until HTTP 503 - 288 users 1-32
2026-09-10 20:58:35,425 INFO o.a.j.t.JMeterThread: Thread started: Thread Group - until HTTP 503 - 288 users 1-33
2026-09-10 20:58:35,632 INFO o.a.j.t.JMeterThread: Thread started: Thread Group - until HTTP 503 - 288 users 1-34
2026-09-10 20:58:35,841 INFO o.a.j.t.JMeterThread: Thread started: Thread Group - until HTTP 503 - 288 users 1-35
2026-09-10 20:58:36,049 INFO o.a.j.t.JMeterThread: Thread started: Thread Group - until HTTP 503 - 288 users 1-36
2026-09-10 20:58:36,256 INFO o.a.j.t.JMeterThread: Thread started: Thread Group - until HTTP 503 - 288 users 1-37
2026-09-10 20:58:36,464 INFO o.a.j.t.JMeterThread: Thread started: Thread Group - until HTTP 503 - 288 users 1-38
2026-09-10 20:58:36,673 INFO o.a.j.t.JMeterThread: Thread started: Thread Group - until HTTP 503 - 288 users 1-39
2026-09-10 20:58:36,880 INFO o.a.j.t.JMeterThread: Thread started: Thread Group - until HTTP 503 - 288 users 1-40
2026-09-10 20:58:37,089 INFO o.a.j.t.JMeterThread: Thread started: Thread Group - until HTTP 503 - 288 users 1-41
2026-09-10 20:58:37,296 INFO o.a.j.t.JMeterThread: Thread started: Thread Group - until HTTP 503 - 288 users 1-42
2026-09-10 20:58:37,515 INFO o.a.j.t.JMeterThread: Thread started: Thread Group - until HTTP 503 - 288 users 1-43
2026-09-10 20:58:37,712 INFO o.a.j.t.JMeterThread: Thread started: Thread Group - until HTTP 503 - 288 users 1-44
2026-09-10 20:58:37,921 INFO o.a.j.t.JMeterThread: Thread started: Thread Group - until HTTP 503 - 288 users 1-45
2026-09-10 20:58:38,128 INFO o.a.j.t.JMeterThread: Thread started: Thread Group - until HTTP 503 - 288 users 1-46
2026-09-10 20:58:38,337 INFO o.a.j.t.JMeterThread: Thread started: Thread Group - until HTTP 503 - 288 users 1-47
2026-09-10 20:58:38,544 INFO o.a.j.t.JMeterThread: Thread started: Thread Group - until HTTP 503 - 288 users 1-48
2026-09-10 20:58:38,752 INFO o.a.j.t.JMeterThread: Thread started: Thread Group - until HTTP 503 - 288 users 1-49
2026-09-10 20:58:38,960 INFO o.a.j.t.JMeterThread: Thread started: Thread Group - until HTTP 503 - 288 users 1-50
2026-09-10 20:58:39,169 INFO o.a.j.t.JMeterThread: Thread started: Thread Group - until HTTP 503 - 288 users 1-51
2026-09-10 20:58:39,376 INFO o.a.j.t.JMeterThread: Thread started: Thread Group - until HTTP 503 - 288 users 1-52
2026-09-10 20:58:39,584 INFO o.a.j.t.JMeterThread: Thread started: Thread Group - until HTTP 503 - 288 users 1-53
2026-09-10 20:58:39,792 INFO o.a.j.t.JMeterThread: Thread started: Thread Group - until HTTP 503 - 288 users 1-54
2026-09-10 20:58:40,001 INFO o.a.j.t.JMeterThread: Thread started: Thread Group - until HTTP 503 - 288 users 1-55
2026-09-10 20:58:40,208 INFO o.a.j.t.JMeterThread: Thread started: Thread Group - until HTTP 503 - 288 users 1-56
2026-09-10 20:58:40,417 INFO o.a.j.t.JMeterThread: Thread started: Thread Group - until HTTP 503 - 288 users 1-57
2026-09-10 20:58:40,625 INFO o.a.j.t.JMeterThread: Thread started: Thread Group - until HTTP 503 - 288 users 1-58
2026-09-10 20:58:40,831 INFO o.a.j.t.JMeterThread: Thread started: Thread Group - until HTTP 503 - 288 users 1-59
2026-09-10 20:58:41,039 INFO o.a.j.t.JMeterThread: Thread started: Thread Group - until HTTP 503 - 288 users 1-60
2026-09-10 20:58:41,248 INFO o.a.j.t.JMeterThread: Thread started: Thread Group - until HTTP 503 - 288 users 1-61
2026-09-10 20:58:41,457 INFO o.a.j.t.JMeterThread: Thread started: Thread Group - until HTTP 503 - 288 users 1-62
2026-09-10 20:58:41,664 INFO o.a.j.t.JMeterThread: Thread started: Thread Group - until HTTP 503 - 288 users 1-63
2026-09-10 20:58:41,871 INFO o.a.j.t.JMeterThread: Thread started: Thread Group - until HTTP 503 - 288 users 1-64
2026-09-10 20:58:42,080 INFO o.a.j.t.JMeterThread: Thread started: Thread Group - until HTTP 503 - 288 users 1-65
2026-09-10 20:58:42,287 INFO o.a.j.t.JMeterThread: Thread started: Thread Group - until HTTP 503 - 288 users 1-66
2026-09-10 20:58:42,499 INFO o.a.j.t.JMeterThread: Thread started: Thread Group - until HTTP 503 - 288 users 1-67
2026-09-10 20:58:42,705 INFO o.a.j.t.JMeterThread: Thread started: Thread Group - until HTTP 503 - 288 users 1-68
2026-09-10 20:58:42,914 INFO o.a.j.t.JMeterThread: Thread started: Thread Group - until HTTP 503 - 288 users 1-69
2026-09-10 20:58:43,122 INFO o.a.j.t.JMeterThread: Thread started: Thread Group - until HTTP 503 - 288 users 1-70
2026-09-10 20:58:43,330 INFO o.a.j.t.JMeterThread: Thread started: Thread Group - until HTTP 503 - 288 users 1-71
2026-09-10 20:58:43,539 INFO o.a.j.t.JMeterThread: Thread started: Thread Group - until HTTP 503 - 288 users 1-72
2026-09-10 20:58:43,745 INFO o.a.j.t.JMeterThread: Thread started: Thread Group - until HTTP 503 - 288 users 1-73
2026-09-10 20:58:43,953 INFO o.a.j.t.JMeterThread: Thread started: Thread Group - until HTTP 503 - 288 users 1-74
2026-09-10 20:58:44,161 INFO o.a.j.t.JMeterThread: Thread started: Thread Group - until HTTP 503 - 288 users 1-75
2026-09-10 20:58:44,369 INFO o.a.j.t.JMeterThread: Thread started: Thread Group - until HTTP 503 - 288 users 1-76
2026-09-10 20:58:44,577 INFO o.a.j.t.JMeterThread: Thread started: Thread Group - until HTTP 503 - 288 users 1-77
2026-09-10 20:58:44,784 INFO o.a.j.t.JMeterThread: Thread started: Thread Group - until HTTP 503 - 288 users 1-78
2026-09-10 20:58:44,992 INFO o.a.j.t.JMeterThread: Thread started: Thread Group - until HTTP 503 - 288 users 1-79
2026-09-10 20:58:45,199 INFO o.a.j.t.JMeterThread: Thread started: Thread Group - until HTTP 503 - 288 users 1-80
2026-09-10 20:58:45,408 INFO o.a.j.t.JMeterThread: Thread started: Thread Group - until HTTP 503 - 288 users 1-81
2026-09-10 20:58:45,616 INFO o.a.j.t.JMeterThread: Thread started: Thread Group - until HTTP 503 - 288 users 1-82
2026-09-10 20:58:45,823 INFO o.a.j.t.JMeterThread: Thread started: Thread Group - until HTTP 503 - 288 users 1-83
2026-09-10 20:58:46,033 INFO o.a.j.t.JMeterThread: Thread started: Thread Group - until HTTP 503 - 288 users 1-84
2026-09-10 20:58:46,241 INFO o.a.j.t.JMeterThread: Thread started: Thread Group - until HTTP 503 - 288 users 1-85
2026-09-10 20:58:46,448 INFO o.a.j.t.JMeterThread: Thread started: Thread Group - until HTTP 503 - 288 users 1-86
2026-09-10 20:58:46,658 INFO o.a.j.t.JMeterThread: Thread started: Thread Group - until HTTP 503 - 288 users 1-87
2026-09-10 20:58:46,863 INFO o.a.j.t.JMeterThread: Thread started: Thread Group - until HTTP 503 - 288 users 1-88
2026-09-10 20:58:47,071 INFO o.a.j.t.JMeterThread: Thread started: Thread Group - until HTTP 503 - 288 users 1-89
2026-09-10 20:58:47,282 INFO o.a.j.t.JMeterThread: Thread started: Thread Group - until HTTP 503 - 288 users 1-90
2026-09-10 20:58:47,489 INFO o.a.j.t.JMeterThread: Thread started: Thread Group - until HTTP 503 - 288 users 1-91
2026-09-10 20:58:47,698 INFO o.a.j.t.JMeterThread: Thread started: Thread Group - until HTTP 503 - 288 users 1-92
2026-09-10 20:58:47,904 INFO o.a.j.t.JMeterThread: Thread started: Thread Group - until HTTP 503 - 288 users 1-93
2026-09-10 20:58:48,114 INFO o.a.j.t.JMeterThread: Thread started: Thread Group - until HTTP 503 - 288 users 1-94
2026-09-10 20:58:48,320 INFO o.a.j.t.JMeterThread: Thread started: Thread Group - until HTTP 503 - 288 users 1-95
2026-09-10 20:58:48,527 INFO o.a.j.t.JMeterThread: Thread started: Thread Group - until HTTP 503 - 288 users 1-96
2026-09-10 20:58:48,735 INFO o.a.j.t.JMeterThread: Thread started: Thread Group - until HTTP 503 - 288 users 1-97
2026-09-10 20:58:48,945 INFO o.a.j.t.JMeterThread: Thread started: Thread Group - until HTTP 503 - 288 users 1-98
2026-09-10 20:58:49,152 INFO o.a.j.t.JMeterThread: Thread started: Thread Group - until HTTP 503 - 288 users 1-99
2026-09-10 20:58:49,360 INFO o.a.j.t.JMeterThread: Thread started: Thread Group - until HTTP 503 - 288 users 1-100
2026-09-10 20:58:49,568 INFO o.a.j.t.JMeterThread: Thread started: Thread Group - until HTTP 503 - 288 users 1-101
2026-09-10 20:58:49,776 INFO o.a.j.t.JMeterThread: Thread started: Thread Group - until HTTP 503 - 288 users 1-102
2026-09-10 20:58:49,983 INFO o.a.j.t.JMeterThread: Thread started: Thread Group - until HTTP 503 - 288 users 1-103
2026-09-10 20:58:50,191 INFO o.a.j.t.JMeterThread: Thread started: Thread Group - until HTTP 503 - 288 users 1-104
2026-09-10 20:58:50,400 INFO o.a.j.t.JMeterThread: Thread started: Thread Group - until HTTP 503 - 288 users 1-105
2026-09-10 20:58:50,608 INFO o.a.j.t.JMeterThread: Thread started: Thread Group - until HTTP 503 - 288 users 1-106
2026-09-10 20:58:50,815 INFO o.a.j.t.JMeterThread: Thread started: Thread Group - until HTTP 503 - 288 users 1-107
2026-09-10 20:58:51,023 INFO o.a.j.t.JMeterThread: Thread started: Thread Group - until HTTP 503 - 288 users 1-108
2026-09-10 20:58:51,231 INFO o.a.j.t.JMeterThread: Thread started: Thread Group - until HTTP 503 - 288 users 1-109
2026-09-10 20:58:51,439 INFO o.a.j.t.JMeterThread: Thread started: Thread Group - until HTTP 503 - 288 users 1-110
2026-09-10 20:58:51,648 INFO o.a.j.t.JMeterThread: Thread started: Thread Group - until HTTP 503 - 288 users 1-111
2026-09-10 20:58:51,856 INFO o.a.j.t.JMeterThread: Thread started: Thread Group - until HTTP 503 - 288 users 1-112
2026-09-10 20:58:52,192 INFO o.a.j.t.JMeterThread: Thread started: Thread Group - until HTTP 503 - 288 users 1-113
2026-09-10 20:58:52,421 INFO o.a.j.t.JMeterThread: Thread started: Thread Group - until HTTP 503 - 288 users 1-114
2026-09-10 20:58:52,630 INFO o.a.j.t.JMeterThread: Thread started: Thread Group - until HTTP 503 - 288 users 1-115
2026-09-10 20:58:52,839 INFO o.a.j.t.JMeterThread: Thread started: Thread Group - until HTTP 503 - 288 users 1-116
2026-09-10 20:58:53,050 INFO o.a.j.t.JMeterThread: Thread started: Thread Group - until HTTP 503 - 288 users 1-117
2026-09-10 20:58:53,258 INFO o.a.j.t.JMeterThread: Thread started: Thread Group - until HTTP 503 - 288 users 1-118
2026-09-10 20:58:53,464 INFO o.a.j.t.JMeterThread: Thread started: Thread Group - until HTTP 503 - 288 users 1-119
2026-09-10 20:58:53,672 INFO o.a.j.t.JMeterThread: Thread started: Thread Group - until HTTP 503 - 288 users 1-120
2026-09-10 20:58:53,880 INFO o.a.j.t.JMeterThread: Thread started: Thread Group - until HTTP 503 - 288 users 1-121
2026-09-10 20:58:54,091 INFO o.a.j.t.JMeterThread: Thread started: Thread Group - until HTTP 503 - 288 users 1-122
2026-09-10 20:58:54,303 INFO o.a.j.t.JMeterThread: Thread started: Thread Group - until HTTP 503 - 288 users 1-123
2026-09-10 20:58:54,504 INFO o.a.j.t.JMeterThread: Thread started: Thread Group - until HTTP 503 - 288 users 1-124
2026-09-10 20:58:54,712 INFO o.a.j.t.JMeterThread: Thread started: Thread Group - until HTTP 503 - 288 users 1-125
2026-09-10 20:58:54,920 INFO o.a.j.t.JMeterThread: Thread started: Thread Group - until HTTP 503 - 288 users 1-126
2026-09-10 20:58:55,125 INFO o.a.j.t.JMeterThread: Thread started: Thread Group - until HTTP 503 - 288 users 1-127
2026-09-10 20:58:55,338 INFO o.a.j.t.JMeterThread: Thread started: Thread Group - until HTTP 503 - 288 users 1-128
2026-09-10 20:58:55,542 INFO o.a.j.t.JMeterThread: Thread started: Thread Group - until HTTP 503 - 288 users 1-129
2026-09-10 20:58:55,744 INFO o.a.j.t.JMeterThread: Thread started: Thread Group - until HTTP 503 - 288 users 1-130
2026-09-10 20:58:55,951 INFO o.a.j.t.JMeterThread: Thread started: Thread Group - until HTTP 503 - 288 users 1-131
2026-09-10 20:58:56,166 INFO o.a.j.t.JMeterThread: Thread started: Thread Group - until HTTP 503 - 288 users 1-132
2026-09-10 20:58:56,373 INFO o.a.j.t.JMeterThread: Thread started: Thread Group - until HTTP 503 - 288 users 1-133
2026-09-10 20:58:56,574 INFO o.a.j.t.JMeterThread: Thread started: Thread Group - until HTTP 503 - 288 users 1-134
2026-09-10 20:58:56,784 INFO o.a.j.t.JMeterThread: Thread started: Thread Group - until HTTP 503 - 288 users 1-135
2026-09-10 20:58:56,995 INFO o.a.j.t.JMeterThread: Thread started: Thread Group - until HTTP 503 - 288 users 1-136
2026-09-10 20:58:57,203 INFO o.a.j.t.JMeterThread: Thread started: Thread Group - until HTTP 503 - 288 users 1-137
2026-09-10 20:58:57,405 INFO o.a.j.t.JMeterThread: Thread started: Thread Group - until HTTP 503 - 288 users 1-138
2026-09-10 20:58:57,613 INFO o.a.j.t.JMeterThread: Thread started: Thread Group - until HTTP 503 - 288 users 1-139
2026-09-10 20:58:57,827 INFO o.a.j.t.JMeterThread: Thread started: Thread Group - until HTTP 503 - 288 users 1-140
2026-09-10 20:58:58,036 INFO o.a.j.t.JMeterThread: Thread started: Thread Group - until HTTP 503 - 288 users 1-141
2026-09-10 20:58:58,237 INFO o.a.j.t.JMeterThread: Thread started: Thread Group - until HTTP 503 - 288 users 1-142
2026-09-10 20:58:58,445 INFO o.a.j.t.JMeterThread: Thread started: Thread Group - until HTTP 503 - 288 users 1-143
2026-09-10 20:58:58,660 INFO o.a.j.t.JMeterThread: Thread started: Thread Group - until HTTP 503 - 288 users 1-144
2026-09-10 20:58:58,868 INFO o.a.j.t.JMeterThread: Thread started: Thread Group - until HTTP 503 - 288 users 1-145
2026-09-10 20:58:59,069 INFO o.a.j.t.JMeterThread: Thread started: Thread Group - until HTTP 503 - 288 users 1-146
2026-09-10 20:58:59,276 INFO o.a.j.t.JMeterThread: Thread started: Thread Group - until HTTP 503 - 288 users 1-147
2026-09-10 20:58:59,492 INFO o.a.j.t.JMeterThread: Thread started: Thread Group - until HTTP 503 - 288 users 1-148
2026-09-10 20:58:59,701 INFO o.a.j.t.JMeterThread: Thread started: Thread Group - until HTTP 503 - 288 users 1-149
2026-09-10 20:58:59,901 INFO o.a.j.t.JMeterThread: Thread started: Thread Group - until HTTP 503 - 288 users 1-150
2026-09-10 20:59:00,109 INFO o.a.j.t.JMeterThread: Thread started: Thread Group - until HTTP 503 - 288 users 1-151
2026-09-10 20:59:00,324 INFO o.a.j.t.JMeterThread: Thread started: Thread Group - until HTTP 503 - 288 users 1-152
2026-09-10 20:59:00,496 INFO o.a.j.r.Summariser: summary +    798 in 00:00:30 =   26.3/s Avg:  2331 Min:   518 Max:  6055 Err:   693 (86.84%) Active: 152 Started: 152 Finished: 0
2026-09-10 20:59:00,497 INFO o.a.j.r.Summariser: summary =    803 in 00:00:32 =   25.3/s Avg:  2320 Min:   518 Max:  6055 Err:   693 (86.30%)
2026-09-10 20:59:00,531 INFO o.a.j.t.JMeterThread: Thread started: Thread Group - until HTTP 503 - 288 users 1-153
2026-09-10 20:59:00,732 INFO o.a.j.t.JMeterThread: Thread started: Thread Group - until HTTP 503 - 288 users 1-154
2026-09-10 20:59:00,940 INFO o.a.j.t.JMeterThread: Thread started: Thread Group - until HTTP 503 - 288 users 1-155
2026-09-10 20:59:01,155 INFO o.a.j.t.JMeterThread: Thread started: Thread Group - until HTTP 503 - 288 users 1-156
2026-09-10 20:59:01,369 INFO o.a.j.t.JMeterThread: Thread started: Thread Group - until HTTP 503 - 288 users 1-157
2026-09-10 20:59:01,563 INFO o.a.j.t.JMeterThread: Thread started: Thread Group - until HTTP 503 - 288 users 1-158
2026-09-10 20:59:01,771 INFO o.a.j.t.JMeterThread: Thread started: Thread Group - until HTTP 503 - 288 users 1-159
2026-09-10 20:59:01,985 INFO o.a.j.t.JMeterThread: Thread started: Thread Group - until HTTP 503 - 288 users 1-160
2026-09-10 20:59:02,193 INFO o.a.j.t.JMeterThread: Thread started: Thread Group - until HTTP 503 - 288 users 1-161
2026-09-10 20:59:02,394 INFO o.a.j.t.JMeterThread: Thread started: Thread Group - until HTTP 503 - 288 users 1-162
2026-09-10 20:59:02,602 INFO o.a.j.t.JMeterThread: Thread started: Thread Group - until HTTP 503 - 288 users 1-163
2026-09-10 20:59:02,818 INFO o.a.j.t.JMeterThread: Thread started: Thread Group - until HTTP 503 - 288 users 1-164
2026-09-10 20:59:03,025 INFO o.a.j.t.JMeterThread: Thread started: Thread Group - until HTTP 503 - 288 users 1-165
2026-09-10 20:59:03,226 INFO o.a.j.t.JMeterThread: Thread started: Thread Group - until HTTP 503 - 288 users 1-166
2026-09-10 20:59:03,434 INFO o.a.j.t.JMeterThread: Thread started: Thread Group - until HTTP 503 - 288 users 1-167
2026-09-10 20:59:03,650 INFO o.a.j.t.JMeterThread: Thread started: Thread Group - until HTTP 503 - 288 users 1-168
2026-09-10 20:59:03,857 INFO o.a.j.t.JMeterThread: Thread started: Thread Group - until HTTP 503 - 288 users 1-169
2026-09-10 20:59:04,058 INFO o.a.j.t.JMeterThread: Thread started: Thread Group - until HTTP 503 - 288 users 1-170
2026-09-10 20:59:04,267 INFO o.a.j.t.JMeterThread: Thread started: Thread Group - until HTTP 503 - 288 users 1-171
2026-09-10 20:59:04,483 INFO o.a.j.t.JMeterThread: Thread started: Thread Group - until HTTP 503 - 288 users 1-172
2026-09-10 20:59:04,690 INFO o.a.j.t.JMeterThread: Thread started: Thread Group - until HTTP 503 - 288 users 1-173
2026-09-10 20:59:04,890 INFO o.a.j.t.JMeterThread: Thread started: Thread Group - until HTTP 503 - 288 users 1-174
2026-09-10 20:59:05,097 INFO o.a.j.t.JMeterThread: Thread started: Thread Group - until HTTP 503 - 288 users 1-175
2026-09-10 20:59:05,312 INFO o.a.j.t.JMeterThread: Thread started: Thread Group - until HTTP 503 - 288 users 1-176
2026-09-10 20:59:05,521 INFO o.a.j.t.JMeterThread: Thread started: Thread Group - until HTTP 503 - 288 users 1-177
2026-09-10 20:59:05,722 INFO o.a.j.t.JMeterThread: Thread started: Thread Group - until HTTP 503 - 288 users 1-178
2026-09-10 20:59:05,929 INFO o.a.j.t.JMeterThread: Thread started: Thread Group - until HTTP 503 - 288 users 1-179
2026-09-10 20:59:06,144 INFO o.a.j.t.JMeterThread: Thread started: Thread Group - until HTTP 503 - 288 users 1-180
2026-09-10 20:59:06,351 INFO o.a.j.t.JMeterThread: Thread started: Thread Group - until HTTP 503 - 288 users 1-181
2026-09-10 20:59:06,552 INFO o.a.j.t.JMeterThread: Thread started: Thread Group - until HTTP 503 - 288 users 1-182
2026-09-10 20:59:06,760 INFO o.a.j.t.JMeterThread: Thread started: Thread Group - until HTTP 503 - 288 users 1-183
2026-09-10 20:59:06,975 INFO o.a.j.t.JMeterThread: Thread started: Thread Group - until HTTP 503 - 288 users 1-184
2026-09-10 20:59:07,183 INFO o.a.j.t.JMeterThread: Thread started: Thread Group - until HTTP 503 - 288 users 1-185
2026-09-10 20:59:07,384 INFO o.a.j.t.JMeterThread: Thread started: Thread Group - until HTTP 503 - 288 users 1-186
2026-09-10 20:59:07,593 INFO o.a.j.t.JMeterThread: Thread started: Thread Group - until HTTP 503 - 288 users 1-187
2026-09-10 20:59:07,808 INFO o.a.j.t.JMeterThread: Thread started: Thread Group - until HTTP 503 - 288 users 1-188
2026-09-10 20:59:07,994 INFO o.a.j.t.JMeterThread: Thread started: Thread Group - until HTTP 503 - 288 users 1-189
2026-09-10 20:59:08,194 INFO o.a.j.t.JMeterThread: Thread started: Thread Group - until HTTP 503 - 288 users 1-190
2026-09-10 20:59:08,400 INFO o.a.j.t.JMeterThread: Thread started: Thread Group - until HTTP 503 - 288 users 1-191
2026-09-10 20:59:08,614 INFO o.a.j.t.JMeterThread: Thread started: Thread Group - until HTTP 503 - 288 users 1-192
2026-09-10 20:59:08,821 INFO o.a.j.t.JMeterThread: Thread started: Thread Group - until HTTP 503 - 288 users 1-193
2026-09-10 20:59:09,023 INFO o.a.j.t.JMeterThread: Thread started: Thread Group - until HTTP 503 - 288 users 1-194
2026-09-10 20:59:09,231 INFO o.a.j.t.JMeterThread: Thread started: Thread Group - until HTTP 503 - 288 users 1-195
2026-09-10 20:59:09,446 INFO o.a.j.t.JMeterThread: Thread started: Thread Group - until HTTP 503 - 288 users 1-196
2026-09-10 20:59:09,654 INFO o.a.j.t.JMeterThread: Thread started: Thread Group - until HTTP 503 - 288 users 1-197
2026-09-10 20:59:09,853 INFO o.a.j.t.JMeterThread: Thread started: Thread Group - until HTTP 503 - 288 users 1-198
2026-09-10 20:59:10,062 INFO o.a.j.t.JMeterThread: Thread started: Thread Group - until HTTP 503 - 288 users 1-199
2026-09-10 20:59:10,275 INFO o.a.j.t.JMeterThread: Thread started: Thread Group - until HTTP 503 - 288 users 1-200
2026-09-10 20:59:10,483 INFO o.a.j.t.JMeterThread: Thread started: Thread Group - until HTTP 503 - 288 users 1-201
2026-09-10 20:59:10,684 INFO o.a.j.t.JMeterThread: Thread started: Thread Group - until HTTP 503 - 288 users 1-202
2026-09-10 20:59:10,892 INFO o.a.j.t.JMeterThread: Thread started: Thread Group - until HTTP 503 - 288 users 1-203
2026-09-10 20:59:11,108 INFO o.a.j.t.JMeterThread: Thread started: Thread Group - until HTTP 503 - 288 users 1-204
2026-09-10 20:59:11,317 INFO o.a.j.t.JMeterThread: Thread started: Thread Group - until HTTP 503 - 288 users 1-205
2026-09-10 20:59:11,517 INFO o.a.j.t.JMeterThread: Thread started: Thread Group - until HTTP 503 - 288 users 1-206
2026-09-10 20:59:11,724 INFO o.a.j.t.JMeterThread: Thread started: Thread Group - until HTTP 503 - 288 users 1-207
2026-09-10 20:59:11,940 INFO o.a.j.t.JMeterThread: Thread started: Thread Group - until HTTP 503 - 288 users 1-208
2026-09-10 20:59:12,150 INFO o.a.j.t.JMeterThread: Thread started: Thread Group - until HTTP 503 - 288 users 1-209
2026-09-10 20:59:12,348 INFO o.a.j.t.JMeterThread: Thread started: Thread Group - until HTTP 503 - 288 users 1-210
2026-09-10 20:59:12,555 INFO o.a.j.t.JMeterThread: Thread started: Thread Group - until HTTP 503 - 288 users 1-211
2026-09-10 20:59:12,771 INFO o.a.j.t.JMeterThread: Thread started: Thread Group - until HTTP 503 - 288 users 1-212
2026-09-10 20:59:12,979 INFO o.a.j.t.JMeterThread: Thread started: Thread Group - until HTTP 503 - 288 users 1-213
2026-09-10 20:59:13,174 INFO o.a.j.t.JMeterThread: Thread started: Thread Group - until HTTP 503 - 288 users 1-214
2026-09-10 20:59:13,382 INFO o.a.j.t.JMeterThread: Thread started: Thread Group - until HTTP 503 - 288 users 1-215
2026-09-10 20:59:13,598 INFO o.a.j.t.JMeterThread: Thread started: Thread Group - until HTTP 503 - 288 users 1-216
2026-09-10 20:59:13,806 INFO o.a.j.t.JMeterThread: Thread started: Thread Group - until HTTP 503 - 288 users 1-217
2026-09-10 20:59:14,007 INFO o.a.j.t.JMeterThread: Thread started: Thread Group - until HTTP 503 - 288 users 1-218
2026-09-10 20:59:14,215 INFO o.a.j.t.JMeterThread: Thread started: Thread Group - until HTTP 503 - 288 users 1-219
2026-09-10 20:59:14,430 INFO o.a.j.t.JMeterThread: Thread started: Thread Group - until HTTP 503 - 288 users 1-220
2026-09-10 20:59:14,638 INFO o.a.j.t.JMeterThread: Thread started: Thread Group - until HTTP 503 - 288 users 1-221
2026-09-10 20:59:14,839 INFO o.a.j.t.JMeterThread: Thread started: Thread Group - until HTTP 503 - 288 users 1-222
2026-09-10 20:59:15,046 INFO o.a.j.t.JMeterThread: Thread started: Thread Group - until HTTP 503 - 288 users 1-223
2026-09-10 20:59:15,260 INFO o.a.j.t.JMeterThread: Thread started: Thread Group - until HTTP 503 - 288 users 1-224
2026-09-10 20:59:15,469 INFO o.a.j.t.JMeterThread: Thread started: Thread Group - until HTTP 503 - 288 users 1-225
2026-09-10 20:59:15,670 INFO o.a.j.t.JMeterThread: Thread started: Thread Group - until HTTP 503 - 288 users 1-226
2026-09-10 20:59:15,877 INFO o.a.j.t.JMeterThread: Thread started: Thread Group - until HTTP 503 - 288 users 1-227
2026-09-10 20:59:16,093 INFO o.a.j.t.JMeterThread: Thread started: Thread Group - until HTTP 503 - 288 users 1-228
2026-09-10 20:59:16,302 INFO o.a.j.t.JMeterThread: Thread started: Thread Group - until HTTP 503 - 288 users 1-229
2026-09-10 20:59:16,501 INFO o.a.j.t.JMeterThread: Thread started: Thread Group - until HTTP 503 - 288 users 1-230
2026-09-10 20:59:16,709 INFO o.a.j.t.JMeterThread: Thread started: Thread Group - until HTTP 503 - 288 users 1-231
2026-09-10 20:59:16,924 INFO o.a.j.t.JMeterThread: Thread started: Thread Group - until HTTP 503 - 288 users 1-232
2026-09-10 20:59:17,132 INFO o.a.j.t.JMeterThread: Thread started: Thread Group - until HTTP 503 - 288 users 1-233
2026-09-10 20:59:17,333 INFO o.a.j.t.JMeterThread: Thread started: Thread Group - until HTTP 503 - 288 users 1-234
2026-09-10 20:59:17,541 INFO o.a.j.t.JMeterThread: Thread started: Thread Group - until HTTP 503 - 288 users 1-235
2026-09-10 20:59:17,757 INFO o.a.j.t.JMeterThread: Thread started: Thread Group - until HTTP 503 - 288 users 1-236
2026-09-10 20:59:17,964 INFO o.a.j.t.JMeterThread: Thread started: Thread Group - until HTTP 503 - 288 users 1-237
2026-09-10 20:59:18,167 INFO o.a.j.t.JMeterThread: Thread started: Thread Group - until HTTP 503 - 288 users 1-238
2026-09-10 20:59:18,372 INFO o.a.j.t.JMeterThread: Thread started: Thread Group - until HTTP 503 - 288 users 1-239
2026-09-10 20:59:18,588 INFO o.a.j.t.JMeterThread: Thread started: Thread Group - until HTTP 503 - 288 users 1-240
2026-09-10 20:59:18,795 INFO o.a.j.t.JMeterThread: Thread started: Thread Group - until HTTP 503 - 288 users 1-241
2026-09-10 20:59:18,997 INFO o.a.j.t.JMeterThread: Thread started: Thread Group - until HTTP 503 - 288 users 1-242
2026-09-10 20:59:19,204 INFO o.a.j.t.JMeterThread: Thread started: Thread Group - until HTTP 503 - 288 users 1-243
2026-09-10 20:59:19,419 INFO o.a.j.t.JMeterThread: Thread started: Thread Group - until HTTP 503 - 288 users 1-244
2026-09-10 20:59:19,628 INFO o.a.j.t.JMeterThread: Thread started: Thread Group - until HTTP 503 - 288 users 1-245
2026-09-10 20:59:19,828 INFO o.a.j.t.JMeterThread: Thread started: Thread Group - until HTTP 503 - 288 users 1-246
2026-09-10 20:59:20,036 INFO o.a.j.t.JMeterThread: Thread started: Thread Group - until HTTP 503 - 288 users 1-247
2026-09-10 20:59:20,252 INFO o.a.j.t.JMeterThread: Thread started: Thread Group - until HTTP 503 - 288 users 1-248
2026-09-10 20:59:20,460 INFO o.a.j.t.JMeterThread: Thread started: Thread Group - until HTTP 503 - 288 users 1-249
2026-09-10 20:59:20,657 INFO o.a.j.t.JMeterThread: Thread started: Thread Group - until HTTP 503 - 288 users 1-250
2026-09-10 20:59:20,864 INFO o.a.j.t.JMeterThread: Thread started: Thread Group - until HTTP 503 - 288 users 1-251
2026-09-10 20:59:21,079 INFO o.a.j.t.JMeterThread: Thread started: Thread Group - until HTTP 503 - 288 users 1-252
2026-09-10 20:59:21,286 INFO o.a.j.t.JMeterThread: Thread started: Thread Group - until HTTP 503 - 288 users 1-253
2026-09-10 20:59:21,487 INFO o.a.j.t.JMeterThread: Thread started: Thread Group - until HTTP 503 - 288 users 1-254
2026-09-10 20:59:21,694 INFO o.a.j.t.JMeterThread: Thread started: Thread Group - until HTTP 503 - 288 users 1-255
2026-09-10 20:59:21,910 INFO o.a.j.t.JMeterThread: Thread started: Thread Group - until HTTP 503 - 288 users 1-256
2026-09-10 20:59:22,117 INFO o.a.j.t.JMeterThread: Thread started: Thread Group - until HTTP 503 - 288 users 1-257
2026-09-10 20:59:22,317 INFO o.a.j.t.JMeterThread: Thread started: Thread Group - until HTTP 503 - 288 users 1-258
2026-09-10 20:59:22,526 INFO o.a.j.t.JMeterThread: Thread started: Thread Group - until HTTP 503 - 288 users 1-259
2026-09-10 20:59:22,741 INFO o.a.j.t.JMeterThread: Thread started: Thread Group - until HTTP 503 - 288 users 1-260
2026-09-10 20:59:22,948 INFO o.a.j.t.JMeterThread: Thread started: Thread Group - until HTTP 503 - 288 users 1-261
2026-09-10 20:59:23,149 INFO o.a.j.t.JMeterThread: Thread started: Thread Group - until HTTP 503 - 288 users 1-262
2026-09-10 20:59:23,356 INFO o.a.j.t.JMeterThread: Thread started: Thread Group - until HTTP 503 - 288 users 1-263
2026-09-10 20:59:23,572 INFO o.a.j.t.JMeterThread: Thread started: Thread Group - until HTTP 503 - 288 users 1-264
2026-09-10 20:59:23,781 INFO o.a.j.t.JMeterThread: Thread started: Thread Group - until HTTP 503 - 288 users 1-265
2026-09-10 20:59:23,981 INFO o.a.j.t.JMeterThread: Thread started: Thread Group - until HTTP 503 - 288 users 1-266
2026-09-10 20:59:24,189 INFO o.a.j.t.JMeterThread: Thread started: Thread Group - until HTTP 503 - 288 users 1-267
2026-09-10 20:59:24,405 INFO o.a.j.t.JMeterThread: Thread started: Thread Group - until HTTP 503 - 288 users 1-268
2026-09-10 20:59:24,614 INFO o.a.j.t.JMeterThread: Thread started: Thread Group - until HTTP 503 - 288 users 1-269
2026-09-10 20:59:24,813 INFO o.a.j.t.JMeterThread: Thread started: Thread Group - until HTTP 503 - 288 users 1-270
2026-09-10 20:59:25,021 INFO o.a.j.t.JMeterThread: Thread started: Thread Group - until HTTP 503 - 288 users 1-271
2026-09-10 20:59:25,237 INFO o.a.j.t.JMeterThread: Thread started: Thread Group - until HTTP 503 - 288 users 1-272
2026-09-10 20:59:25,445 INFO o.a.j.t.JMeterThread: Thread started: Thread Group - until HTTP 503 - 288 users 1-273
2026-09-10 20:59:25,645 INFO o.a.j.t.JMeterThread: Thread started: Thread Group - until HTTP 503 - 288 users 1-274
2026-09-10 20:59:25,852 INFO o.a.j.t.JMeterThread: Thread started: Thread Group - until HTTP 503 - 288 users 1-275
2026-09-10 20:59:26,093 INFO o.a.j.t.JMeterThread: Thread started: Thread Group - until HTTP 503 - 288 users 1-276
2026-09-10 20:59:26,301 INFO o.a.j.t.JMeterThread: Thread started: Thread Group - until HTTP 503 - 288 users 1-277
2026-09-10 20:59:26,476 INFO o.a.j.t.JMeterThread: Thread started: Thread Group - until HTTP 503 - 288 users 1-278
2026-09-10 20:59:26,683 INFO o.a.j.t.JMeterThread: Thread started: Thread Group - until HTTP 503 - 288 users 1-279
2026-09-10 20:59:26,924 INFO o.a.j.t.JMeterThread: Thread started: Thread Group - until HTTP 503 - 288 users 1-280
2026-09-10 20:59:27,131 INFO o.a.j.t.JMeterThread: Thread started: Thread Group - until HTTP 503 - 288 users 1-281
2026-09-10 20:59:27,306 INFO o.a.j.t.JMeterThread: Thread started: Thread Group - until HTTP 503 - 288 users 1-282
2026-09-10 20:59:27,514 INFO o.a.j.t.JMeterThread: Thread started: Thread Group - until HTTP 503 - 288 users 1-283
2026-09-10 20:59:27,753 INFO o.a.j.t.JMeterThread: Thread started: Thread Group - until HTTP 503 - 288 users 1-284
2026-09-10 20:59:27,962 INFO o.a.j.t.JMeterThread: Thread started: Thread Group - until HTTP 503 - 288 users 1-285
2026-09-10 20:59:28,138 INFO o.a.j.t.JMeterThread: Thread started: Thread Group - until HTTP 503 - 288 users 1-286
2026-09-10 20:59:28,344 INFO o.a.j.t.JMeterThread: Thread started: Thread Group - until HTTP 503 - 288 users 1-287
2026-09-10 20:59:28,584 INFO o.a.j.t.JMeterThread: Thread started: Thread Group - until HTTP 503 - 288 users 1-288
2026-09-10 20:59:30,612 INFO o.a.j.r.Summariser: summary +    766 in 00:00:30 =   25.4/s Avg:  6950 Min:  4445 Max: 11962 Err:   766 (100.00%) Active: 288 Started: 288 Finished: 0
2026-09-10 20:59:30,614 INFO o.a.j.r.Summariser: summary =   1569 in 00:01:02 =   25.4/s Avg:  4581 Min:   518 Max: 11962 Err:  1459 (92.99%)
2026-09-10 20:59:59,781 INFO o.a.j.t.JMeterThread: Stopping because end time detected by thread: Thread Group - until HTTP 503 - 288 users 1-251
2026-09-10 20:59:59,781 INFO o.a.j.t.JMeterThread: Stopping because end time detected by thread: Thread Group - until HTTP 503 - 288 users 1-101
2026-09-10 20:59:59,781 INFO o.a.j.t.JMeterThread: Stopping because end time detected by thread: Thread Group - until HTTP 503 - 288 users 1-168
2026-09-10 20:59:59,781 INFO o.a.j.t.JMeterThread: Thread finished: Thread Group - until HTTP 503 - 288 users 1-251
2026-09-10 20:59:59,781 INFO o.a.j.t.JMeterThread: Thread finished: Thread Group - until HTTP 503 - 288 users 1-168
2026-09-10 20:59:59,781 INFO o.a.j.t.JMeterThread: Thread finished: Thread Group - until HTTP 503 - 288 users 1-101
2026-09-10 20:59:59,781 INFO o.a.j.t.JMeterThread: Stopping because end time detected by thread: Thread Group - until HTTP 503 - 288 users 1-60
2026-09-10 20:59:59,782 INFO o.a.j.t.JMeterThread: Stopping because end time detected by thread: Thread Group - until HTTP 503 - 288 users 1-87
2026-09-10 20:59:59,782 INFO o.a.j.t.JMeterThread: Thread finished: Thread Group - until HTTP 503 - 288 users 1-60
2026-09-10 20:59:59,781 INFO o.a.j.t.JMeterThread: Stopping because end time detected by thread: Thread Group - until HTTP 503 - 288 users 1-146
2026-09-10 20:59:59,782 INFO o.a.j.t.JMeterThread: Stopping because end time detected by thread: Thread Group - until HTTP 503 - 288 users 1-279
2026-09-10 20:59:59,782 INFO o.a.j.t.JMeterThread: Thread finished: Thread Group - until HTTP 503 - 288 users 1-87
2026-09-10 20:59:59,782 INFO o.a.j.t.JMeterThread: Thread finished: Thread Group - until HTTP 503 - 288 users 1-146
2026-09-10 20:59:59,782 INFO o.a.j.t.JMeterThread: Thread finished: Thread Group - until HTTP 503 - 288 users 1-279
2026-09-10 21:00:02,504 INFO o.a.j.t.JMeterThread: Stopping because end time detected by thread: Thread Group - until HTTP 503 - 288 users 1-50
2026-09-10 21:00:02,505 INFO o.a.j.r.Summariser: summary +    936 in 00:00:32 =   29.3/s Avg:  9498 Min:  5393 Max: 21695 Err:   936 (100.00%) Active: 281 Started: 288 Finished: 7
2026-09-10 21:00:02,505 INFO o.a.j.t.JMeterThread: Thread finished: Thread Group - until HTTP 503 - 288 users 1-50
2026-09-10 21:00:02,506 INFO o.a.j.r.Summariser: summary =   2505 in 00:01:34 =   26.7/s Avg:  6418 Min:   518 Max: 21695 Err:  2395 (95.61%)
2026-09-10 21:00:02,507 INFO o.a.j.t.JMeterThread: Stopping because end time detected by thread: Thread Group - until HTTP 503 - 288 users 1-76
2026-09-10 21:00:02,507 INFO o.a.j.t.JMeterThread: Thread finished: Thread Group - until HTTP 503 - 288 users 1-76
2026-09-10 21:00:02,508 INFO o.a.j.t.JMeterThread: Stopping because end time detected by thread: Thread Group - until HTTP 503 - 288 users 1-20
2026-09-10 21:00:02,508 INFO o.a.j.t.JMeterThread: Thread finished: Thread Group - until HTTP 503 - 288 users 1-20
2026-09-10 21:00:02,508 INFO o.a.j.t.JMeterThread: Stopping because end time detected by thread: Thread Group - until HTTP 503 - 288 users 1-180
2026-09-10 21:00:02,508 INFO o.a.j.t.JMeterThread: Stopping because end time detected by thread: Thread Group - until HTTP 503 - 288 users 1-177
2026-09-10 21:00:02,508 INFO o.a.j.t.JMeterThread: Thread finished: Thread Group - until HTTP 503 - 288 users 1-180
2026-09-10 21:00:02,508 INFO o.a.j.t.JMeterThread: Thread finished: Thread Group - until HTTP 503 - 288 users 1-177
2026-09-10 21:00:02,508 INFO o.a.j.t.JMeterThread: Stopping because end time detected by thread: Thread Group - until HTTP 503 - 288 users 1-13
2026-09-10 21:00:02,509 INFO o.a.j.t.JMeterThread: Thread finished: Thread Group - until HTTP 503 - 288 users 1-13
2026-09-10 21:00:02,509 INFO o.a.j.t.JMeterThread: Stopping because end time detected by thread: Thread Group - until HTTP 503 - 288 users 1-22
2026-09-10 21:00:02,509 INFO o.a.j.t.JMeterThread: Thread finished: Thread Group - until HTTP 503 - 288 users 1-22
2026-09-10 21:00:02,509 INFO o.a.j.t.JMeterThread: Stopping because end time detected by thread: Thread Group - until HTTP 503 - 288 users 1-283
2026-09-10 21:00:02,509 INFO o.a.j.t.JMeterThread: Thread finished: Thread Group - until HTTP 503 - 288 users 1-283
2026-09-10 21:00:02,509 INFO o.a.j.t.JMeterThread: Stopping because end time detected by thread: Thread Group - until HTTP 503 - 288 users 1-176
2026-09-10 21:00:02,509 INFO o.a.j.t.JMeterThread: Stopping because end time detected by thread: Thread Group - until HTTP 503 - 288 users 1-166
2026-09-10 21:00:02,509 INFO o.a.j.t.JMeterThread: Thread finished: Thread Group - until HTTP 503 - 288 users 1-176
2026-09-10 21:00:02,509 INFO o.a.j.t.JMeterThread: Stopping because end time detected by thread: Thread Group - until HTTP 503 - 288 users 1-216
2026-09-10 21:00:02,509 INFO o.a.j.t.JMeterThread: Thread finished: Thread Group - until HTTP 503 - 288 users 1-166
2026-09-10 21:00:02,509 INFO o.a.j.t.JMeterThread: Stopping because end time detected by thread: Thread Group - until HTTP 503 - 288 users 1-42
2026-09-10 21:00:02,509 INFO o.a.j.t.JMeterThread: Thread finished: Thread Group - until HTTP 503 - 288 users 1-42
2026-09-10 21:00:02,509 INFO o.a.j.t.JMeterThread: Stopping because end time detected by thread: Thread Group - until HTTP 503 - 288 users 1-35
2026-09-10 21:00:02,509 INFO o.a.j.t.JMeterThread: Thread finished: Thread Group - until HTTP 503 - 288 users 1-35
2026-09-10 21:00:02,509 INFO o.a.j.t.JMeterThread: Thread finished: Thread Group - until HTTP 503 - 288 users 1-216
2026-09-10 21:00:02,509 INFO o.a.j.t.JMeterThread: Stopping because end time detected by thread: Thread Group - until HTTP 503 - 288 users 1-52
2026-09-10 21:00:02,509 INFO o.a.j.t.JMeterThread: Thread finished: Thread Group - until HTTP 503 - 288 users 1-52
2026-09-10 21:00:02,509 INFO o.a.j.t.JMeterThread: Stopping because end time detected by thread: Thread Group - until HTTP 503 - 288 users 1-277
2026-09-10 21:00:02,509 INFO o.a.j.t.JMeterThread: Stopping because end time detected by thread: Thread Group - until HTTP 503 - 288 users 1-286
2026-09-10 21:00:02,509 INFO o.a.j.t.JMeterThread: Stopping because end time detected by thread: Thread Group - until HTTP 503 - 288 users 1-280
2026-09-10 21:00:02,509 INFO o.a.j.t.JMeterThread: Thread finished: Thread Group - until HTTP 503 - 288 users 1-277
2026-09-10 21:00:02,509 INFO o.a.j.t.JMeterThread: Thread finished: Thread Group - until HTTP 503 - 288 users 1-286
2026-09-10 21:00:02,509 INFO o.a.j.t.JMeterThread: Stopping because end time detected by thread: Thread Group - until HTTP 503 - 288 users 1-62
2026-09-10 21:00:02,509 INFO o.a.j.t.JMeterThread: Thread finished: Thread Group - until HTTP 503 - 288 users 1-280
2026-09-10 21:00:02,509 INFO o.a.j.t.JMeterThread: Thread finished: Thread Group - until HTTP 503 - 288 users 1-62
2026-09-10 21:00:02,510 INFO o.a.j.t.JMeterThread: Stopping because end time detected by thread: Thread Group - until HTTP 503 - 288 users 1-190
2026-09-10 21:00:02,510 INFO o.a.j.t.JMeterThread: Thread finished: Thread Group - until HTTP 503 - 288 users 1-190
2026-09-10 21:00:02,510 INFO o.a.j.t.JMeterThread: Stopping because end time detected by thread: Thread Group - until HTTP 503 - 288 users 1-193
2026-09-10 21:00:02,510 INFO o.a.j.t.JMeterThread: Thread finished: Thread Group - until HTTP 503 - 288 users 1-193
2026-09-10 21:00:02,510 INFO o.a.j.t.JMeterThread: Stopping because end time detected by thread: Thread Group - until HTTP 503 - 288 users 1-276
2026-09-10 21:00:02,510 INFO o.a.j.t.JMeterThread: Stopping because end time detected by thread: Thread Group - until HTTP 503 - 288 users 1-186
2026-09-10 21:00:02,510 INFO o.a.j.t.JMeterThread: Thread finished: Thread Group - until HTTP 503 - 288 users 1-276
2026-09-10 21:00:02,510 INFO o.a.j.t.JMeterThread: Thread finished: Thread Group - until HTTP 503 - 288 users 1-186
2026-09-10 21:00:02,510 INFO o.a.j.t.JMeterThread: Stopping because end time detected by thread: Thread Group - until HTTP 503 - 288 users 1-265
2026-09-10 21:00:02,510 INFO o.a.j.t.JMeterThread: Stopping because end time detected by thread: Thread Group - until HTTP 503 - 288 users 1-157
2026-09-10 21:00:02,510 INFO o.a.j.t.JMeterThread: Thread finished: Thread Group - until HTTP 503 - 288 users 1-265
2026-09-10 21:00:02,510 INFO o.a.j.t.JMeterThread: Thread finished: Thread Group - until HTTP 503 - 288 users 1-157
2026-09-10 21:00:02,510 INFO o.a.j.t.JMeterThread: Stopping because end time detected by thread: Thread Group - until HTTP 503 - 288 users 1-126
2026-09-10 21:00:02,510 INFO o.a.j.t.JMeterThread: Stopping because end time detected by thread: Thread Group - until HTTP 503 - 288 users 1-19
2026-09-10 21:00:02,510 INFO o.a.j.t.JMeterThread: Stopping because end time detected by thread: Thread Group - until HTTP 503 - 288 users 1-123
2026-09-10 21:00:02,510 INFO o.a.j.t.JMeterThread: Thread finished: Thread Group - until HTTP 503 - 288 users 1-19
2026-09-10 21:00:02,510 INFO o.a.j.t.JMeterThread: Thread finished: Thread Group - until HTTP 503 - 288 users 1-126
2026-09-10 21:00:02,510 INFO o.a.j.t.JMeterThread: Thread finished: Thread Group - until HTTP 503 - 288 users 1-123
2026-09-10 21:00:02,510 INFO o.a.j.t.JMeterThread: Stopping because end time detected by thread: Thread Group - until HTTP 503 - 288 users 1-145
2026-09-10 21:00:02,511 INFO o.a.j.t.JMeterThread: Thread finished: Thread Group - until HTTP 503 - 288 users 1-145
2026-09-10 21:00:02,511 INFO o.a.j.t.JMeterThread: Stopping because end time detected by thread: Thread Group - until HTTP 503 - 288 users 1-164
2026-09-10 21:00:02,511 INFO o.a.j.t.JMeterThread: Stopping because end time detected by thread: Thread Group - until HTTP 503 - 288 users 1-189
2026-09-10 21:00:02,511 INFO o.a.j.t.JMeterThread: Thread finished: Thread Group - until HTTP 503 - 288 users 1-164
2026-09-10 21:00:02,511 INFO o.a.j.t.JMeterThread: Stopping because end time detected by thread: Thread Group - until HTTP 503 - 288 users 1-191
2026-09-10 21:00:02,511 INFO o.a.j.t.JMeterThread: Thread finished: Thread Group - until HTTP 503 - 288 users 1-189
2026-09-10 21:00:02,511 INFO o.a.j.t.JMeterThread: Stopping because end time detected by thread: Thread Group - until HTTP 503 - 288 users 1-192
2026-09-10 21:00:02,511 INFO o.a.j.t.JMeterThread: Stopping because end time detected by thread: Thread Group - until HTTP 503 - 288 users 1-202
2026-09-10 21:00:02,511 INFO o.a.j.t.JMeterThread: Thread finished: Thread Group - until HTTP 503 - 288 users 1-192
2026-09-10 21:00:02,511 INFO o.a.j.t.JMeterThread: Stopping because end time detected by thread: Thread Group - until HTTP 503 - 288 users 1-232
2026-09-10 21:00:02,511 INFO o.a.j.t.JMeterThread: Thread finished: Thread Group - until HTTP 503 - 288 users 1-191
2026-09-10 21:00:02,511 INFO o.a.j.t.JMeterThread: Thread finished: Thread Group - until HTTP 503 - 288 users 1-202
2026-09-10 21:00:02,511 INFO o.a.j.t.JMeterThread: Thread finished: Thread Group - until HTTP 503 - 288 users 1-232
2026-09-10 21:00:02,512 INFO o.a.j.t.JMeterThread: Stopping because end time detected by thread: Thread Group - until HTTP 503 - 288 users 1-195
2026-09-10 21:00:02,512 INFO o.a.j.t.JMeterThread: Thread finished: Thread Group - until HTTP 503 - 288 users 1-195
2026-09-10 21:00:02,512 INFO o.a.j.t.JMeterThread: Stopping because end time detected by thread: Thread Group - until HTTP 503 - 288 users 1-70
2026-09-10 21:00:02,512 INFO o.a.j.t.JMeterThread: Stopping because end time detected by thread: Thread Group - until HTTP 503 - 288 users 1-8
2026-09-10 21:00:02,512 INFO o.a.j.t.JMeterThread: Stopping because end time detected by thread: Thread Group - until HTTP 503 - 288 users 1-65
2026-09-10 21:00:02,512 INFO o.a.j.t.JMeterThread: Thread finished: Thread Group - until HTTP 503 - 288 users 1-8
2026-09-10 21:00:02,512 INFO o.a.j.t.JMeterThread: Stopping because end time detected by thread: Thread Group - until HTTP 503 - 288 users 1-95
2026-09-10 21:00:02,512 INFO o.a.j.t.JMeterThread: Stopping because end time detected by thread: Thread Group - until HTTP 503 - 288 users 1-61
2026-09-10 21:00:02,512 INFO o.a.j.t.JMeterThread: Thread finished: Thread Group - until HTTP 503 - 288 users 1-95
2026-09-10 21:00:02,512 INFO o.a.j.t.JMeterThread: Thread finished: Thread Group - until HTTP 503 - 288 users 1-61
2026-09-10 21:00:02,512 INFO o.a.j.t.JMeterThread: Thread finished: Thread Group - until HTTP 503 - 288 users 1-70
2026-09-10 21:00:02,512 INFO o.a.j.t.JMeterThread: Stopping because end time detected by thread: Thread Group - until HTTP 503 - 288 users 1-79
2026-09-10 21:00:02,512 INFO o.a.j.t.JMeterThread: Thread finished: Thread Group - until HTTP 503 - 288 users 1-79
2026-09-10 21:00:02,512 INFO o.a.j.t.JMeterThread: Thread finished: Thread Group - until HTTP 503 - 288 users 1-65
2026-09-10 21:00:02,512 INFO o.a.j.t.JMeterThread: Stopping because end time detected by thread: Thread Group - until HTTP 503 - 288 users 1-163
2026-09-10 21:00:02,512 INFO o.a.j.t.JMeterThread: Stopping because end time detected by thread: Thread Group - until HTTP 503 - 288 users 1-84
2026-09-10 21:00:02,512 INFO o.a.j.t.JMeterThread: Thread finished: Thread Group - until HTTP 503 - 288 users 1-163
2026-09-10 21:00:02,512 INFO o.a.j.t.JMeterThread: Stopping because end time detected by thread: Thread Group - until HTTP 503 - 288 users 1-154
2026-09-10 21:00:02,512 INFO o.a.j.t.JMeterThread: Stopping because end time detected by thread: Thread Group - until HTTP 503 - 288 users 1-72
2026-09-10 21:00:02,512 INFO o.a.j.t.JMeterThread: Thread finished: Thread Group - until HTTP 503 - 288 users 1-84
2026-09-10 21:00:02,512 INFO o.a.j.t.JMeterThread: Thread finished: Thread Group - until HTTP 503 - 288 users 1-72
2026-09-10 21:00:02,512 INFO o.a.j.t.JMeterThread: Thread finished: Thread Group - until HTTP 503 - 288 users 1-154
2026-09-10 21:00:02,512 INFO o.a.j.t.JMeterThread: Stopping because end time detected by thread: Thread Group - until HTTP 503 - 288 users 1-90
2026-09-10 21:00:02,512 INFO o.a.j.t.JMeterThread: Stopping because end time detected by thread: Thread Group - until HTTP 503 - 288 users 1-97
2026-09-10 21:00:02,513 INFO o.a.j.t.JMeterThread: Thread finished: Thread Group - until HTTP 503 - 288 users 1-90
2026-09-10 21:00:02,513 INFO o.a.j.t.JMeterThread: Thread finished: Thread Group - until HTTP 503 - 288 users 1-97
2026-09-10 21:00:02,513 INFO o.a.j.t.JMeterThread: Stopping because end time detected by thread: Thread Group - until HTTP 503 - 288 users 1-109
2026-09-10 21:00:02,513 INFO o.a.j.t.JMeterThread: Thread finished: Thread Group - until HTTP 503 - 288 users 1-109
2026-09-10 21:00:02,514 INFO o.a.j.t.JMeterThread: Stopping because end time detected by thread: Thread Group - until HTTP 503 - 288 users 1-66
2026-09-10 21:00:02,514 INFO o.a.j.t.JMeterThread: Thread finished: Thread Group - until HTTP 503 - 288 users 1-66
2026-09-10 21:00:02,515 INFO o.a.j.t.JMeterThread: Stopping because end time detected by thread: Thread Group - until HTTP 503 - 288 users 1-81
2026-09-10 21:00:02,515 INFO o.a.j.t.JMeterThread: Stopping because end time detected by thread: Thread Group - until HTTP 503 - 288 users 1-57
2026-09-10 21:00:02,515 INFO o.a.j.t.JMeterThread: Stopping because end time detected by thread: Thread Group - until HTTP 503 - 288 users 1-82
2026-09-10 21:00:02,515 INFO o.a.j.t.JMeterThread: Thread finished: Thread Group - until HTTP 503 - 288 users 1-81
2026-09-10 21:00:02,515 INFO o.a.j.t.JMeterThread: Stopping because end time detected by thread: Thread Group - until HTTP 503 - 288 users 1-83
2026-09-10 21:00:02,515 INFO o.a.j.t.JMeterThread: Thread finished: Thread Group - until HTTP 503 - 288 users 1-57
2026-09-10 21:00:02,515 INFO o.a.j.t.JMeterThread: Stopping because end time detected by thread: Thread Group - until HTTP 503 - 288 users 1-77
2026-09-10 21:00:02,515 INFO o.a.j.t.JMeterThread: Stopping because end time detected by thread: Thread Group - until HTTP 503 - 288 users 1-44
2026-09-10 21:00:02,515 INFO o.a.j.t.JMeterThread: Stopping because end time detected by thread: Thread Group - until HTTP 503 - 288 users 1-21
2026-09-10 21:00:02,515 INFO o.a.j.t.JMeterThread: Thread finished: Thread Group - until HTTP 503 - 288 users 1-77
2026-09-10 21:00:02,515 INFO o.a.j.t.JMeterThread: Stopping because end time detected by thread: Thread Group - until HTTP 503 - 288 users 1-78
2026-09-10 21:00:02,515 INFO o.a.j.t.JMeterThread: Thread finished: Thread Group - until HTTP 503 - 288 users 1-44
2026-09-10 21:00:02,515 INFO o.a.j.t.JMeterThread: Thread finished: Thread Group - until HTTP 503 - 288 users 1-82
2026-09-10 21:00:02,515 INFO o.a.j.t.JMeterThread: Thread finished: Thread Group - until HTTP 503 - 288 users 1-78
2026-09-10 21:00:02,515 INFO o.a.j.t.JMeterThread: Thread finished: Thread Group - until HTTP 503 - 288 users 1-21
2026-09-10 21:00:02,515 INFO o.a.j.t.JMeterThread: Thread finished: Thread Group - until HTTP 503 - 288 users 1-83
2026-09-10 21:00:02,515 INFO o.a.j.t.JMeterThread: Stopping because end time detected by thread: Thread Group - until HTTP 503 - 288 users 1-47
2026-09-10 21:00:02,515 INFO o.a.j.t.JMeterThread: Stopping because end time detected by thread: Thread Group - until HTTP 503 - 288 users 1-56
2026-09-10 21:00:02,516 INFO o.a.j.t.JMeterThread: Thread finished: Thread Group - until HTTP 503 - 288 users 1-47
2026-09-10 21:00:02,516 INFO o.a.j.t.JMeterThread: Thread finished: Thread Group - until HTTP 503 - 288 users 1-56
2026-09-10 21:00:02,956 INFO o.a.j.t.JMeterThread: Stopping because end time detected by thread: Thread Group - until HTTP 503 - 288 users 1-9
2026-09-10 21:00:02,956 INFO o.a.j.t.JMeterThread: Stopping because end time detected by thread: Thread Group - until HTTP 503 - 288 users 1-59
2026-09-10 21:00:02,956 INFO o.a.j.t.JMeterThread: Stopping because end time detected by thread: Thread Group - until HTTP 503 - 288 users 1-27
2026-09-10 21:00:02,957 INFO o.a.j.t.JMeterThread: Thread finished: Thread Group - until HTTP 503 - 288 users 1-59
2026-09-10 21:00:02,956 INFO o.a.j.t.JMeterThread: Stopping because end time detected by thread: Thread Group - until HTTP 503 - 288 users 1-131
2026-09-10 21:00:02,957 INFO o.a.j.t.JMeterThread: Stopping because end time detected by thread: Thread Group - until HTTP 503 - 288 users 1-25
2026-09-10 21:00:02,956 INFO o.a.j.t.JMeterThread: Stopping because end time detected by thread: Thread Group - until HTTP 503 - 288 users 1-175
2026-09-10 21:00:02,957 INFO o.a.j.t.JMeterThread: Thread finished: Thread Group - until HTTP 503 - 288 users 1-25
2026-09-10 21:00:02,957 INFO o.a.j.t.JMeterThread: Thread finished: Thread Group - until HTTP 503 - 288 users 1-175
2026-09-10 21:00:02,956 INFO o.a.j.t.JMeterThread: Stopping because end time detected by thread: Thread Group - until HTTP 503 - 288 users 1-259
2026-09-10 21:00:02,957 INFO o.a.j.t.JMeterThread: Thread finished: Thread Group - until HTTP 503 - 288 users 1-259
2026-09-10 21:00:02,957 INFO o.a.j.t.JMeterThread: Thread finished: Thread Group - until HTTP 503 - 288 users 1-9
2026-09-10 21:00:02,957 INFO o.a.j.t.JMeterThread: Thread finished: Thread Group - until HTTP 503 - 288 users 1-131
2026-09-10 21:00:02,957 INFO o.a.j.t.JMeterThread: Stopping because end time detected by thread: Thread Group - until HTTP 503 - 288 users 1-5
2026-09-10 21:00:02,957 INFO o.a.j.t.JMeterThread: Thread finished: Thread Group - until HTTP 503 - 288 users 1-27
2026-09-10 21:00:02,958 INFO o.a.j.t.JMeterThread: Thread finished: Thread Group - until HTTP 503 - 288 users 1-5
2026-09-10 21:00:02,959 INFO o.a.j.t.JMeterThread: Stopping because end time detected by thread: Thread Group - until HTTP 503 - 288 users 1-17
2026-09-10 21:00:02,959 INFO o.a.j.t.JMeterThread: Thread finished: Thread Group - until HTTP 503 - 288 users 1-17
2026-09-10 21:00:02,959 INFO o.a.j.t.JMeterThread: Stopping because end time detected by thread: Thread Group - until HTTP 503 - 288 users 1-7
2026-09-10 21:00:02,960 INFO o.a.j.t.JMeterThread: Thread finished: Thread Group - until HTTP 503 - 288 users 1-7
2026-09-10 21:00:02,960 INFO o.a.j.t.JMeterThread: Stopping because end time detected by thread: Thread Group - until HTTP 503 - 288 users 1-38
2026-09-10 21:00:02,960 INFO o.a.j.t.JMeterThread: Stopping because end time detected by thread: Thread Group - until HTTP 503 - 288 users 1-4
2026-09-10 21:00:02,960 INFO o.a.j.t.JMeterThread: Thread finished: Thread Group - until HTTP 503 - 288 users 1-4
2026-09-10 21:00:02,960 INFO o.a.j.t.JMeterThread: Stopping because end time detected by thread: Thread Group - until HTTP 503 - 288 users 1-199
2026-09-10 21:00:02,960 INFO o.a.j.t.JMeterThread: Stopping because end time detected by thread: Thread Group - until HTTP 503 - 288 users 1-201
2026-09-10 21:00:02,960 INFO o.a.j.t.JMeterThread: Thread finished: Thread Group - until HTTP 503 - 288 users 1-199
2026-09-10 21:00:02,960 INFO o.a.j.t.JMeterThread: Thread finished: Thread Group - until HTTP 503 - 288 users 1-201
2026-09-10 21:00:02,960 INFO o.a.j.t.JMeterThread: Stopping because end time detected by thread: Thread Group - until HTTP 503 - 288 users 1-217
2026-09-10 21:00:02,961 INFO o.a.j.t.JMeterThread: Thread finished: Thread Group - until HTTP 503 - 288 users 1-217
2026-09-10 21:00:02,961 INFO o.a.j.t.JMeterThread: Stopping because end time detected by thread: Thread Group - until HTTP 503 - 288 users 1-245
2026-09-10 21:00:02,960 INFO o.a.j.t.JMeterThread: Thread finished: Thread Group - until HTTP 503 - 288 users 1-38
2026-09-10 21:00:02,961 INFO o.a.j.t.JMeterThread: Stopping because end time detected by thread: Thread Group - until HTTP 503 - 288 users 1-24
2026-09-10 21:00:02,961 INFO o.a.j.t.JMeterThread: Thread finished: Thread Group - until HTTP 503 - 288 users 1-24
2026-09-10 21:00:02,961 INFO o.a.j.t.JMeterThread: Stopping because end time detected by thread: Thread Group - until HTTP 503 - 288 users 1-212
2026-09-10 21:00:02,961 INFO o.a.j.t.JMeterThread: Stopping because end time detected by thread: Thread Group - until HTTP 503 - 288 users 1-31
2026-09-10 21:00:02,961 INFO o.a.j.t.JMeterThread: Thread finished: Thread Group - until HTTP 503 - 288 users 1-31
2026-09-10 21:00:02,961 INFO o.a.j.t.JMeterThread: Stopping because end time detected by thread: Thread Group - until HTTP 503 - 288 users 1-241
2026-09-10 21:00:02,961 INFO o.a.j.t.JMeterThread: Stopping because end time detected by thread: Thread Group - until HTTP 503 - 288 users 1-249
2026-09-10 21:00:02,960 INFO o.a.j.t.JMeterThread: Stopping because end time detected by thread: Thread Group - until HTTP 503 - 288 users 1-252
2026-09-10 21:00:02,961 INFO o.a.j.t.JMeterThread: Thread finished: Thread Group - until HTTP 503 - 288 users 1-249
2026-09-10 21:00:02,961 INFO o.a.j.t.JMeterThread: Stopping because end time detected by thread: Thread Group - until HTTP 503 - 288 users 1-18
2026-09-10 21:00:02,961 INFO o.a.j.t.JMeterThread: Thread finished: Thread Group - until HTTP 503 - 288 users 1-18
2026-09-10 21:00:02,961 INFO o.a.j.t.JMeterThread: Stopping because end time detected by thread: Thread Group - until HTTP 503 - 288 users 1-16
2026-09-10 21:00:02,961 INFO o.a.j.t.JMeterThread: Thread finished: Thread Group - until HTTP 503 - 288 users 1-16
2026-09-10 21:00:02,961 INFO o.a.j.t.JMeterThread: Stopping because end time detected by thread: Thread Group - until HTTP 503 - 288 users 1-15
2026-09-10 21:00:02,961 INFO o.a.j.t.JMeterThread: Stopping because end time detected by thread: Thread Group - until HTTP 503 - 288 users 1-144
2026-09-10 21:00:02,961 INFO o.a.j.t.JMeterThread: Thread finished: Thread Group - until HTTP 503 - 288 users 1-144
2026-09-10 21:00:02,961 INFO o.a.j.t.JMeterThread: Stopping because end time detected by thread: Thread Group - until HTTP 503 - 288 users 1-227
2026-09-10 21:00:02,961 INFO o.a.j.t.JMeterThread: Stopping because end time detected by thread: Thread Group - until HTTP 503 - 288 users 1-165
2026-09-10 21:00:02,961 INFO o.a.j.t.JMeterThread: Thread finished: Thread Group - until HTTP 503 - 288 users 1-227
2026-09-10 21:00:02,961 INFO o.a.j.t.JMeterThread: Thread finished: Thread Group - until HTTP 503 - 288 users 1-165
2026-09-10 21:00:02,961 INFO o.a.j.t.JMeterThread: Stopping because end time detected by thread: Thread Group - until HTTP 503 - 288 users 1-185
2026-09-10 21:00:02,961 INFO o.a.j.t.JMeterThread: Stopping because end time detected by thread: Thread Group - until HTTP 503 - 288 users 1-238
2026-09-10 21:00:02,960 INFO o.a.j.t.JMeterThread: Stopping because end time detected by thread: Thread Group - until HTTP 503 - 288 users 1-53
2026-09-10 21:00:02,962 INFO o.a.j.t.JMeterThread: Stopping because end time detected by thread: Thread Group - until HTTP 503 - 288 users 1-228
2026-09-10 21:00:02,962 INFO o.a.j.t.JMeterThread: Thread finished: Thread Group - until HTTP 503 - 288 users 1-53
2026-09-10 21:00:02,962 INFO o.a.j.t.JMeterThread: Thread finished: Thread Group - until HTTP 503 - 288 users 1-228
2026-09-10 21:00:02,962 INFO o.a.j.t.JMeterThread: Stopping because end time detected by thread: Thread Group - until HTTP 503 - 288 users 1-247
2026-09-10 21:00:02,962 INFO o.a.j.t.JMeterThread: Thread finished: Thread Group - until HTTP 503 - 288 users 1-247
2026-09-10 21:00:02,962 INFO o.a.j.t.JMeterThread: Stopping because end time detected by thread: Thread Group - until HTTP 503 - 288 users 1-39
2026-09-10 21:00:02,962 INFO o.a.j.t.JMeterThread: Stopping because end time detected by thread: Thread Group - until HTTP 503 - 288 users 1-223
2026-09-10 21:00:02,962 INFO o.a.j.t.JMeterThread: Thread finished: Thread Group - until HTTP 503 - 288 users 1-223
2026-09-10 21:00:02,962 INFO o.a.j.t.JMeterThread: Thread finished: Thread Group - until HTTP 503 - 288 users 1-39
2026-09-10 21:00:02,962 INFO o.a.j.t.JMeterThread: Stopping because end time detected by thread: Thread Group - until HTTP 503 - 288 users 1-139
2026-09-10 21:00:02,962 INFO o.a.j.t.JMeterThread: Thread finished: Thread Group - until HTTP 503 - 288 users 1-139
2026-09-10 21:00:02,962 INFO o.a.j.t.JMeterThread: Stopping because end time detected by thread: Thread Group - until HTTP 503 - 288 users 1-219
2026-09-10 21:00:02,960 INFO o.a.j.t.JMeterThread: Stopping because end time detected by thread: Thread Group - until HTTP 503 - 288 users 1-254
2026-09-10 21:00:02,963 INFO o.a.j.t.JMeterThread: Thread finished: Thread Group - until HTTP 503 - 288 users 1-219
2026-09-10 21:00:02,963 INFO o.a.j.t.JMeterThread: Thread finished: Thread Group - until HTTP 503 - 288 users 1-254
2026-09-10 21:00:02,963 INFO o.a.j.t.JMeterThread: Stopping because end time detected by thread: Thread Group - until HTTP 503 - 288 users 1-48
2026-09-10 21:00:02,963 INFO o.a.j.t.JMeterThread: Thread finished: Thread Group - until HTTP 503 - 288 users 1-48
2026-09-10 21:00:02,963 INFO o.a.j.t.JMeterThread: Stopping because end time detected by thread: Thread Group - until HTTP 503 - 288 users 1-55
2026-09-10 21:00:02,963 INFO o.a.j.t.JMeterThread: Thread finished: Thread Group - until HTTP 503 - 288 users 1-55
2026-09-10 21:00:02,961 INFO o.a.j.t.JMeterThread: Stopping because end time detected by thread: Thread Group - until HTTP 503 - 288 users 1-246
2026-09-10 21:00:02,963 INFO o.a.j.t.JMeterThread: Stopping because end time detected by thread: Thread Group - until HTTP 503 - 288 users 1-273
2026-09-10 21:00:02,963 INFO o.a.j.t.JMeterThread: Thread finished: Thread Group - until HTTP 503 - 288 users 1-273
2026-09-10 21:00:02,963 INFO o.a.j.t.JMeterThread: Thread finished: Thread Group - until HTTP 503 - 288 users 1-246
2026-09-10 21:00:02,961 INFO o.a.j.t.JMeterThread: Thread finished: Thread Group - until HTTP 503 - 288 users 1-245
2026-09-10 21:00:02,963 INFO o.a.j.t.JMeterThread: Stopping because end time detected by thread: Thread Group - until HTTP 503 - 288 users 1-46
2026-09-10 21:00:02,961 INFO o.a.j.t.JMeterThread: Thread finished: Thread Group - until HTTP 503 - 288 users 1-212
2026-09-10 21:00:02,963 INFO o.a.j.t.JMeterThread: Thread finished: Thread Group - until HTTP 503 - 288 users 1-46
2026-09-10 21:00:02,961 INFO o.a.j.t.JMeterThread: Stopping because end time detected by thread: Thread Group - until HTTP 503 - 288 users 1-156
2026-09-10 21:00:02,963 INFO o.a.j.t.JMeterThread: Thread finished: Thread Group - until HTTP 503 - 288 users 1-156
2026-09-10 21:00:02,963 INFO o.a.j.t.JMeterThread: Stopping because end time detected by thread: Thread Group - until HTTP 503 - 288 users 1-171
2026-09-10 21:00:02,963 INFO o.a.j.t.JMeterThread: Stopping because end time detected by thread: Thread Group - until HTTP 503 - 288 users 1-184
2026-09-10 21:00:02,963 INFO o.a.j.t.JMeterThread: Thread finished: Thread Group - until HTTP 503 - 288 users 1-171
2026-09-10 21:00:02,961 INFO o.a.j.t.JMeterThread: Thread finished: Thread Group - until HTTP 503 - 288 users 1-241
2026-09-10 21:00:02,963 INFO o.a.j.t.JMeterThread: Thread finished: Thread Group - until HTTP 503 - 288 users 1-184
2026-09-10 21:00:02,961 INFO o.a.j.t.JMeterThread: Stopping because end time detected by thread: Thread Group - until HTTP 503 - 288 users 1-224
2026-09-10 21:00:02,961 INFO o.a.j.t.JMeterThread: Stopping because end time detected by thread: Thread Group - until HTTP 503 - 288 users 1-36
2026-09-10 21:00:02,963 INFO o.a.j.t.JMeterThread: Thread finished: Thread Group - until HTTP 503 - 288 users 1-224
2026-09-10 21:00:02,961 INFO o.a.j.t.JMeterThread: Thread finished: Thread Group - until HTTP 503 - 288 users 1-15
2026-09-10 21:00:02,961 INFO o.a.j.t.JMeterThread: Stopping because end time detected by thread: Thread Group - until HTTP 503 - 288 users 1-200
2026-09-10 21:00:02,961 INFO o.a.j.t.JMeterThread: Thread finished: Thread Group - until HTTP 503 - 288 users 1-185
2026-09-10 21:00:02,963 INFO o.a.j.t.JMeterThread: Stopping because end time detected by thread: Thread Group - until HTTP 503 - 288 users 1-170
2026-09-10 21:00:02,962 INFO o.a.j.t.JMeterThread: Thread finished: Thread Group - until HTTP 503 - 288 users 1-238
2026-09-10 21:00:02,963 INFO o.a.j.t.JMeterThread: Thread finished: Thread Group - until HTTP 503 - 288 users 1-170
2026-09-10 21:00:02,963 INFO o.a.j.t.JMeterThread: Stopping because end time detected by thread: Thread Group - until HTTP 503 - 288 users 1-207
2026-09-10 21:00:02,963 INFO o.a.j.t.JMeterThread: Thread finished: Thread Group - until HTTP 503 - 288 users 1-207
2026-09-10 21:00:02,962 INFO o.a.j.t.JMeterThread: Stopping because end time detected by thread: Thread Group - until HTTP 503 - 288 users 1-214
2026-09-10 21:00:02,963 INFO o.a.j.t.JMeterThread: Thread finished: Thread Group - until HTTP 503 - 288 users 1-214
2026-09-10 21:00:02,962 INFO o.a.j.t.JMeterThread: Stopping because end time detected by thread: Thread Group - until HTTP 503 - 288 users 1-250
2026-09-10 21:00:02,963 INFO o.a.j.t.JMeterThread: Stopping because end time detected by thread: Thread Group - until HTTP 503 - 288 users 1-210
2026-09-10 21:00:02,963 INFO o.a.j.t.JMeterThread: Stopping because end time detected by thread: Thread Group - until HTTP 503 - 288 users 1-2
2026-09-10 21:00:02,963 INFO o.a.j.t.JMeterThread: Stopping because end time detected by thread: Thread Group - until HTTP 503 - 288 users 1-225
2026-09-10 21:00:02,963 INFO o.a.j.t.JMeterThread: Thread finished: Thread Group - until HTTP 503 - 288 users 1-2
2026-09-10 21:00:02,963 INFO o.a.j.t.JMeterThread: Thread finished: Thread Group - until HTTP 503 - 288 users 1-225
2026-09-10 21:00:02,963 INFO o.a.j.t.JMeterThread: Stopping because end time detected by thread: Thread Group - until HTTP 503 - 288 users 1-43
2026-09-10 21:00:02,963 INFO o.a.j.t.JMeterThread: Thread finished: Thread Group - until HTTP 503 - 288 users 1-252
2026-09-10 21:00:02,963 INFO o.a.j.t.JMeterThread: Thread finished: Thread Group - until HTTP 503 - 288 users 1-36
2026-09-10 21:00:02,963 INFO o.a.j.t.JMeterThread: Thread finished: Thread Group - until HTTP 503 - 288 users 1-200
2026-09-10 21:00:02,963 INFO o.a.j.t.JMeterThread: Stopping because end time detected by thread: Thread Group - until HTTP 503 - 288 users 1-209
2026-09-10 21:00:02,964 INFO o.a.j.t.JMeterThread: Thread finished: Thread Group - until HTTP 503 - 288 users 1-209
2026-09-10 21:00:02,964 INFO o.a.j.t.JMeterThread: Thread finished: Thread Group - until HTTP 503 - 288 users 1-250
2026-09-10 21:00:02,963 INFO o.a.j.t.JMeterThread: Thread finished: Thread Group - until HTTP 503 - 288 users 1-210
2026-09-10 21:00:02,964 INFO o.a.j.t.JMeterThread: Thread finished: Thread Group - until HTTP 503 - 288 users 1-43
2026-09-10 21:00:02,964 INFO o.a.j.t.JMeterThread: Stopping because end time detected by thread: Thread Group - until HTTP 503 - 288 users 1-270
2026-09-10 21:00:02,964 INFO o.a.j.t.JMeterThread: Thread finished: Thread Group - until HTTP 503 - 288 users 1-270
2026-09-10 21:00:02,964 INFO o.a.j.t.JMeterThread: Stopping because end time detected by thread: Thread Group - until HTTP 503 - 288 users 1-159
2026-09-10 21:00:02,965 INFO o.a.j.t.JMeterThread: Stopping because end time detected by thread: Thread Group - until HTTP 503 - 288 users 1-28
2026-09-10 21:00:02,965 INFO o.a.j.t.JMeterThread: Stopping because end time detected by thread: Thread Group - until HTTP 503 - 288 users 1-160
2026-09-10 21:00:02,965 INFO o.a.j.t.JMeterThread: Thread finished: Thread Group - until HTTP 503 - 288 users 1-159
2026-09-10 21:00:02,965 INFO o.a.j.t.JMeterThread: Stopping because end time detected by thread: Thread Group - until HTTP 503 - 288 users 1-96
2026-09-10 21:00:02,965 INFO o.a.j.t.JMeterThread: Thread finished: Thread Group - until HTTP 503 - 288 users 1-160
2026-09-10 21:00:02,965 INFO o.a.j.t.JMeterThread: Stopping because end time detected by thread: Thread Group - until HTTP 503 - 288 users 1-80
2026-09-10 21:00:02,965 INFO o.a.j.t.JMeterThread: Thread finished: Thread Group - until HTTP 503 - 288 users 1-28
2026-09-10 21:00:02,965 INFO o.a.j.t.JMeterThread: Thread finished: Thread Group - until HTTP 503 - 288 users 1-96
2026-09-10 21:00:02,965 INFO o.a.j.t.JMeterThread: Thread finished: Thread Group - until HTTP 503 - 288 users 1-80
2026-09-10 21:00:02,966 INFO o.a.j.t.JMeterThread: Stopping because end time detected by thread: Thread Group - until HTTP 503 - 288 users 1-115
2026-09-10 21:00:02,966 INFO o.a.j.t.JMeterThread: Stopping because end time detected by thread: Thread Group - until HTTP 503 - 288 users 1-272
2026-09-10 21:00:02,966 INFO o.a.j.t.JMeterThread: Stopping because end time detected by thread: Thread Group - until HTTP 503 - 288 users 1-266
2026-09-10 21:00:02,966 INFO o.a.j.t.JMeterThread: Thread finished: Thread Group - until HTTP 503 - 288 users 1-115
2026-09-10 21:00:02,966 INFO o.a.j.t.JMeterThread: Stopping because end time detected by thread: Thread Group - until HTTP 503 - 288 users 1-34
2026-09-10 21:00:02,966 INFO o.a.j.t.JMeterThread: Thread finished: Thread Group - until HTTP 503 - 288 users 1-272
2026-09-10 21:00:02,966 INFO o.a.j.t.JMeterThread: Stopping because end time detected by thread: Thread Group - until HTTP 503 - 288 users 1-93
2026-09-10 21:00:02,966 INFO o.a.j.t.JMeterThread: Stopping because end time detected by thread: Thread Group - until HTTP 503 - 288 users 1-134
2026-09-10 21:00:02,966 INFO o.a.j.t.JMeterThread: Stopping because end time detected by thread: Thread Group - until HTTP 503 - 288 users 1-198
2026-09-10 21:00:02,966 INFO o.a.j.t.JMeterThread: Stopping because end time detected by thread: Thread Group - until HTTP 503 - 288 users 1-237
2026-09-10 21:00:02,966 INFO o.a.j.t.JMeterThread: Thread finished: Thread Group - until HTTP 503 - 288 users 1-198
2026-09-10 21:00:02,966 INFO o.a.j.t.JMeterThread: Thread finished: Thread Group - until HTTP 503 - 288 users 1-237
2026-09-10 21:00:02,966 INFO o.a.j.t.JMeterThread: Stopping because end time detected by thread: Thread Group - until HTTP 503 - 288 users 1-73
2026-09-10 21:00:02,966 INFO o.a.j.t.JMeterThread: Stopping because end time detected by thread: Thread Group - until HTTP 503 - 288 users 1-172
2026-09-10 21:00:02,966 INFO o.a.j.t.JMeterThread: Thread finished: Thread Group - until HTTP 503 - 288 users 1-34
2026-09-10 21:00:02,966 INFO o.a.j.t.JMeterThread: Thread finished: Thread Group - until HTTP 503 - 288 users 1-172
2026-09-10 21:00:02,966 INFO o.a.j.t.JMeterThread: Thread finished: Thread Group - until HTTP 503 - 288 users 1-93
2026-09-10 21:00:02,966 INFO o.a.j.t.JMeterThread: Thread finished: Thread Group - until HTTP 503 - 288 users 1-134
2026-09-10 21:00:02,966 INFO o.a.j.t.JMeterThread: Stopping because end time detected by thread: Thread Group - until HTTP 503 - 288 users 1-275
2026-09-10 21:00:02,966 INFO o.a.j.t.JMeterThread: Thread finished: Thread Group - until HTTP 503 - 288 users 1-73
2026-09-10 21:00:02,966 INFO o.a.j.t.JMeterThread: Thread finished: Thread Group - until HTTP 503 - 288 users 1-266
2026-09-10 21:00:02,966 INFO o.a.j.t.JMeterThread: Stopping because end time detected by thread: Thread Group - until HTTP 503 - 288 users 1-108
2026-09-10 21:00:02,966 INFO o.a.j.t.JMeterThread: Thread finished: Thread Group - until HTTP 503 - 288 users 1-275
2026-09-10 21:00:02,966 INFO o.a.j.t.JMeterThread: Thread finished: Thread Group - until HTTP 503 - 288 users 1-108
2026-09-10 21:00:05,337 INFO o.a.j.t.JMeterThread: Stopping because end time detected by thread: Thread Group - until HTTP 503 - 288 users 1-45
2026-09-10 21:00:05,337 INFO o.a.j.t.JMeterThread: Stopping because end time detected by thread: Thread Group - until HTTP 503 - 288 users 1-248
2026-09-10 21:00:05,338 INFO o.a.j.t.JMeterThread: Stopping because end time detected by thread: Thread Group - until HTTP 503 - 288 users 1-268
2026-09-10 21:00:05,338 INFO o.a.j.t.JMeterThread: Stopping because end time detected by thread: Thread Group - until HTTP 503 - 288 users 1-143
2026-09-10 21:00:05,338 INFO o.a.j.t.JMeterThread: Thread finished: Thread Group - until HTTP 503 - 288 users 1-45
2026-09-10 21:00:05,338 INFO o.a.j.t.JMeterThread: Thread finished: Thread Group - until HTTP 503 - 288 users 1-248
2026-09-10 21:00:05,338 INFO o.a.j.t.JMeterThread: Stopping because end time detected by thread: Thread Group - until HTTP 503 - 288 users 1-226
2026-09-10 21:00:05,338 INFO o.a.j.t.JMeterThread: Stopping because end time detected by thread: Thread Group - until HTTP 503 - 288 users 1-58
2026-09-10 21:00:05,338 INFO o.a.j.t.JMeterThread: Stopping because end time detected by thread: Thread Group - until HTTP 503 - 288 users 1-29
2026-09-10 21:00:05,338 INFO o.a.j.t.JMeterThread: Stopping because end time detected by thread: Thread Group - until HTTP 503 - 288 users 1-220
2026-09-10 21:00:05,337 INFO o.a.j.t.JMeterThread: Stopping because end time detected by thread: Thread Group - until HTTP 503 - 288 users 1-30
2026-09-10 21:00:05,337 INFO o.a.j.t.JMeterThread: Stopping because end time detected by thread: Thread Group - until HTTP 503 - 288 users 1-23
2026-09-10 21:00:05,338 INFO o.a.j.t.JMeterThread: Stopping because end time detected by thread: Thread Group - until HTTP 503 - 288 users 1-267
2026-09-10 21:00:05,338 INFO o.a.j.t.JMeterThread: Thread finished: Thread Group - until HTTP 503 - 288 users 1-23
2026-09-10 21:00:05,338 INFO o.a.j.t.JMeterThread: Thread finished: Thread Group - until HTTP 503 - 288 users 1-267
2026-09-10 21:00:05,338 INFO o.a.j.t.JMeterThread: Stopping because end time detected by thread: Thread Group - until HTTP 503 - 288 users 1-32
2026-09-10 21:00:05,339 INFO o.a.j.t.JMeterThread: Stopping because end time detected by thread: Thread Group - until HTTP 503 - 288 users 1-167
2026-09-10 21:00:05,339 INFO o.a.j.t.JMeterThread: Thread finished: Thread Group - until HTTP 503 - 288 users 1-167
2026-09-10 21:00:05,337 INFO o.a.j.t.JMeterThread: Stopping because end time detected by thread: Thread Group - until HTTP 503 - 288 users 1-71
2026-09-10 21:00:05,339 INFO o.a.j.t.JMeterThread: Stopping because end time detected by thread: Thread Group - until HTTP 503 - 288 users 1-153
2026-09-10 21:00:05,337 INFO o.a.j.t.JMeterThread: Stopping because end time detected by thread: Thread Group - until HTTP 503 - 288 users 1-222
2026-09-10 21:00:05,339 INFO o.a.j.t.JMeterThread: Thread finished: Thread Group - until HTTP 503 - 288 users 1-71
2026-09-10 21:00:05,338 INFO o.a.j.t.JMeterThread: Thread finished: Thread Group - until HTTP 503 - 288 users 1-268
2026-09-10 21:00:05,339 INFO o.a.j.t.JMeterThread: Thread finished: Thread Group - until HTTP 503 - 288 users 1-222
2026-09-10 21:00:05,338 INFO o.a.j.t.JMeterThread: Thread finished: Thread Group - until HTTP 503 - 288 users 1-143
2026-09-10 21:00:05,339 INFO o.a.j.t.JMeterThread: Stopping because end time detected by thread: Thread Group - until HTTP 503 - 288 users 1-149
2026-09-10 21:00:05,338 INFO o.a.j.t.JMeterThread: Thread finished: Thread Group - until HTTP 503 - 288 users 1-226
2026-09-10 21:00:05,338 INFO o.a.j.t.JMeterThread: Thread finished: Thread Group - until HTTP 503 - 288 users 1-58
2026-09-10 21:00:05,338 INFO o.a.j.t.JMeterThread: Thread finished: Thread Group - until HTTP 503 - 288 users 1-29
2026-09-10 21:00:05,338 INFO o.a.j.t.JMeterThread: Thread finished: Thread Group - until HTTP 503 - 288 users 1-220
2026-09-10 21:00:05,341 INFO o.a.j.t.JMeterThread: Stopping because end time detected by thread: Thread Group - until HTTP 503 - 288 users 1-132
2026-09-10 21:00:05,338 INFO o.a.j.t.JMeterThread: Stopping because end time detected by thread: Thread Group - until HTTP 503 - 288 users 1-40
2026-09-10 21:00:05,341 INFO o.a.j.t.JMeterThread: Thread finished: Thread Group - until HTTP 503 - 288 users 1-132
2026-09-10 21:00:05,341 INFO o.a.j.t.JMeterThread: Thread finished: Thread Group - until HTTP 503 - 288 users 1-40
2026-09-10 21:00:05,338 INFO o.a.j.t.JMeterThread: Thread finished: Thread Group - until HTTP 503 - 288 users 1-30
2026-09-10 21:00:05,339 INFO o.a.j.t.JMeterThread: Thread finished: Thread Group - until HTTP 503 - 288 users 1-32
2026-09-10 21:00:05,339 INFO o.a.j.t.JMeterThread: Thread finished: Thread Group - until HTTP 503 - 288 users 1-153
2026-09-10 21:00:05,342 INFO o.a.j.t.JMeterThread: Stopping because end time detected by thread: Thread Group - until HTTP 503 - 288 users 1-99
2026-09-10 21:00:05,340 INFO o.a.j.t.JMeterThread: Thread finished: Thread Group - until HTTP 503 - 288 users 1-149
2026-09-10 21:00:05,340 INFO o.a.j.t.JMeterThread: Stopping because end time detected by thread: Thread Group - until HTTP 503 - 288 users 1-271
2026-09-10 21:00:05,342 INFO o.a.j.t.JMeterThread: Thread finished: Thread Group - until HTTP 503 - 288 users 1-271
2026-09-10 21:00:05,342 INFO o.a.j.t.JMeterThread: Stopping because end time detected by thread: Thread Group - until HTTP 503 - 288 users 1-112
2026-09-10 21:00:05,343 INFO o.a.j.t.JMeterThread: Thread finished: Thread Group - until HTTP 503 - 288 users 1-99
2026-09-10 21:00:05,343 INFO o.a.j.t.JMeterThread: Thread finished: Thread Group - until HTTP 503 - 288 users 1-112
2026-09-10 21:00:05,343 INFO o.a.j.t.JMeterThread: Stopping because end time detected by thread: Thread Group - until HTTP 503 - 288 users 1-75
2026-09-10 21:00:05,343 INFO o.a.j.t.JMeterThread: Thread finished: Thread Group - until HTTP 503 - 288 users 1-75
2026-09-10 21:00:05,343 INFO o.a.j.t.JMeterThread: Stopping because end time detected by thread: Thread Group - until HTTP 503 - 288 users 1-130
2026-09-10 21:00:05,343 INFO o.a.j.t.JMeterThread: Thread finished: Thread Group - until HTTP 503 - 288 users 1-130
2026-09-10 21:00:05,343 INFO o.a.j.t.JMeterThread: Stopping because end time detected by thread: Thread Group - until HTTP 503 - 288 users 1-33
2026-09-10 21:00:05,343 INFO o.a.j.t.JMeterThread: Stopping because end time detected by thread: Thread Group - until HTTP 503 - 288 users 1-269
2026-09-10 21:00:05,343 INFO o.a.j.t.JMeterThread: Thread finished: Thread Group - until HTTP 503 - 288 users 1-33
2026-09-10 21:00:05,343 INFO o.a.j.t.JMeterThread: Stopping because end time detected by thread: Thread Group - until HTTP 503 - 288 users 1-51
2026-09-10 21:00:05,343 INFO o.a.j.t.JMeterThread: Stopping because end time detected by thread: Thread Group - until HTTP 503 - 288 users 1-274
2026-09-10 21:00:05,343 INFO o.a.j.t.JMeterThread: Thread finished: Thread Group - until HTTP 503 - 288 users 1-51
2026-09-10 21:00:05,343 INFO o.a.j.t.JMeterThread: Stopping because end time detected by thread: Thread Group - until HTTP 503 - 288 users 1-117
2026-09-10 21:00:05,343 INFO o.a.j.t.JMeterThread: Thread finished: Thread Group - until HTTP 503 - 288 users 1-269
2026-09-10 21:00:05,343 INFO o.a.j.t.JMeterThread: Thread finished: Thread Group - until HTTP 503 - 288 users 1-274
2026-09-10 21:00:05,343 INFO o.a.j.t.JMeterThread: Stopping because end time detected by thread: Thread Group - until HTTP 503 - 288 users 1-89
2026-09-10 21:00:05,343 INFO o.a.j.t.JMeterThread: Thread finished: Thread Group - until HTTP 503 - 288 users 1-89
2026-09-10 21:00:05,343 INFO o.a.j.t.JMeterThread: Stopping because end time detected by thread: Thread Group - until HTTP 503 - 288 users 1-205
2026-09-10 21:00:05,343 INFO o.a.j.t.JMeterThread: Thread finished: Thread Group - until HTTP 503 - 288 users 1-117
2026-09-10 21:00:05,343 INFO o.a.j.t.JMeterThread: Thread finished: Thread Group - until HTTP 503 - 288 users 1-205
2026-09-10 21:00:05,343 INFO o.a.j.t.JMeterThread: Stopping because end time detected by thread: Thread Group - until HTTP 503 - 288 users 1-110
2026-09-10 21:00:05,344 INFO o.a.j.t.JMeterThread: Thread finished: Thread Group - until HTTP 503 - 288 users 1-110
2026-09-10 21:00:05,344 INFO o.a.j.t.JMeterThread: Stopping because end time detected by thread: Thread Group - until HTTP 503 - 288 users 1-111
2026-09-10 21:00:05,344 INFO o.a.j.t.JMeterThread: Thread finished: Thread Group - until HTTP 503 - 288 users 1-111
2026-09-10 21:00:05,344 INFO o.a.j.t.JMeterThread: Stopping because end time detected by thread: Thread Group - until HTTP 503 - 288 users 1-150
2026-09-10 21:00:05,344 INFO o.a.j.t.JMeterThread: Thread finished: Thread Group - until HTTP 503 - 288 users 1-150
2026-09-10 21:00:05,344 INFO o.a.j.t.JMeterThread: Stopping because end time detected by thread: Thread Group - until HTTP 503 - 288 users 1-278
2026-09-10 21:00:05,344 INFO o.a.j.t.JMeterThread: Stopping because end time detected by thread: Thread Group - until HTTP 503 - 288 users 1-282
2026-09-10 21:00:05,345 INFO o.a.j.t.JMeterThread: Thread finished: Thread Group - until HTTP 503 - 288 users 1-278
2026-09-10 21:00:05,345 INFO o.a.j.t.JMeterThread: Stopping because end time detected by thread: Thread Group - until HTTP 503 - 288 users 1-120
2026-09-10 21:00:05,345 INFO o.a.j.t.JMeterThread: Stopping because end time detected by thread: Thread Group - until HTTP 503 - 288 users 1-179
2026-09-10 21:00:05,345 INFO o.a.j.t.JMeterThread: Stopping because end time detected by thread: Thread Group - until HTTP 503 - 288 users 1-151
2026-09-10 21:00:05,345 INFO o.a.j.t.JMeterThread: Thread finished: Thread Group - until HTTP 503 - 288 users 1-179
2026-09-10 21:00:05,345 INFO o.a.j.t.JMeterThread: Stopping because end time detected by thread: Thread Group - until HTTP 503 - 288 users 1-152
2026-09-10 21:00:05,345 INFO o.a.j.t.JMeterThread: Thread finished: Thread Group - until HTTP 503 - 288 users 1-282
2026-09-10 21:00:05,345 INFO o.a.j.t.JMeterThread: Thread finished: Thread Group - until HTTP 503 - 288 users 1-120
2026-09-10 21:00:05,345 INFO o.a.j.t.JMeterThread: Stopping because end time detected by thread: Thread Group - until HTTP 503 - 288 users 1-69
2026-09-10 21:00:05,345 INFO o.a.j.t.JMeterThread: Thread finished: Thread Group - until HTTP 503 - 288 users 1-151
2026-09-10 21:00:05,345 INFO o.a.j.t.JMeterThread: Thread finished: Thread Group - until HTTP 503 - 288 users 1-69
2026-09-10 21:00:05,345 INFO o.a.j.t.JMeterThread: Stopping because end time detected by thread: Thread Group - until HTTP 503 - 288 users 1-161
2026-09-10 21:00:05,345 INFO o.a.j.t.JMeterThread: Stopping because end time detected by thread: Thread Group - until HTTP 503 - 288 users 1-218
2026-09-10 21:00:05,345 INFO o.a.j.t.JMeterThread: Thread finished: Thread Group - until HTTP 503 - 288 users 1-152
2026-09-10 21:00:05,345 INFO o.a.j.t.JMeterThread: Stopping because end time detected by thread: Thread Group - until HTTP 503 - 288 users 1-155
2026-09-10 21:00:05,345 INFO o.a.j.t.JMeterThread: Thread finished: Thread Group - until HTTP 503 - 288 users 1-218
2026-09-10 21:00:05,345 INFO o.a.j.t.JMeterThread: Thread finished: Thread Group - until HTTP 503 - 288 users 1-161
2026-09-10 21:00:05,345 INFO o.a.j.t.JMeterThread: Thread finished: Thread Group - until HTTP 503 - 288 users 1-155
2026-09-10 21:00:05,345 INFO o.a.j.t.JMeterThread: Stopping because end time detected by thread: Thread Group - until HTTP 503 - 288 users 1-162
2026-09-10 21:00:05,345 INFO o.a.j.t.JMeterThread: Thread finished: Thread Group - until HTTP 503 - 288 users 1-162
2026-09-10 21:00:05,345 INFO o.a.j.t.JMeterThread: Stopping because end time detected by thread: Thread Group - until HTTP 503 - 288 users 1-169
2026-09-10 21:00:05,345 INFO o.a.j.t.JMeterThread: Thread finished: Thread Group - until HTTP 503 - 288 users 1-169
2026-09-10 21:00:05,345 INFO o.a.j.t.JMeterThread: Stopping because end time detected by thread: Thread Group - until HTTP 503 - 288 users 1-182
2026-09-10 21:00:05,345 INFO o.a.j.t.JMeterThread: Stopping because end time detected by thread: Thread Group - until HTTP 503 - 288 users 1-183
2026-09-10 21:00:05,345 INFO o.a.j.t.JMeterThread: Thread finished: Thread Group - until HTTP 503 - 288 users 1-182
2026-09-10 21:00:05,345 INFO o.a.j.t.JMeterThread: Thread finished: Thread Group - until HTTP 503 - 288 users 1-183
2026-09-10 21:00:05,345 INFO o.a.j.t.JMeterThread: Stopping because end time detected by thread: Thread Group - until HTTP 503 - 288 users 1-188
2026-09-10 21:00:05,345 INFO o.a.j.t.JMeterThread: Stopping because end time detected by thread: Thread Group - until HTTP 503 - 288 users 1-187
2026-09-10 21:00:05,345 INFO o.a.j.t.JMeterThread: Thread finished: Thread Group - until HTTP 503 - 288 users 1-188
2026-09-10 21:00:05,345 INFO o.a.j.t.JMeterThread: Thread finished: Thread Group - until HTTP 503 - 288 users 1-187
2026-09-10 21:00:05,345 INFO o.a.j.t.JMeterThread: Stopping because end time detected by thread: Thread Group - until HTTP 503 - 288 users 1-197
2026-09-10 21:00:05,346 INFO o.a.j.t.JMeterThread: Thread finished: Thread Group - until HTTP 503 - 288 users 1-197
2026-09-10 21:00:05,346 INFO o.a.j.t.JMeterThread: Stopping because end time detected by thread: Thread Group - until HTTP 503 - 288 users 1-206
2026-09-10 21:00:05,346 INFO o.a.j.t.JMeterThread: Stopping because end time detected by thread: Thread Group - until HTTP 503 - 288 users 1-203
2026-09-10 21:00:05,346 INFO o.a.j.t.JMeterThread: Thread finished: Thread Group - until HTTP 503 - 288 users 1-206
2026-09-10 21:00:05,346 INFO o.a.j.t.JMeterThread: Stopping because end time detected by thread: Thread Group - until HTTP 503 - 288 users 1-215
2026-09-10 21:00:05,346 INFO o.a.j.t.JMeterThread: Thread finished: Thread Group - until HTTP 503 - 288 users 1-203
2026-09-10 21:00:05,346 INFO o.a.j.t.JMeterThread: Stopping because end time detected by thread: Thread Group - until HTTP 503 - 288 users 1-230
2026-09-10 21:00:05,346 INFO o.a.j.t.JMeterThread: Thread finished: Thread Group - until HTTP 503 - 288 users 1-215
2026-09-10 21:00:05,346 INFO o.a.j.t.JMeterThread: Thread finished: Thread Group - until HTTP 503 - 288 users 1-230
2026-09-10 21:00:05,346 INFO o.a.j.t.JMeterThread: Stopping because end time detected by thread: Thread Group - until HTTP 503 - 288 users 1-236
2026-09-10 21:00:05,346 INFO o.a.j.t.JMeterThread: Thread finished: Thread Group - until HTTP 503 - 288 users 1-236
2026-09-10 21:00:05,346 INFO o.a.j.t.JMeterThread: Stopping because end time detected by thread: Thread Group - until HTTP 503 - 288 users 1-240
2026-09-10 21:00:05,346 INFO o.a.j.t.JMeterThread: Stopping because end time detected by thread: Thread Group - until HTTP 503 - 288 users 1-234
2026-09-10 21:00:05,346 INFO o.a.j.t.JMeterThread: Stopping because end time detected by thread: Thread Group - until HTTP 503 - 288 users 1-235
2026-09-10 21:00:05,346 INFO o.a.j.t.JMeterThread: Thread finished: Thread Group - until HTTP 503 - 288 users 1-240
2026-09-10 21:00:05,346 INFO o.a.j.t.JMeterThread: Thread finished: Thread Group - until HTTP 503 - 288 users 1-234
2026-09-10 21:00:05,346 INFO o.a.j.t.JMeterThread: Thread finished: Thread Group - until HTTP 503 - 288 users 1-235
2026-09-10 21:00:05,346 INFO o.a.j.t.JMeterThread: Stopping because end time detected by thread: Thread Group - until HTTP 503 - 288 users 1-239
2026-09-10 21:00:05,346 INFO o.a.j.t.JMeterThread: Thread finished: Thread Group - until HTTP 503 - 288 users 1-239
2026-09-10 21:00:05,346 INFO o.a.j.t.JMeterThread: Stopping because end time detected by thread: Thread Group - until HTTP 503 - 288 users 1-244
2026-09-10 21:00:05,346 INFO o.a.j.t.JMeterThread: Thread finished: Thread Group - until HTTP 503 - 288 users 1-244
2026-09-10 21:00:05,346 INFO o.a.j.t.JMeterThread: Stopping because end time detected by thread: Thread Group - until HTTP 503 - 288 users 1-148
2026-09-10 21:00:05,346 INFO o.a.j.t.JMeterThread: Thread finished: Thread Group - until HTTP 503 - 288 users 1-148
2026-09-10 21:00:05,348 INFO o.a.j.t.JMeterThread: Stopping because end time detected by thread: Thread Group - until HTTP 503 - 288 users 1-255
2026-09-10 21:00:05,348 INFO o.a.j.t.JMeterThread: Stopping because end time detected by thread: Thread Group - until HTTP 503 - 288 users 1-94
2026-09-10 21:00:05,348 INFO o.a.j.t.JMeterThread: Stopping because end time detected by thread: Thread Group - until HTTP 503 - 288 users 1-86
2026-09-10 21:00:05,348 INFO o.a.j.t.JMeterThread: Thread finished: Thread Group - until HTTP 503 - 288 users 1-255
2026-09-10 21:00:05,348 INFO o.a.j.t.JMeterThread: Thread finished: Thread Group - until HTTP 503 - 288 users 1-86
2026-09-10 21:00:05,348 INFO o.a.j.t.JMeterThread: Stopping because end time detected by thread: Thread Group - until HTTP 503 - 288 users 1-257
2026-09-10 21:00:05,348 INFO o.a.j.t.JMeterThread: Stopping because end time detected by thread: Thread Group - until HTTP 503 - 288 users 1-104
2026-09-10 21:00:05,348 INFO o.a.j.t.JMeterThread: Thread finished: Thread Group - until HTTP 503 - 288 users 1-257
2026-09-10 21:00:05,348 INFO o.a.j.t.JMeterThread: Thread finished: Thread Group - until HTTP 503 - 288 users 1-104
2026-09-10 21:00:05,346 INFO o.a.j.t.JMeterThread: Stopping because end time detected by thread: Thread Group - until HTTP 503 - 288 users 1-221
2026-09-10 21:00:05,348 INFO o.a.j.t.JMeterThread: Stopping because end time detected by thread: Thread Group - until HTTP 503 - 288 users 1-147
2026-09-10 21:00:05,348 INFO o.a.j.t.JMeterThread: Thread finished: Thread Group - until HTTP 503 - 288 users 1-147
2026-09-10 21:00:05,348 INFO o.a.j.t.JMeterThread: Stopping because end time detected by thread: Thread Group - until HTTP 503 - 288 users 1-173
2026-09-10 21:00:05,348 INFO o.a.j.t.JMeterThread: Stopping because end time detected by thread: Thread Group - until HTTP 503 - 288 users 1-281
2026-09-10 21:00:05,348 INFO o.a.j.t.JMeterThread: Stopping because end time detected by thread: Thread Group - until HTTP 503 - 288 users 1-258
2026-09-10 21:00:05,348 INFO o.a.j.t.JMeterThread: Thread finished: Thread Group - until HTTP 503 - 288 users 1-281
2026-09-10 21:00:05,348 INFO o.a.j.t.JMeterThread: Stopping because end time detected by thread: Thread Group - until HTTP 503 - 288 users 1-262
2026-09-10 21:00:05,348 INFO o.a.j.t.JMeterThread: Thread finished: Thread Group - until HTTP 503 - 288 users 1-221
2026-09-10 21:00:05,348 INFO o.a.j.t.JMeterThread: Thread finished: Thread Group - until HTTP 503 - 288 users 1-173
2026-09-10 21:00:05,348 INFO o.a.j.t.JMeterThread: Thread finished: Thread Group - until HTTP 503 - 288 users 1-94
2026-09-10 21:00:05,348 INFO o.a.j.t.JMeterThread: Thread finished: Thread Group - until HTTP 503 - 288 users 1-258
2026-09-10 21:00:05,348 INFO o.a.j.t.JMeterThread: Stopping because end time detected by thread: Thread Group - until HTTP 503 - 288 users 1-204
2026-09-10 21:00:05,348 INFO o.a.j.t.JMeterThread: Thread finished: Thread Group - until HTTP 503 - 288 users 1-204
2026-09-10 21:00:05,348 INFO o.a.j.t.JMeterThread: Thread finished: Thread Group - until HTTP 503 - 288 users 1-262
2026-09-10 21:00:05,348 INFO o.a.j.t.JMeterThread: Stopping because end time detected by thread: Thread Group - until HTTP 503 - 288 users 1-211
2026-09-10 21:00:05,348 INFO o.a.j.t.JMeterThread: Thread finished: Thread Group - until HTTP 503 - 288 users 1-211
2026-09-10 21:00:05,348 INFO o.a.j.t.JMeterThread: Stopping because end time detected by thread: Thread Group - until HTTP 503 - 288 users 1-68
2026-09-10 21:00:05,348 INFO o.a.j.t.JMeterThread: Stopping because end time detected by thread: Thread Group - until HTTP 503 - 288 users 1-213
2026-09-10 21:00:05,348 INFO o.a.j.t.JMeterThread: Thread finished: Thread Group - until HTTP 503 - 288 users 1-68
2026-09-10 21:00:05,348 INFO o.a.j.t.JMeterThread: Stopping because end time detected by thread: Thread Group - until HTTP 503 - 288 users 1-229
2026-09-10 21:00:05,348 INFO o.a.j.t.JMeterThread: Stopping because end time detected by thread: Thread Group - until HTTP 503 - 288 users 1-231
2026-09-10 21:00:05,348 INFO o.a.j.t.JMeterThread: Stopping because end time detected by thread: Thread Group - until HTTP 503 - 288 users 1-37
2026-09-10 21:00:05,348 INFO o.a.j.t.JMeterThread: Thread finished: Thread Group - until HTTP 503 - 288 users 1-213
2026-09-10 21:00:05,348 INFO o.a.j.t.JMeterThread: Thread finished: Thread Group - until HTTP 503 - 288 users 1-229
2026-09-10 21:00:05,348 INFO o.a.j.t.JMeterThread: Thread finished: Thread Group - until HTTP 503 - 288 users 1-231
2026-09-10 21:00:05,348 INFO o.a.j.t.JMeterThread: Thread finished: Thread Group - until HTTP 503 - 288 users 1-37
2026-09-10 21:00:05,349 INFO o.a.j.t.JMeterThread: Stopping because end time detected by thread: Thread Group - until HTTP 503 - 288 users 1-242
2026-09-10 21:00:05,349 INFO o.a.j.t.JMeterThread: Thread finished: Thread Group - until HTTP 503 - 288 users 1-242
2026-09-10 21:00:06,348 INFO o.a.j.t.JMeterThread: Stopping because end time detected by thread: Thread Group - until HTTP 503 - 288 users 1-64
2026-09-10 21:00:06,348 INFO o.a.j.t.JMeterThread: Stopping because end time detected by thread: Thread Group - until HTTP 503 - 288 users 1-124
2026-09-10 21:00:06,348 INFO o.a.j.t.JMeterThread: Thread finished: Thread Group - until HTTP 503 - 288 users 1-64
2026-09-10 21:00:06,348 INFO o.a.j.t.JMeterThread: Stopping because end time detected by thread: Thread Group - until HTTP 503 - 288 users 1-284
2026-09-10 21:00:06,348 INFO o.a.j.t.JMeterThread: Thread finished: Thread Group - until HTTP 503 - 288 users 1-284
2026-09-10 21:00:06,348 INFO o.a.j.t.JMeterThread: Stopping because end time detected by thread: Thread Group - until HTTP 503 - 288 users 1-174
2026-09-10 21:00:06,348 INFO o.a.j.t.JMeterThread: Stopping because end time detected by thread: Thread Group - until HTTP 503 - 288 users 1-178
2026-09-10 21:00:06,348 INFO o.a.j.t.JMeterThread: Thread finished: Thread Group - until HTTP 503 - 288 users 1-174
2026-09-10 21:00:06,348 INFO o.a.j.t.JMeterThread: Thread finished: Thread Group - until HTTP 503 - 288 users 1-178
2026-09-10 21:00:06,348 INFO o.a.j.t.JMeterThread: Stopping because end time detected by thread: Thread Group - until HTTP 503 - 288 users 1-41
2026-09-10 21:00:06,348 INFO o.a.j.t.JMeterThread: Thread finished: Thread Group - until HTTP 503 - 288 users 1-41
2026-09-10 21:00:06,348 INFO o.a.j.t.JMeterThread: Stopping because end time detected by thread: Thread Group - until HTTP 503 - 288 users 1-285
2026-09-10 21:00:06,348 INFO o.a.j.t.JMeterThread: Stopping because end time detected by thread: Thread Group - until HTTP 503 - 288 users 1-54
2026-09-10 21:00:06,348 INFO o.a.j.t.JMeterThread: Stopping because end time detected by thread: Thread Group - until HTTP 503 - 288 users 1-158
2026-09-10 21:00:06,348 INFO o.a.j.t.JMeterThread: Thread finished: Thread Group - until HTTP 503 - 288 users 1-124
2026-09-10 21:00:06,348 INFO o.a.j.t.JMeterThread: Stopping because end time detected by thread: Thread Group - until HTTP 503 - 288 users 1-233
2026-09-10 21:00:06,348 INFO o.a.j.t.JMeterThread: Stopping because end time detected by thread: Thread Group - until HTTP 503 - 288 users 1-196
2026-09-10 21:00:06,348 INFO o.a.j.t.JMeterThread: Thread finished: Thread Group - until HTTP 503 - 288 users 1-233
2026-09-10 21:00:06,348 INFO o.a.j.t.JMeterThread: Thread finished: Thread Group - until HTTP 503 - 288 users 1-285
2026-09-10 21:00:06,348 INFO o.a.j.t.JMeterThread: Stopping because end time detected by thread: Thread Group - until HTTP 503 - 288 users 1-264
2026-09-10 21:00:06,348 INFO o.a.j.t.JMeterThread: Thread finished: Thread Group - until HTTP 503 - 288 users 1-264
2026-09-10 21:00:06,349 INFO o.a.j.t.JMeterThread: Thread finished: Thread Group - until HTTP 503 - 288 users 1-158
2026-09-10 21:00:06,348 INFO o.a.j.t.JMeterThread: Thread finished: Thread Group - until HTTP 503 - 288 users 1-54
2026-09-10 21:00:06,348 INFO o.a.j.t.JMeterThread: Stopping because end time detected by thread: Thread Group - until HTTP 503 - 288 users 1-260
2026-09-10 21:00:06,348 INFO o.a.j.t.JMeterThread: Thread finished: Thread Group - until HTTP 503 - 288 users 1-196
2026-09-10 21:00:06,349 INFO o.a.j.t.JMeterThread: Thread finished: Thread Group - until HTTP 503 - 288 users 1-260
2026-09-10 21:00:06,349 INFO o.a.j.t.JMeterThread: Stopping because end time detected by thread: Thread Group - until HTTP 503 - 288 users 1-92
2026-09-10 21:00:06,349 INFO o.a.j.t.JMeterThread: Stopping because end time detected by thread: Thread Group - until HTTP 503 - 288 users 1-128
2026-09-10 21:00:06,349 INFO o.a.j.t.JMeterThread: Thread finished: Thread Group - until HTTP 503 - 288 users 1-92
2026-09-10 21:00:06,349 INFO o.a.j.t.JMeterThread: Thread finished: Thread Group - until HTTP 503 - 288 users 1-128
2026-09-10 21:00:06,349 INFO o.a.j.t.JMeterThread: Stopping because end time detected by thread: Thread Group - until HTTP 503 - 288 users 1-98
2026-09-10 21:00:06,350 INFO o.a.j.t.JMeterThread: Stopping because end time detected by thread: Thread Group - until HTTP 503 - 288 users 1-107
2026-09-10 21:00:06,350 INFO o.a.j.t.JMeterThread: Stopping because end time detected by thread: Thread Group - until HTTP 503 - 288 users 1-261
2026-09-10 21:00:06,350 INFO o.a.j.t.JMeterThread: Thread finished: Thread Group - until HTTP 503 - 288 users 1-98
2026-09-10 21:00:06,350 INFO o.a.j.t.JMeterThread: Thread finished: Thread Group - until HTTP 503 - 288 users 1-261
2026-09-10 21:00:06,350 INFO o.a.j.t.JMeterThread: Thread finished: Thread Group - until HTTP 503 - 288 users 1-107
2026-09-10 21:00:06,350 INFO o.a.j.t.JMeterThread: Stopping because end time detected by thread: Thread Group - until HTTP 503 - 288 users 1-119
2026-09-10 21:00:06,350 INFO o.a.j.t.JMeterThread: Thread finished: Thread Group - until HTTP 503 - 288 users 1-119
2026-09-10 21:00:06,350 INFO o.a.j.t.JMeterThread: Stopping because end time detected by thread: Thread Group - until HTTP 503 - 288 users 1-63
2026-09-10 21:00:06,350 INFO o.a.j.t.JMeterThread: Stopping because end time detected by thread: Thread Group - until HTTP 503 - 288 users 1-287
2026-09-10 21:00:06,350 INFO o.a.j.t.JMeterThread: Stopping because end time detected by thread: Thread Group - until HTTP 503 - 288 users 1-116
2026-09-10 21:00:06,350 INFO o.a.j.t.JMeterThread: Thread finished: Thread Group - until HTTP 503 - 288 users 1-63
2026-09-10 21:00:06,350 INFO o.a.j.t.JMeterThread: Thread finished: Thread Group - until HTTP 503 - 288 users 1-287
2026-09-10 21:00:06,350 INFO o.a.j.t.JMeterThread: Thread finished: Thread Group - until HTTP 503 - 288 users 1-116
2026-09-10 21:00:06,350 INFO o.a.j.t.JMeterThread: Stopping because end time detected by thread: Thread Group - until HTTP 503 - 288 users 1-138
2026-09-10 21:00:06,350 INFO o.a.j.t.JMeterThread: Stopping because end time detected by thread: Thread Group - until HTTP 503 - 288 users 1-288
2026-09-10 21:00:06,350 INFO o.a.j.t.JMeterThread: Stopping because end time detected by thread: Thread Group - until HTTP 503 - 288 users 1-256
2026-09-10 21:00:06,350 INFO o.a.j.t.JMeterThread: Thread finished: Thread Group - until HTTP 503 - 288 users 1-138
2026-09-10 21:00:06,350 INFO o.a.j.t.JMeterThread: Thread finished: Thread Group - until HTTP 503 - 288 users 1-256
2026-09-10 21:00:06,350 INFO o.a.j.t.JMeterThread: Thread finished: Thread Group - until HTTP 503 - 288 users 1-288
2026-09-10 21:00:06,350 INFO o.a.j.t.JMeterThread: Stopping because end time detected by thread: Thread Group - until HTTP 503 - 288 users 1-12
2026-09-10 21:00:06,350 INFO o.a.j.t.JMeterThread: Thread finished: Thread Group - until HTTP 503 - 288 users 1-12
2026-09-10 21:00:06,350 INFO o.a.j.t.JMeterThread: Stopping because end time detected by thread: Thread Group - until HTTP 503 - 288 users 1-49
2026-09-10 21:00:06,350 INFO o.a.j.t.JMeterThread: Thread finished: Thread Group - until HTTP 503 - 288 users 1-49
2026-09-10 21:00:06,350 INFO o.a.j.t.JMeterThread: Stopping because end time detected by thread: Thread Group - until HTTP 503 - 288 users 1-243
2026-09-10 21:00:06,350 INFO o.a.j.t.JMeterThread: Thread finished: Thread Group - until HTTP 503 - 288 users 1-243
2026-09-10 21:00:06,351 INFO o.a.j.t.JMeterThread: Stopping because end time detected by thread: Thread Group - until HTTP 503 - 288 users 1-253
2026-09-10 21:00:06,351 INFO o.a.j.t.JMeterThread: Stopping because end time detected by thread: Thread Group - until HTTP 503 - 288 users 1-114
2026-09-10 21:00:06,351 INFO o.a.j.t.JMeterThread: Thread finished: Thread Group - until HTTP 503 - 288 users 1-253
2026-09-10 21:00:06,351 INFO o.a.j.t.JMeterThread: Stopping because end time detected by thread: Thread Group - until HTTP 503 - 288 users 1-181
2026-09-10 21:00:06,351 INFO o.a.j.t.JMeterThread: Thread finished: Thread Group - until HTTP 503 - 288 users 1-181
2026-09-10 21:00:06,351 INFO o.a.j.t.JMeterThread: Thread finished: Thread Group - until HTTP 503 - 288 users 1-114
2026-09-10 21:00:06,351 INFO o.a.j.t.JMeterThread: Stopping because end time detected by thread: Thread Group - until HTTP 503 - 288 users 1-88
2026-09-10 21:00:06,351 INFO o.a.j.t.JMeterThread: Stopping because end time detected by thread: Thread Group - until HTTP 503 - 288 users 1-122
2026-09-10 21:00:06,351 INFO o.a.j.t.JMeterThread: Thread finished: Thread Group - until HTTP 503 - 288 users 1-88
2026-09-10 21:00:06,351 INFO o.a.j.t.JMeterThread: Thread finished: Thread Group - until HTTP 503 - 288 users 1-122
2026-09-10 21:00:06,351 INFO o.a.j.t.JMeterThread: Stopping because end time detected by thread: Thread Group - until HTTP 503 - 288 users 1-105
2026-09-10 21:00:06,351 INFO o.a.j.t.JMeterThread: Thread finished: Thread Group - until HTTP 503 - 288 users 1-105
2026-09-10 21:00:06,351 INFO o.a.j.t.JMeterThread: Stopping because end time detected by thread: Thread Group - until HTTP 503 - 288 users 1-103
2026-09-10 21:00:06,351 INFO o.a.j.t.JMeterThread: Thread finished: Thread Group - until HTTP 503 - 288 users 1-103
2026-09-10 21:00:06,351 INFO o.a.j.t.JMeterThread: Stopping because end time detected by thread: Thread Group - until HTTP 503 - 288 users 1-100
2026-09-10 21:00:06,351 INFO o.a.j.t.JMeterThread: Thread finished: Thread Group - until HTTP 503 - 288 users 1-100
2026-09-10 21:00:06,352 INFO o.a.j.t.JMeterThread: Stopping because end time detected by thread: Thread Group - until HTTP 503 - 288 users 1-85
2026-09-10 21:00:06,352 INFO o.a.j.t.JMeterThread: Thread finished: Thread Group - until HTTP 503 - 288 users 1-85
2026-09-10 21:00:06,352 INFO o.a.j.t.JMeterThread: Stopping because end time detected by thread: Thread Group - until HTTP 503 - 288 users 1-106
2026-09-10 21:00:06,352 INFO o.a.j.t.JMeterThread: Thread finished: Thread Group - until HTTP 503 - 288 users 1-106
2026-09-10 21:00:06,351 INFO o.a.j.t.JMeterThread: Stopping because end time detected by thread: Thread Group - until HTTP 503 - 288 users 1-102
2026-09-10 21:00:06,352 INFO o.a.j.t.JMeterThread: Thread finished: Thread Group - until HTTP 503 - 288 users 1-102
2026-09-10 21:00:06,352 INFO o.a.j.t.JMeterThread: Stopping because end time detected by thread: Thread Group - until HTTP 503 - 288 users 1-118
2026-09-10 21:00:06,352 INFO o.a.j.t.JMeterThread: Thread finished: Thread Group - until HTTP 503 - 288 users 1-118
2026-09-10 21:00:06,389 INFO o.a.j.t.JMeterThread: Stopping because end time detected by thread: Thread Group - until HTTP 503 - 288 users 1-137
2026-09-10 21:00:06,389 INFO o.a.j.t.JMeterThread: Thread finished: Thread Group - until HTTP 503 - 288 users 1-137
2026-09-10 21:00:06,445 INFO o.a.j.t.JMeterThread: Stopping because end time detected by thread: Thread Group - until HTTP 503 - 288 users 1-10
2026-09-10 21:00:06,445 INFO o.a.j.t.JMeterThread: Thread finished: Thread Group - until HTTP 503 - 288 users 1-10
2026-09-10 21:00:06,515 INFO o.a.j.t.JMeterThread: Stopping because end time detected by thread: Thread Group - until HTTP 503 - 288 users 1-263
2026-09-10 21:00:06,515 INFO o.a.j.t.JMeterThread: Thread finished: Thread Group - until HTTP 503 - 288 users 1-263
2026-09-10 21:00:06,589 INFO o.a.j.t.JMeterThread: Stopping because end time detected by thread: Thread Group - until HTTP 503 - 288 users 1-3
2026-09-10 21:00:06,589 INFO o.a.j.t.JMeterThread: Thread finished: Thread Group - until HTTP 503 - 288 users 1-3
2026-09-10 21:00:06,655 INFO o.a.j.t.JMeterThread: Stopping because end time detected by thread: Thread Group - until HTTP 503 - 288 users 1-133
2026-09-10 21:00:06,655 INFO o.a.j.t.JMeterThread: Thread finished: Thread Group - until HTTP 503 - 288 users 1-133
2026-09-10 21:00:06,711 INFO o.a.j.t.JMeterThread: Stopping because end time detected by thread: Thread Group - until HTTP 503 - 288 users 1-136
2026-09-10 21:00:06,712 INFO o.a.j.t.JMeterThread: Thread finished: Thread Group - until HTTP 503 - 288 users 1-136
2026-09-10 21:00:06,806 INFO o.a.j.t.JMeterThread: Stopping because end time detected by thread: Thread Group - until HTTP 503 - 288 users 1-141
2026-09-10 21:00:06,806 INFO o.a.j.t.JMeterThread: Thread finished: Thread Group - until HTTP 503 - 288 users 1-141
2026-09-10 21:00:06,861 INFO o.a.j.t.JMeterThread: Stopping because end time detected by thread: Thread Group - until HTTP 503 - 288 users 1-6
2026-09-10 21:00:06,861 INFO o.a.j.t.JMeterThread: Thread finished: Thread Group - until HTTP 503 - 288 users 1-6
2026-09-10 21:00:06,926 INFO o.a.j.t.JMeterThread: Stopping because end time detected by thread: Thread Group - until HTTP 503 - 288 users 1-11
2026-09-10 21:00:06,927 INFO o.a.j.t.JMeterThread: Thread finished: Thread Group - until HTTP 503 - 288 users 1-11
2026-09-10 21:00:06,947 INFO o.a.j.t.JMeterThread: Stopping because end time detected by thread: Thread Group - until HTTP 503 - 288 users 1-91
2026-09-10 21:00:06,947 INFO o.a.j.t.JMeterThread: Thread finished: Thread Group - until HTTP 503 - 288 users 1-91
2026-09-10 21:00:06,968 INFO o.a.j.t.JMeterThread: Stopping because end time detected by thread: Thread Group - until HTTP 503 - 288 users 1-127
2026-09-10 21:00:06,968 INFO o.a.j.t.JMeterThread: Thread finished: Thread Group - until HTTP 503 - 288 users 1-127
2026-09-10 21:00:06,975 INFO o.a.j.t.JMeterThread: Stopping because end time detected by thread: Thread Group - until HTTP 503 - 288 users 1-121
2026-09-10 21:00:06,975 INFO o.a.j.t.JMeterThread: Thread finished: Thread Group - until HTTP 503 - 288 users 1-121
2026-09-10 21:00:07,006 INFO o.a.j.t.JMeterThread: Stopping because end time detected by thread: Thread Group - until HTTP 503 - 288 users 1-74
2026-09-10 21:00:07,006 INFO o.a.j.t.JMeterThread: Thread finished: Thread Group - until HTTP 503 - 288 users 1-74
2026-09-10 21:00:07,017 INFO o.a.j.t.JMeterThread: Stopping because end time detected by thread: Thread Group - until HTTP 503 - 288 users 1-135
2026-09-10 21:00:07,018 INFO o.a.j.t.JMeterThread: Thread finished: Thread Group - until HTTP 503 - 288 users 1-135
2026-09-10 21:00:07,055 INFO o.a.j.t.JMeterThread: Stopping because end time detected by thread: Thread Group - until HTTP 503 - 288 users 1-26
2026-09-10 21:00:07,055 INFO o.a.j.t.JMeterThread: Thread finished: Thread Group - until HTTP 503 - 288 users 1-26
2026-09-10 21:00:07,071 INFO o.a.j.t.JMeterThread: Stopping because end time detected by thread: Thread Group - until HTTP 503 - 288 users 1-140
2026-09-10 21:00:07,071 INFO o.a.j.t.JMeterThread: Thread finished: Thread Group - until HTTP 503 - 288 users 1-140
2026-09-10 21:00:07,078 INFO o.a.j.t.JMeterThread: Stopping because end time detected by thread: Thread Group - until HTTP 503 - 288 users 1-208
2026-09-10 21:00:07,078 INFO o.a.j.t.JMeterThread: Thread finished: Thread Group - until HTTP 503 - 288 users 1-208
2026-09-10 21:00:07,084 INFO o.a.j.t.JMeterThread: Stopping because end time detected by thread: Thread Group - until HTTP 503 - 288 users 1-1
2026-09-10 21:00:07,085 INFO o.a.j.t.JMeterThread: Thread finished: Thread Group - until HTTP 503 - 288 users 1-1
2026-09-10 21:00:07,104 INFO o.a.j.t.JMeterThread: Stopping because end time detected by thread: Thread Group - until HTTP 503 - 288 users 1-142
2026-09-10 21:00:07,104 INFO o.a.j.t.JMeterThread: Thread finished: Thread Group - until HTTP 503 - 288 users 1-142
2026-09-10 21:00:07,124 INFO o.a.j.t.JMeterThread: Stopping because end time detected by thread: Thread Group - until HTTP 503 - 288 users 1-67
2026-09-10 21:00:07,124 INFO o.a.j.t.JMeterThread: Thread finished: Thread Group - until HTTP 503 - 288 users 1-67
2026-09-10 21:00:07,135 INFO o.a.j.t.JMeterThread: Stopping because end time detected by thread: Thread Group - until HTTP 503 - 288 users 1-129
2026-09-10 21:00:07,135 INFO o.a.j.t.JMeterThread: Thread finished: Thread Group - until HTTP 503 - 288 users 1-129
2026-09-10 21:00:07,147 INFO o.a.j.t.JMeterThread: Stopping because end time detected by thread: Thread Group - until HTTP 503 - 288 users 1-113
2026-09-10 21:00:07,147 INFO o.a.j.t.JMeterThread: Thread finished: Thread Group - until HTTP 503 - 288 users 1-113
2026-09-10 21:00:07,194 INFO o.a.j.t.JMeterThread: Stopping because end time detected by thread: Thread Group - until HTTP 503 - 288 users 1-194
2026-09-10 21:00:07,194 INFO o.a.j.t.JMeterThread: Thread finished: Thread Group - until HTTP 503 - 288 users 1-194
2026-09-10 21:00:07,198 INFO o.a.j.t.JMeterThread: Stopping because end time detected by thread: Thread Group - until HTTP 503 - 288 users 1-125
2026-09-10 21:00:07,198 INFO o.a.j.t.JMeterThread: Thread finished: Thread Group - until HTTP 503 - 288 users 1-125
2026-09-10 21:00:07,216 INFO o.a.j.t.JMeterThread: Stopping because end time detected by thread: Thread Group - until HTTP 503 - 288 users 1-14
2026-09-10 21:00:07,216 INFO o.a.j.t.JMeterThread: Thread finished: Thread Group - until HTTP 503 - 288 users 1-14
2026-09-10 21:00:07,216 INFO o.a.j.e.StandardJMeterEngine: Notifying test listeners of end of test
2026-09-10 21:00:07,219 INFO o.a.j.r.Summariser: summary +    280 in 00:00:05 =   59.4/s Avg: 10030 Min:  6730 Max: 18555 Err:   280 (100.00%) Active: 0 Started: 288 Finished: 288
2026-09-10 21:00:07,219 INFO o.a.j.r.Summariser: summary =   2785 in 00:01:38 =   28.3/s Avg:  6781 Min:   518 Max: 21695 Err:  2675 (96.05%)
2026-09-10 21:00:07,221 INFO o.a.j.JMeter: Generating Dashboard
2026-09-10 21:00:07,221 INFO o.a.j.r.d.ReportGenerator: Flushing result collector before report Generation
2026-09-10 21:00:07,268 INFO o.a.j.r.p.NormalizerSampleConsumer: Using format, 'ms', to parse timeStamp field
2026-09-10 21:00:07,466 INFO o.a.j.r.p.AbstractSampleConsumer: class org.apache.jmeter.report.processor.AggregateConsumer#stopProducing(): beginDate produced 0 samples
2026-09-10 21:00:07,466 INFO o.a.j.r.p.AbstractSampleConsumer: class org.apache.jmeter.report.processor.AggregateConsumer#stopProducing(): endDate produced 0 samples
2026-09-10 21:00:07,468 INFO o.a.j.r.p.AbstractSampleConsumer: class org.apache.jmeter.report.processor.ApdexSummaryConsumer#stopProducing(): apdexSummary produced 0 samples
2026-09-10 21:00:07,468 INFO o.a.j.r.p.AbstractSampleConsumer: class org.apache.jmeter.report.processor.RequestsSummaryConsumer#stopProducing(): requestsSummary produced 0 samples
2026-09-10 21:00:07,473 INFO o.a.j.r.p.AbstractSampleConsumer: class org.apache.jmeter.report.processor.StatisticsSummaryConsumer#stopProducing(): statisticsSummary produced 0 samples
2026-09-10 21:00:07,477 INFO o.a.j.r.p.AbstractSampleConsumer: class org.apache.jmeter.report.processor.Top5ErrorsBySamplerConsumer#stopProducing(): top5ErrorsBySampler produced 0 samples
2026-09-10 21:00:07,479 INFO o.a.j.r.p.AbstractSampleConsumer: class org.apache.jmeter.report.processor.ErrorsSummaryConsumer#stopProducing(): errorsSummary produced 0 samples
2026-09-10 21:00:07,479 INFO o.a.j.r.p.AbstractSampleConsumer: class org.apache.jmeter.report.processor.graph.impl.HitsPerSecondGraphConsumer#stopProducing(): hitsPerSecond produced 0 samples
2026-09-10 21:00:07,542 INFO o.a.j.r.p.AbstractSampleConsumer: class org.apache.jmeter.report.processor.graph.impl.LatencyVSRequestGraphConsumer#stopProducing(): latencyVsRequest produced 0 samples
2026-09-10 21:00:07,543 INFO o.a.j.r.p.AbstractSampleConsumer: class org.apache.jmeter.report.processor.graph.impl.SyntheticResponseTimeDistributionGraphConsumer#stopProducing(): syntheticResponseTimeDistribution produced 0 samples
2026-09-10 21:00:07,543 INFO o.a.j.r.p.AbstractSampleConsumer: class org.apache.jmeter.report.processor.graph.impl.BytesThroughputGraphConsumer#stopProducing(): bytesThroughputOverTime produced 0 samples
2026-09-10 21:00:07,543 INFO o.a.j.r.p.AbstractSampleConsumer: class org.apache.jmeter.report.processor.graph.impl.CodesPerSecondGraphConsumer#stopProducing(): codesPerSecond produced 0 samples
2026-09-10 21:00:07,605 INFO o.a.j.r.p.AbstractSampleConsumer: class org.apache.jmeter.report.processor.graph.impl.ResponseTimeVSRequestGraphConsumer#stopProducing(): responseTimeVsRequest produced 0 samples
2026-09-10 21:00:07,606 INFO o.a.j.r.p.AbstractSampleConsumer: class org.apache.jmeter.report.processor.FilterConsumer#stopProducing(): startIntervalControlerFilter produced 19495 samples
2026-09-10 21:00:07,606 INFO o.a.j.r.p.AbstractSampleConsumer: class org.apache.jmeter.report.processor.graph.impl.TotalTPSGraphConsumer#stopProducing(): totalTPS produced 0 samples
2026-09-10 21:00:07,606 INFO o.a.j.r.p.AbstractSampleConsumer: class org.apache.jmeter.report.processor.graph.impl.ActiveThreadsGraphConsumer#stopProducing(): activeThreadsOverTime produced 0 samples
2026-09-10 21:00:07,606 INFO o.a.j.r.p.AbstractSampleConsumer: class org.apache.jmeter.report.processor.graph.impl.TimeVSThreadGraphConsumer#stopProducing(): timeVsThreads produced 0 samples
2026-09-10 21:00:07,606 INFO o.a.j.r.p.AbstractSampleConsumer: class org.apache.jmeter.report.processor.graph.impl.ResponseTimeDistributionGraphConsumer#stopProducing(): responseTimeDistribution produced 0 samples
2026-09-10 21:00:07,607 INFO o.a.j.r.p.AbstractSampleConsumer: class org.apache.jmeter.report.processor.graph.impl.TransactionsPerSecondGraphConsumer#stopProducing(): transactionsPerSecond produced 0 samples
2026-09-10 21:00:07,607 INFO o.a.j.r.p.AbstractSampleConsumer: class org.apache.jmeter.report.processor.graph.impl.ResponseTimePercentilesGraphConsumer#stopProducing(): responseTimePercentiles produced 0 samples
2026-09-10 21:00:07,610 INFO o.a.j.r.p.AbstractSampleConsumer: class org.apache.jmeter.report.processor.graph.impl.ResponseTimePercentilesOverTimeGraphConsumer#stopProducing(): responseTimePercentilesOverTime produced 0 samples
2026-09-10 21:00:07,610 INFO o.a.j.r.p.AbstractSampleConsumer: class org.apache.jmeter.report.processor.graph.impl.ResponseTimeOverTimeGraphConsumer#stopProducing(): responseTimesOverTime produced 0 samples
2026-09-10 21:00:07,610 INFO o.a.j.r.p.AbstractSampleConsumer: class org.apache.jmeter.report.processor.graph.impl.ConnectTimeOverTimeGraphConsumer#stopProducing(): connectTimeOverTime produced 0 samples
2026-09-10 21:00:07,610 INFO o.a.j.r.p.AbstractSampleConsumer: class org.apache.jmeter.report.processor.graph.impl.LatencyOverTimeGraphConsumer#stopProducing(): latenciesOverTime produced 0 samples
2026-09-10 21:00:07,610 INFO o.a.j.r.p.AbstractSampleConsumer: class org.apache.jmeter.report.processor.FilterConsumer#stopProducing(): nameFilter produced 41775 samples
2026-09-10 21:00:07,610 INFO o.a.j.r.p.AbstractSampleConsumer: class org.apache.jmeter.report.processor.FilterConsumer#stopProducing(): dateRangeFilter produced 8355 samples
2026-09-10 21:00:07,610 INFO o.a.j.r.p.AbstractSampleConsumer: class org.apache.jmeter.report.processor.NormalizerSampleConsumer#stopProducing(): normalizer produced 2785 samples
2026-09-10 21:00:07,611 INFO o.a.j.r.p.CsvFileSampleSource: produce(): 2785 samples produced in 325ms on channel 0
2026-09-10 21:00:07,611 INFO o.a.j.r.d.ReportGenerator: Exporting data using exporter:'json' of className:'org.apache.jmeter.report.dashboard.JsonExporter'
2026-09-10 21:00:07,664 INFO o.a.j.r.d.JsonExporter: Found data for consumer statisticsSummary in context
2026-09-10 21:00:07,664 INFO o.a.j.r.d.JsonExporter: Creating statistics for overall
2026-09-10 21:00:07,664 INFO o.a.j.r.d.JsonExporter: Creating statistics for other transactions
2026-09-10 21:00:07,664 INFO o.a.j.r.d.JsonExporter: Checking output folder
2026-09-10 21:00:07,665 INFO o.a.j.r.d.JsonExporter: Writing statistics JSON to C:\University\Programming\Software Testing\Lab4\html_reports\stress_until_503\288users_5760rpm\statistics.json
2026-09-10 21:00:07,695 INFO o.a.j.r.d.ReportGenerator: Exporting data using exporter:'html' of className:'org.apache.jmeter.report.dashboard.HtmlTemplateExporter'
2026-09-10 21:00:07,698 INFO o.a.j.r.d.HtmlTemplateExporter: Will generate dashboard in folder: C:\University\Programming\Software Testing\Lab4\html_reports\stress_until_503\288users_5760rpm
2026-09-10 21:00:07,790 INFO o.a.j.r.d.HtmlTemplateExporter: Report will be generated in: C:\University\Programming\Software Testing\Lab4\html_reports\stress_until_503\288users_5760rpm, creating folder structure
2026-09-10 21:00:07,792 INFO o.a.j.r.d.TemplateVisitor: Copying folder from 'C:\Program Files\apache-jmeter-5.6.3\bin\report-template' to 'C:\University\Programming\Software Testing\Lab4\html_reports\stress_until_503\288users_5760rpm', got message: C:\University\Programming\Software Testing\Lab4\html_reports\stress_until_503\288users_5760rpm, found non empty folder with following content [C:\University\Programming\Software Testing\Lab4\html_reports\stress_until_503\288users_5760rpm\statistics.json], will be ignored
2026-09-10 21:00:08,036 INFO o.a.j.JMeter: Dashboard generated
