2026-09-10 20:51:39,818 INFO o.a.j.u.JMeterUtils: Setting Locale to en_EN
2026-09-10 20:51:39,832 INFO o.a.j.JMeter: Loading user properties from: C:\Program Files\apache-jmeter-5.6.3\bin\user.properties
2026-09-10 20:51:39,833 INFO o.a.j.JMeter: Loading system properties from: C:\Program Files\apache-jmeter-5.6.3\bin\system.properties
2026-09-10 20:51:39,833 INFO o.a.j.JMeter: Setting JMeter property: jmeter.save.saveservice.output_format=csv
2026-09-10 20:51:39,833 INFO o.a.j.JMeter: Setting JMeter property: jmeter.save.saveservice.print_field_names=true
2026-09-10 20:51:39,835 INFO o.a.j.JMeter: Setting JMeter property: jmeter.save.saveservice.timestamp_format=ms
2026-09-10 20:51:39,835 INFO o.a.j.JMeter: Setting JMeter property: jmeter.save.saveservice.time=true
2026-09-10 20:51:39,835 INFO o.a.j.JMeter: Setting JMeter property: jmeter.save.saveservice.latency=true
2026-09-10 20:51:39,835 INFO o.a.j.JMeter: Setting JMeter property: jmeter.save.saveservice.label=true
2026-09-10 20:51:39,835 INFO o.a.j.JMeter: Setting JMeter property: jmeter.save.saveservice.response_code=true
2026-09-10 20:51:39,835 INFO o.a.j.JMeter: Setting JMeter property: jmeter.save.saveservice.response_message=true
2026-09-10 20:51:39,835 INFO o.a.j.JMeter: Setting JMeter property: jmeter.save.saveservice.successful=true
2026-09-10 20:51:39,835 INFO o.a.j.JMeter: Setting JMeter property: jmeter.save.saveservice.assertion_results_failure_message=true
2026-09-10 20:51:39,835 INFO o.a.j.JMeter: Setting JMeter property: jmeter.save.saveservice.thread_name=true
2026-09-10 20:51:39,835 INFO o.a.j.JMeter: Setting JMeter property: jmeter.save.saveservice.thread_counts=true
2026-09-10 20:51:39,835 INFO o.a.j.JMeter: Setting JMeter property: jmeter.save.saveservice.connect_time=true
2026-09-10 20:51:39,840 INFO o.a.j.JMeter: Copyright (c) 1998-2024 The Apache Software Foundation
2026-09-10 20:51:39,841 INFO o.a.j.JMeter: Version 5.6.3
2026-09-10 20:51:39,841 INFO o.a.j.JMeter: java.version=26.0.1
2026-09-10 20:51:39,841 INFO o.a.j.JMeter: java.vm.name=Java HotSpot(TM) 64-Bit Server VM
2026-09-10 20:51:39,841 INFO o.a.j.JMeter: os.name=Windows 10
2026-09-10 20:51:39,841 INFO o.a.j.JMeter: os.arch=amd64
2026-09-10 20:51:39,841 INFO o.a.j.JMeter: os.version=10.0
2026-09-10 20:51:39,841 INFO o.a.j.JMeter: file.encoding=UTF-8
2026-09-10 20:51:39,841 INFO o.a.j.JMeter: java.awt.headless=true
2026-09-10 20:51:39,841 INFO o.a.j.JMeter: Max memory     =1073741824
2026-09-10 20:51:39,841 INFO o.a.j.JMeter: Available Processors =8
2026-09-10 20:51:39,851 INFO o.a.j.JMeter: Default Locale=English (EN)
2026-09-10 20:51:39,851 INFO o.a.j.JMeter: JMeter  Locale=English (EN)
2026-09-10 20:51:39,852 INFO o.a.j.JMeter: JMeterHome=C:\Program Files\apache-jmeter-5.6.3
2026-09-10 20:51:39,852 INFO o.a.j.JMeter: user.dir  =C:\University\Programming\Software Testing\Lab4
2026-09-10 20:51:39,852 INFO o.a.j.JMeter: PWD       =C:\University\Programming\Software Testing\Lab4
2026-09-10 20:51:39,853 INFO o.a.j.JMeter: IP: 172.28.17.195 Name: DESKTOP-74FQ4EV FullName: DESKTOP-74FQ4EV
2026-09-10 20:51:39,860 INFO o.a.j.JMeter: Setting property 'jmeter.reportgenerator.outputdir' to:'C:\University\Programming\Software Testing\Lab4\html_reports\stress_until_503\224users_4480rpm'
2026-09-10 20:51:39,862 INFO o.a.j.s.FileServer: Default base='C:\University\Programming\Software Testing\Lab4'
2026-09-10 20:51:39,863 INFO o.a.j.s.FileServer: Set new base='C:\University\Programming\Software Testing\Lab4\quality_jmeter_plans\stress_until_503'
2026-09-10 20:51:40,064 INFO o.a.j.s.SaveService: Testplan (JMX) version: 2.2. Testlog (JTL) version: 2.2
2026-09-10 20:51:40,083 INFO o.a.j.s.SaveService: Using SaveService properties version 5.0
2026-09-10 20:51:40,085 INFO o.a.j.s.SaveService: Using SaveService properties file encoding UTF-8
2026-09-10 20:51:40,088 INFO o.a.j.s.SaveService: Loading file: quality_jmeter_plans\stress_until_503\stress_until_503_224users_4480rpm_ctt.jmx
2026-09-10 20:51:40,135 INFO o.a.j.p.h.s.HTTPSamplerBase: Parser for text/html is org.apache.jmeter.protocol.http.parser.LagartoBasedHtmlParser
2026-09-10 20:51:40,135 INFO o.a.j.p.h.s.HTTPSamplerBase: Parser for application/xhtml+xml is org.apache.jmeter.protocol.http.parser.LagartoBasedHtmlParser
2026-09-10 20:51:40,135 INFO o.a.j.p.h.s.HTTPSamplerBase: Parser for application/xml is org.apache.jmeter.protocol.http.parser.LagartoBasedHtmlParser
2026-09-10 20:51:40,135 INFO o.a.j.p.h.s.HTTPSamplerBase: Parser for text/xml is org.apache.jmeter.protocol.http.parser.LagartoBasedHtmlParser
2026-09-10 20:51:40,136 INFO o.a.j.p.h.s.HTTPSamplerBase: Parser for text/vnd.wap.wml is org.apache.jmeter.protocol.http.parser.RegexpHTMLParser
2026-09-10 20:51:40,136 INFO o.a.j.p.h.s.HTTPSamplerBase: Parser for text/css is org.apache.jmeter.protocol.http.parser.CssParser
2026-09-10 20:51:40,146 INFO o.a.j.JMeter: Creating summariser <summary>
2026-09-10 20:51:40,153 INFO o.a.j.r.d.ReportGenerator: ReportGenerator will use for Parsing the separator: ','
2026-09-10 20:51:40,153 INFO o.a.j.r.d.ReportGenerator: Will generate report at end of test from  results file: results/stress_until_503/stress_until_503_224users_4480rpm.jtl
2026-09-10 20:51:40,153 INFO o.a.j.r.d.ReportGenerator: Reading report generator properties from: C:\Program Files\apache-jmeter-5.6.3\bin\reportgenerator.properties
2026-09-10 20:51:40,154 INFO o.a.j.r.d.ReportGenerator: Merging with JMeter properties
2026-09-10 20:51:40,157 INFO o.a.j.r.c.ReportGeneratorConfiguration: Property 'jmeter.reportgenerator.temp_dir' not found, using default value 'temp' instead.
2026-09-10 20:51:40,160 INFO o.a.j.r.c.ReportGeneratorConfiguration: Property 'jmeter.reportgenerator.apdex_per_transaction' not found, using default value 'null' instead.
2026-09-10 20:51:40,160 INFO o.a.j.r.c.ReportGeneratorConfiguration: apdex_per_transaction is empty, not APDEX per transaction customization
2026-09-10 20:51:40,160 INFO o.a.j.r.c.ReportGeneratorConfiguration: Property 'jmeter.reportgenerator.sample_filter' not found, using default value 'null' instead.
2026-09-10 20:51:40,160 INFO o.a.j.r.c.ReportGeneratorConfiguration: Property 'jmeter.reportgenerator.report_title' not found, using default value 'null' instead.
2026-09-10 20:51:40,160 INFO o.a.j.r.c.ReportGeneratorConfiguration: Property 'jmeter.reportgenerator.start_date' not found, using default value 'null' instead.
2026-09-10 20:51:40,160 INFO o.a.j.r.c.ReportGeneratorConfiguration: Property 'jmeter.reportgenerator.end_date' not found, using default value 'null' instead.
2026-09-10 20:51:40,160 INFO o.a.j.r.c.ReportGeneratorConfiguration: Property 'jmeter.reportgenerator.date_format' not found, using default value 'null' instead.
2026-09-10 20:51:40,161 INFO o.a.j.r.c.ReportGeneratorConfiguration: Will use date range start date: null, end date: null
2026-09-10 20:51:40,164 INFO o.a.j.r.c.ReportGeneratorConfiguration: Property 'jmeter.reportgenerator.graph.totalTPS.exclude_controllers' not found, using default value 'false' instead.
2026-09-10 20:51:40,164 INFO o.a.j.r.c.ReportGeneratorConfiguration: Property 'jmeter.reportgenerator.graph.activeThreadsOverTime.exclude_controllers' not found, using default value 'false' instead.
2026-09-10 20:51:40,164 INFO o.a.j.r.c.ReportGeneratorConfiguration: Property 'jmeter.reportgenerator.graph.timeVsThreads.exclude_controllers' not found, using default value 'false' instead.
2026-09-10 20:51:40,164 INFO o.a.j.r.c.ReportGeneratorConfiguration: Property 'jmeter.reportgenerator.graph.responseTimeDistribution.exclude_controllers' not found, using default value 'false' instead.
2026-09-10 20:51:40,164 INFO o.a.j.r.c.ReportGeneratorConfiguration: Property 'jmeter.reportgenerator.graph.transactionsPerSecond.exclude_controllers' not found, using default value 'false' instead.
2026-09-10 20:51:40,164 INFO o.a.j.r.c.ReportGeneratorConfiguration: Property 'jmeter.reportgenerator.graph.responseTimePercentiles.exclude_controllers' not found, using default value 'false' instead.
2026-09-10 20:51:40,165 INFO o.a.j.r.c.ReportGeneratorConfiguration: Property 'jmeter.reportgenerator.graph.responseTimePercentilesOverTime.exclude_controllers' not found, using default value 'false' instead.
2026-09-10 20:51:40,165 INFO o.a.j.r.c.ReportGeneratorConfiguration: Property 'jmeter.reportgenerator.graph.responseTimesOverTime.exclude_controllers' not found, using default value 'false' instead.
2026-09-10 20:51:40,165 INFO o.a.j.r.c.ReportGeneratorConfiguration: Property 'jmeter.reportgenerator.graph.connectTimeOverTime.exclude_controllers' not found, using default value 'false' instead.
2026-09-10 20:51:40,165 INFO o.a.j.r.c.ReportGeneratorConfiguration: Property 'jmeter.reportgenerator.graph.latenciesOverTime.exclude_controllers' not found, using default value 'false' instead.
2026-09-10 20:51:40,166 INFO o.a.j.r.c.ReportGeneratorConfiguration: Property 'jmeter.reportgenerator.exporter.json.filters_only_sample_series' not found, using default value 'true' instead.
2026-09-10 20:51:40,166 INFO o.a.j.r.c.ReportGeneratorConfiguration: Property 'jmeter.reportgenerator.exporter.json.series_filter' not found, using default value '' instead.
2026-09-10 20:51:40,166 INFO o.a.j.r.c.ReportGeneratorConfiguration: Property 'jmeter.reportgenerator.exporter.json.show_controllers_only' not found, using default value 'false' instead.
2026-09-10 20:51:40,166 INFO o.a.j.r.c.ReportGeneratorConfiguration: Property 'jmeter.reportgenerator.exporter.html.filters_only_sample_series' not found, using default value 'true' instead.
2026-09-10 20:51:40,166 INFO o.a.j.r.c.ReportGeneratorConfiguration: Property 'jmeter.reportgenerator.exporter.html.series_filter' not found, using default value '' instead.
2026-09-10 20:51:40,166 INFO o.a.j.r.c.ReportGeneratorConfiguration: Property 'jmeter.reportgenerator.exporter.html.show_controllers_only' not found, using default value 'false' instead.
2026-09-10 20:51:40,174 INFO o.a.j.e.StandardJMeterEngine: Running the test!
2026-09-10 20:51:40,175 INFO o.a.j.s.SampleEvent: List of sample_variables: []
2026-09-10 20:51:40,175 INFO o.a.j.s.SampleEvent: List of sample_variables: []
2026-09-10 20:51:40,179 INFO o.a.j.e.u.CompoundVariable: Note: Function class names must contain the string: '.functions.'
2026-09-10 20:51:40,179 INFO o.a.j.e.u.CompoundVariable: Note: Function class names must not contain the string: '.gui.'
2026-09-10 20:51:40,236 INFO o.a.j.JMeter: Running test (1789062700236)
2026-09-10 20:51:40,252 INFO o.a.j.e.StandardJMeterEngine: Starting ThreadGroup: 1 : Thread Group - until HTTP 503 - 224 users
2026-09-10 20:51:40,252 INFO o.a.j.e.StandardJMeterEngine: Starting 224 threads for group Thread Group - until HTTP 503 - 224 users.
2026-09-10 20:51:40,252 INFO o.a.j.e.StandardJMeterEngine: Thread will continue on error
2026-09-10 20:51:40,252 INFO o.a.j.t.ThreadGroup: Starting thread group... number=1 threads=224 ramp-up=60 delayedStart=false
2026-09-10 20:51:40,257 INFO o.a.j.t.JMeterThread: Thread started: Thread Group - until HTTP 503 - 224 users 1-1
2026-09-10 20:51:40,325 INFO o.a.j.t.ThreadGroup: Started thread group number 1
2026-09-10 20:51:40,325 INFO o.a.j.e.StandardJMeterEngine: All thread groups have been started
2026-09-10 20:51:40,325 INFO o.a.j.p.h.s.HTTPHCAbstractImpl: Local host = DESKTOP-74FQ4EV
2026-09-10 20:51:40,334 INFO o.a.j.p.h.s.HTTPHC4Impl: HTTP request retry count = 0
2026-09-10 20:51:40,336 INFO o.a.j.s.SampleResult: Note: Sample TimeStamps are START times
2026-09-10 20:51:40,336 INFO o.a.j.s.SampleResult: sampleresult.default.encoding is set to UTF-8
2026-09-10 20:51:40,336 INFO o.a.j.s.SampleResult: sampleresult.useNanoTime=true
2026-09-10 20:51:40,336 INFO o.a.j.s.SampleResult: sampleresult.nanoThreadSleep=5000
2026-09-10 20:51:40,524 INFO o.a.j.t.JMeterThread: Thread started: Thread Group - until HTTP 503 - 224 users 1-2
2026-09-10 20:51:40,791 INFO o.a.j.t.JMeterThread: Thread started: Thread Group - until HTTP 503 - 224 users 1-3
2026-09-10 20:51:41,058 INFO o.a.j.t.JMeterThread: Thread started: Thread Group - until HTTP 503 - 224 users 1-4
2026-09-10 20:51:41,325 INFO o.a.j.t.JMeterThread: Thread started: Thread Group - until HTTP 503 - 224 users 1-5
2026-09-10 20:51:41,592 INFO o.a.j.t.JMeterThread: Thread started: Thread Group - until HTTP 503 - 224 users 1-6
2026-09-10 20:51:41,862 INFO o.a.j.t.JMeterThread: Thread started: Thread Group - until HTTP 503 - 224 users 1-7
2026-09-10 20:51:42,129 INFO o.a.j.t.JMeterThread: Thread started: Thread Group - until HTTP 503 - 224 users 1-8
2026-09-10 20:51:42,396 INFO o.a.j.t.JMeterThread: Thread started: Thread Group - until HTTP 503 - 224 users 1-9
2026-09-10 20:51:42,664 INFO o.a.j.t.JMeterThread: Thread started: Thread Group - until HTTP 503 - 224 users 1-10
2026-09-10 20:51:42,933 INFO o.a.j.t.JMeterThread: Thread started: Thread Group - until HTTP 503 - 224 users 1-11
2026-09-10 20:51:43,202 INFO o.a.j.t.JMeterThread: Thread started: Thread Group - until HTTP 503 - 224 users 1-12
2026-09-10 20:51:43,468 INFO o.a.j.t.JMeterThread: Thread started: Thread Group - until HTTP 503 - 224 users 1-13
2026-09-10 20:51:43,737 INFO o.a.j.t.JMeterThread: Thread started: Thread Group - until HTTP 503 - 224 users 1-14
2026-09-10 20:51:44,005 INFO o.a.j.t.JMeterThread: Thread started: Thread Group - until HTTP 503 - 224 users 1-15
2026-09-10 20:51:44,273 INFO o.a.j.t.JMeterThread: Thread started: Thread Group - until HTTP 503 - 224 users 1-16
2026-09-10 20:51:44,541 INFO o.a.j.t.JMeterThread: Thread started: Thread Group - until HTTP 503 - 224 users 1-17
2026-09-10 20:51:44,808 INFO o.a.j.t.JMeterThread: Thread started: Thread Group - until HTTP 503 - 224 users 1-18
2026-09-10 20:51:45,077 INFO o.a.j.t.JMeterThread: Thread started: Thread Group - until HTTP 503 - 224 users 1-19
2026-09-10 20:51:45,346 INFO o.a.j.t.JMeterThread: Thread started: Thread Group - until HTTP 503 - 224 users 1-20
2026-09-10 20:51:45,613 INFO o.a.j.t.JMeterThread: Thread started: Thread Group - until HTTP 503 - 224 users 1-21
2026-09-10 20:51:45,881 INFO o.a.j.t.JMeterThread: Thread started: Thread Group - until HTTP 503 - 224 users 1-22
2026-09-10 20:51:46,150 INFO o.a.j.t.JMeterThread: Thread started: Thread Group - until HTTP 503 - 224 users 1-23
2026-09-10 20:51:46,416 INFO o.a.j.t.JMeterThread: Thread started: Thread Group - until HTTP 503 - 224 users 1-24
2026-09-10 20:51:46,686 INFO o.a.j.t.JMeterThread: Thread started: Thread Group - until HTTP 503 - 224 users 1-25
2026-09-10 20:51:46,953 INFO o.a.j.t.JMeterThread: Thread started: Thread Group - until HTTP 503 - 224 users 1-26
2026-09-10 20:51:47,220 INFO o.a.j.t.JMeterThread: Thread started: Thread Group - until HTTP 503 - 224 users 1-27
2026-09-10 20:51:47,489 INFO o.a.j.t.JMeterThread: Thread started: Thread Group - until HTTP 503 - 224 users 1-28
2026-09-10 20:51:47,757 INFO o.a.j.t.JMeterThread: Thread started: Thread Group - until HTTP 503 - 224 users 1-29
2026-09-10 20:51:48,024 INFO o.a.j.t.JMeterThread: Thread started: Thread Group - until HTTP 503 - 224 users 1-30
2026-09-10 20:51:48,294 INFO o.a.j.t.JMeterThread: Thread started: Thread Group - until HTTP 503 - 224 users 1-31
2026-09-10 20:51:48,561 INFO o.a.j.t.JMeterThread: Thread started: Thread Group - until HTTP 503 - 224 users 1-32
2026-09-10 20:51:48,829 INFO o.a.j.t.JMeterThread: Thread started: Thread Group - until HTTP 503 - 224 users 1-33
2026-09-10 20:51:49,096 INFO o.a.j.t.JMeterThread: Thread started: Thread Group - until HTTP 503 - 224 users 1-34
2026-09-10 20:51:49,365 INFO o.a.j.t.JMeterThread: Thread started: Thread Group - until HTTP 503 - 224 users 1-35
2026-09-10 20:51:49,633 INFO o.a.j.t.JMeterThread: Thread started: Thread Group - until HTTP 503 - 224 users 1-36
2026-09-10 20:51:49,900 INFO o.a.j.t.JMeterThread: Thread started: Thread Group - until HTTP 503 - 224 users 1-37
2026-09-10 20:51:50,170 INFO o.a.j.t.JMeterThread: Thread started: Thread Group - until HTTP 503 - 224 users 1-38
2026-09-10 20:51:50,438 INFO o.a.j.t.JMeterThread: Thread started: Thread Group - until HTTP 503 - 224 users 1-39
2026-09-10 20:51:50,705 INFO o.a.j.t.JMeterThread: Thread started: Thread Group - until HTTP 503 - 224 users 1-40
2026-09-10 20:51:50,975 INFO o.a.j.t.JMeterThread: Thread started: Thread Group - until HTTP 503 - 224 users 1-41
2026-09-10 20:51:51,242 INFO o.a.j.t.JMeterThread: Thread started: Thread Group - until HTTP 503 - 224 users 1-42
2026-09-10 20:51:51,509 INFO o.a.j.t.JMeterThread: Thread started: Thread Group - until HTTP 503 - 224 users 1-43
2026-09-10 20:51:51,777 INFO o.a.j.t.JMeterThread: Thread started: Thread Group - until HTTP 503 - 224 users 1-44
2026-09-10 20:51:52,044 INFO o.a.j.t.JMeterThread: Thread started: Thread Group - until HTTP 503 - 224 users 1-45
2026-09-10 20:51:52,312 INFO o.a.j.t.JMeterThread: Thread started: Thread Group - until HTTP 503 - 224 users 1-46
2026-09-10 20:51:52,581 INFO o.a.j.t.JMeterThread: Thread started: Thread Group - until HTTP 503 - 224 users 1-47
2026-09-10 20:51:52,849 INFO o.a.j.t.JMeterThread: Thread started: Thread Group - until HTTP 503 - 224 users 1-48
2026-09-10 20:51:53,116 INFO o.a.j.t.JMeterThread: Thread started: Thread Group - until HTTP 503 - 224 users 1-49
2026-09-10 20:51:53,385 INFO o.a.j.t.JMeterThread: Thread started: Thread Group - until HTTP 503 - 224 users 1-50
2026-09-10 20:51:53,652 INFO o.a.j.t.JMeterThread: Thread started: Thread Group - until HTTP 503 - 224 users 1-51
2026-09-10 20:51:53,920 INFO o.a.j.t.JMeterThread: Thread started: Thread Group - until HTTP 503 - 224 users 1-52
2026-09-10 20:51:54,189 INFO o.a.j.t.JMeterThread: Thread started: Thread Group - until HTTP 503 - 224 users 1-53
2026-09-10 20:51:54,458 INFO o.a.j.t.JMeterThread: Thread started: Thread Group - until HTTP 503 - 224 users 1-54
2026-09-10 20:51:54,724 INFO o.a.j.t.JMeterThread: Thread started: Thread Group - until HTTP 503 - 224 users 1-55
2026-09-10 20:51:54,993 INFO o.a.j.t.JMeterThread: Thread started: Thread Group - until HTTP 503 - 224 users 1-56
2026-09-10 20:51:55,262 INFO o.a.j.t.JMeterThread: Thread started: Thread Group - until HTTP 503 - 224 users 1-57
2026-09-10 20:51:55,529 INFO o.a.j.t.JMeterThread: Thread started: Thread Group - until HTTP 503 - 224 users 1-58
2026-09-10 20:51:55,798 INFO o.a.j.t.JMeterThread: Thread started: Thread Group - until HTTP 503 - 224 users 1-59
2026-09-10 20:51:56,067 INFO o.a.j.t.JMeterThread: Thread started: Thread Group - until HTTP 503 - 224 users 1-60
2026-09-10 20:51:56,335 INFO o.a.j.t.JMeterThread: Thread started: Thread Group - until HTTP 503 - 224 users 1-61
2026-09-10 20:51:56,602 INFO o.a.j.t.JMeterThread: Thread started: Thread Group - until HTTP 503 - 224 users 1-62
2026-09-10 20:51:56,870 INFO o.a.j.t.JMeterThread: Thread started: Thread Group - until HTTP 503 - 224 users 1-63
2026-09-10 20:51:57,138 INFO o.a.j.t.JMeterThread: Thread started: Thread Group - until HTTP 503 - 224 users 1-64
2026-09-10 20:51:57,405 INFO o.a.j.t.JMeterThread: Thread started: Thread Group - until HTTP 503 - 224 users 1-65
2026-09-10 20:51:57,673 INFO o.a.j.t.JMeterThread: Thread started: Thread Group - until HTTP 503 - 224 users 1-66
2026-09-10 20:51:57,941 INFO o.a.j.t.JMeterThread: Thread started: Thread Group - until HTTP 503 - 224 users 1-67
2026-09-10 20:51:58,210 INFO o.a.j.t.JMeterThread: Thread started: Thread Group - until HTTP 503 - 224 users 1-68
2026-09-10 20:51:58,479 INFO o.a.j.t.JMeterThread: Thread started: Thread Group - until HTTP 503 - 224 users 1-69
2026-09-10 20:51:58,753 INFO o.a.j.t.JMeterThread: Thread started: Thread Group - until HTTP 503 - 224 users 1-70
2026-09-10 20:51:59,015 INFO o.a.j.t.JMeterThread: Thread started: Thread Group - until HTTP 503 - 224 users 1-71
2026-09-10 20:51:59,284 INFO o.a.j.t.JMeterThread: Thread started: Thread Group - until HTTP 503 - 224 users 1-72
2026-09-10 20:51:59,553 INFO o.a.j.t.JMeterThread: Thread started: Thread Group - until HTTP 503 - 224 users 1-73
2026-09-10 20:51:59,821 INFO o.a.j.t.JMeterThread: Thread started: Thread Group - until HTTP 503 - 224 users 1-74
2026-09-10 20:52:00,092 INFO o.a.j.t.JMeterThread: Thread started: Thread Group - until HTTP 503 - 224 users 1-75
2026-09-10 20:52:00,360 INFO o.a.j.t.JMeterThread: Thread started: Thread Group - until HTTP 503 - 224 users 1-76
2026-09-10 20:52:00,579 INFO o.a.j.r.Summariser: summary +    504 in 00:00:20 =   24.8/s Avg:  1316 Min:   512 Max:  2876 Err:   403 (79.96%) Active: 76 Started: 76 Finished: 0
2026-09-10 20:52:00,624 INFO o.a.j.t.JMeterThread: Thread started: Thread Group - until HTTP 503 - 224 users 1-77
2026-09-10 20:52:00,890 INFO o.a.j.t.JMeterThread: Thread started: Thread Group - until HTTP 503 - 224 users 1-78
2026-09-10 20:52:01,164 INFO o.a.j.t.JMeterThread: Thread started: Thread Group - until HTTP 503 - 224 users 1-79
2026-09-10 20:52:01,429 INFO o.a.j.t.JMeterThread: Thread started: Thread Group - until HTTP 503 - 224 users 1-80
2026-09-10 20:52:01,696 INFO o.a.j.t.JMeterThread: Thread started: Thread Group - until HTTP 503 - 224 users 1-81
2026-09-10 20:52:01,972 INFO o.a.j.t.JMeterThread: Thread started: Thread Group - until HTTP 503 - 224 users 1-82
2026-09-10 20:52:02,236 INFO o.a.j.t.JMeterThread: Thread started: Thread Group - until HTTP 503 - 224 users 1-83
2026-09-10 20:52:02,501 INFO o.a.j.t.JMeterThread: Thread started: Thread Group - until HTTP 503 - 224 users 1-84
2026-09-10 20:52:02,770 INFO o.a.j.t.JMeterThread: Thread started: Thread Group - until HTTP 503 - 224 users 1-85
2026-09-10 20:52:03,037 INFO o.a.j.t.JMeterThread: Thread started: Thread Group - until HTTP 503 - 224 users 1-86
2026-09-10 20:52:03,306 INFO o.a.j.t.JMeterThread: Thread started: Thread Group - until HTTP 503 - 224 users 1-87
2026-09-10 20:52:03,572 INFO o.a.j.t.JMeterThread: Thread started: Thread Group - until HTTP 503 - 224 users 1-88
2026-09-10 20:52:03,840 INFO o.a.j.t.JMeterThread: Thread started: Thread Group - until HTTP 503 - 224 users 1-89
2026-09-10 20:52:04,105 INFO o.a.j.t.JMeterThread: Thread started: Thread Group - until HTTP 503 - 224 users 1-90
2026-09-10 20:52:04,377 INFO o.a.j.t.JMeterThread: Thread started: Thread Group - until HTTP 503 - 224 users 1-91
2026-09-10 20:52:04,644 INFO o.a.j.t.JMeterThread: Thread started: Thread Group - until HTTP 503 - 224 users 1-92
2026-09-10 20:52:04,912 INFO o.a.j.t.JMeterThread: Thread started: Thread Group - until HTTP 503 - 224 users 1-93
2026-09-10 20:52:05,179 INFO o.a.j.t.JMeterThread: Thread started: Thread Group - until HTTP 503 - 224 users 1-94
2026-09-10 20:52:05,447 INFO o.a.j.t.JMeterThread: Thread started: Thread Group - until HTTP 503 - 224 users 1-95
2026-09-10 20:52:05,714 INFO o.a.j.t.JMeterThread: Thread started: Thread Group - until HTTP 503 - 224 users 1-96
2026-09-10 20:52:05,981 INFO o.a.j.t.JMeterThread: Thread started: Thread Group - until HTTP 503 - 224 users 1-97
2026-09-10 20:52:06,251 INFO o.a.j.t.JMeterThread: Thread started: Thread Group - until HTTP 503 - 224 users 1-98
2026-09-10 20:52:06,520 INFO o.a.j.t.JMeterThread: Thread started: Thread Group - until HTTP 503 - 224 users 1-99
2026-09-10 20:52:06,786 INFO o.a.j.t.JMeterThread: Thread started: Thread Group - until HTTP 503 - 224 users 1-100
2026-09-10 20:52:07,054 INFO o.a.j.t.JMeterThread: Thread started: Thread Group - until HTTP 503 - 224 users 1-101
2026-09-10 20:52:07,322 INFO o.a.j.t.JMeterThread: Thread started: Thread Group - until HTTP 503 - 224 users 1-102
2026-09-10 20:52:07,590 INFO o.a.j.t.JMeterThread: Thread started: Thread Group - until HTTP 503 - 224 users 1-103
2026-09-10 20:52:07,858 INFO o.a.j.t.JMeterThread: Thread started: Thread Group - until HTTP 503 - 224 users 1-104
2026-09-10 20:52:08,130 INFO o.a.j.t.JMeterThread: Thread started: Thread Group - until HTTP 503 - 224 users 1-105
2026-09-10 20:52:08,395 INFO o.a.j.t.JMeterThread: Thread started: Thread Group - until HTTP 503 - 224 users 1-106
2026-09-10 20:52:08,661 INFO o.a.j.t.JMeterThread: Thread started: Thread Group - until HTTP 503 - 224 users 1-107
2026-09-10 20:52:08,932 INFO o.a.j.t.JMeterThread: Thread started: Thread Group - until HTTP 503 - 224 users 1-108
2026-09-10 20:52:09,200 INFO o.a.j.t.JMeterThread: Thread started: Thread Group - until HTTP 503 - 224 users 1-109
2026-09-10 20:52:09,469 INFO o.a.j.t.JMeterThread: Thread started: Thread Group - until HTTP 503 - 224 users 1-110
2026-09-10 20:52:09,738 INFO o.a.j.t.JMeterThread: Thread started: Thread Group - until HTTP 503 - 224 users 1-111
2026-09-10 20:52:10,005 INFO o.a.j.t.JMeterThread: Thread started: Thread Group - until HTTP 503 - 224 users 1-112
2026-09-10 20:52:10,273 INFO o.a.j.t.JMeterThread: Thread started: Thread Group - until HTTP 503 - 224 users 1-113
2026-09-10 20:52:10,536 INFO o.a.j.t.JMeterThread: Thread started: Thread Group - until HTTP 503 - 224 users 1-114
2026-09-10 20:52:10,808 INFO o.a.j.t.JMeterThread: Thread started: Thread Group - until HTTP 503 - 224 users 1-115
2026-09-10 20:52:11,076 INFO o.a.j.t.JMeterThread: Thread started: Thread Group - until HTTP 503 - 224 users 1-116
2026-09-10 20:52:11,344 INFO o.a.j.t.JMeterThread: Thread started: Thread Group - until HTTP 503 - 224 users 1-117
2026-09-10 20:52:11,613 INFO o.a.j.t.JMeterThread: Thread started: Thread Group - until HTTP 503 - 224 users 1-118
2026-09-10 20:52:11,880 INFO o.a.j.t.JMeterThread: Thread started: Thread Group - until HTTP 503 - 224 users 1-119
2026-09-10 20:52:12,148 INFO o.a.j.t.JMeterThread: Thread started: Thread Group - until HTTP 503 - 224 users 1-120
2026-09-10 20:52:12,417 INFO o.a.j.t.JMeterThread: Thread started: Thread Group - until HTTP 503 - 224 users 1-121
2026-09-10 20:52:12,684 INFO o.a.j.t.JMeterThread: Thread started: Thread Group - until HTTP 503 - 224 users 1-122
2026-09-10 20:52:12,952 INFO o.a.j.t.JMeterThread: Thread started: Thread Group - until HTTP 503 - 224 users 1-123
2026-09-10 20:52:13,221 INFO o.a.j.t.JMeterThread: Thread started: Thread Group - until HTTP 503 - 224 users 1-124
2026-09-10 20:52:13,488 INFO o.a.j.t.JMeterThread: Thread started: Thread Group - until HTTP 503 - 224 users 1-125
2026-09-10 20:52:13,755 INFO o.a.j.t.JMeterThread: Thread started: Thread Group - until HTTP 503 - 224 users 1-126
2026-09-10 20:52:14,022 INFO o.a.j.t.JMeterThread: Thread started: Thread Group - until HTTP 503 - 224 users 1-127
2026-09-10 20:52:14,290 INFO o.a.j.t.JMeterThread: Thread started: Thread Group - until HTTP 503 - 224 users 1-128
2026-09-10 20:52:14,560 INFO o.a.j.t.JMeterThread: Thread started: Thread Group - until HTTP 503 - 224 users 1-129
2026-09-10 20:52:14,825 INFO o.a.j.t.JMeterThread: Thread started: Thread Group - until HTTP 503 - 224 users 1-130
2026-09-10 20:52:15,093 INFO o.a.j.t.JMeterThread: Thread started: Thread Group - until HTTP 503 - 224 users 1-131
2026-09-10 20:52:15,361 INFO o.a.j.t.JMeterThread: Thread started: Thread Group - until HTTP 503 - 224 users 1-132
2026-09-10 20:52:15,629 INFO o.a.j.t.JMeterThread: Thread started: Thread Group - until HTTP 503 - 224 users 1-133
2026-09-10 20:52:15,898 INFO o.a.j.t.JMeterThread: Thread started: Thread Group - until HTTP 503 - 224 users 1-134
2026-09-10 20:52:16,165 INFO o.a.j.t.JMeterThread: Thread started: Thread Group - until HTTP 503 - 224 users 1-135
2026-09-10 20:52:16,434 INFO o.a.j.t.JMeterThread: Thread started: Thread Group - until HTTP 503 - 224 users 1-136
2026-09-10 20:52:16,701 INFO o.a.j.t.JMeterThread: Thread started: Thread Group - until HTTP 503 - 224 users 1-137
2026-09-10 20:52:16,969 INFO o.a.j.t.JMeterThread: Thread started: Thread Group - until HTTP 503 - 224 users 1-138
2026-09-10 20:52:17,247 INFO o.a.j.t.JMeterThread: Thread started: Thread Group - until HTTP 503 - 224 users 1-139
2026-09-10 20:52:17,514 INFO o.a.j.t.JMeterThread: Thread started: Thread Group - until HTTP 503 - 224 users 1-140
2026-09-10 20:52:17,784 INFO o.a.j.t.JMeterThread: Thread started: Thread Group - until HTTP 503 - 224 users 1-141
2026-09-10 20:52:18,050 INFO o.a.j.t.JMeterThread: Thread started: Thread Group - until HTTP 503 - 224 users 1-142
2026-09-10 20:52:18,320 INFO o.a.j.t.JMeterThread: Thread started: Thread Group - until HTTP 503 - 224 users 1-143
2026-09-10 20:52:18,579 INFO o.a.j.t.JMeterThread: Thread started: Thread Group - until HTTP 503 - 224 users 1-144
2026-09-10 20:52:18,854 INFO o.a.j.t.JMeterThread: Thread started: Thread Group - until HTTP 503 - 224 users 1-145
2026-09-10 20:52:19,121 INFO o.a.j.t.JMeterThread: Thread started: Thread Group - until HTTP 503 - 224 users 1-146
2026-09-10 20:52:19,387 INFO o.a.j.t.JMeterThread: Thread started: Thread Group - until HTTP 503 - 224 users 1-147
2026-09-10 20:52:19,655 INFO o.a.j.t.JMeterThread: Thread started: Thread Group - until HTTP 503 - 224 users 1-148
2026-09-10 20:52:19,923 INFO o.a.j.t.JMeterThread: Thread started: Thread Group - until HTTP 503 - 224 users 1-149
2026-09-10 20:52:20,191 INFO o.a.j.t.JMeterThread: Thread started: Thread Group - until HTTP 503 - 224 users 1-150
2026-09-10 20:52:20,459 INFO o.a.j.t.JMeterThread: Thread started: Thread Group - until HTTP 503 - 224 users 1-151
2026-09-10 20:52:20,726 INFO o.a.j.t.JMeterThread: Thread started: Thread Group - until HTTP 503 - 224 users 1-152
2026-09-10 20:52:20,992 INFO o.a.j.t.JMeterThread: Thread started: Thread Group - until HTTP 503 - 224 users 1-153
2026-09-10 20:52:21,260 INFO o.a.j.t.JMeterThread: Thread started: Thread Group - until HTTP 503 - 224 users 1-154
2026-09-10 20:52:21,527 INFO o.a.j.t.JMeterThread: Thread started: Thread Group - until HTTP 503 - 224 users 1-155
2026-09-10 20:52:21,795 INFO o.a.j.t.JMeterThread: Thread started: Thread Group - until HTTP 503 - 224 users 1-156
2026-09-10 20:52:22,065 INFO o.a.j.t.JMeterThread: Thread started: Thread Group - until HTTP 503 - 224 users 1-157
2026-09-10 20:52:22,331 INFO o.a.j.t.JMeterThread: Thread started: Thread Group - until HTTP 503 - 224 users 1-158
2026-09-10 20:52:22,596 INFO o.a.j.t.JMeterThread: Thread started: Thread Group - until HTTP 503 - 224 users 1-159
2026-09-10 20:52:22,867 INFO o.a.j.t.JMeterThread: Thread started: Thread Group - until HTTP 503 - 224 users 1-160
2026-09-10 20:52:23,139 INFO o.a.j.t.JMeterThread: Thread started: Thread Group - until HTTP 503 - 224 users 1-161
2026-09-10 20:52:23,403 INFO o.a.j.t.JMeterThread: Thread started: Thread Group - until HTTP 503 - 224 users 1-162
2026-09-10 20:52:23,669 INFO o.a.j.t.JMeterThread: Thread started: Thread Group - until HTTP 503 - 224 users 1-163
2026-09-10 20:52:23,942 INFO o.a.j.t.JMeterThread: Thread started: Thread Group - until HTTP 503 - 224 users 1-164
2026-09-10 20:52:24,210 INFO o.a.j.t.JMeterThread: Thread started: Thread Group - until HTTP 503 - 224 users 1-165
2026-09-10 20:52:24,476 INFO o.a.j.t.JMeterThread: Thread started: Thread Group - until HTTP 503 - 224 users 1-166
2026-09-10 20:52:24,740 INFO o.a.j.t.JMeterThread: Thread started: Thread Group - until HTTP 503 - 224 users 1-167
2026-09-10 20:52:25,013 INFO o.a.j.t.JMeterThread: Thread started: Thread Group - until HTTP 503 - 224 users 1-168
2026-09-10 20:52:25,281 INFO o.a.j.t.JMeterThread: Thread started: Thread Group - until HTTP 503 - 224 users 1-169
2026-09-10 20:52:25,547 INFO o.a.j.t.JMeterThread: Thread started: Thread Group - until HTTP 503 - 224 users 1-170
2026-09-10 20:52:25,817 INFO o.a.j.t.JMeterThread: Thread started: Thread Group - until HTTP 503 - 224 users 1-171
2026-09-10 20:52:26,083 INFO o.a.j.t.JMeterThread: Thread started: Thread Group - until HTTP 503 - 224 users 1-172
2026-09-10 20:52:26,352 INFO o.a.j.t.JMeterThread: Thread started: Thread Group - until HTTP 503 - 224 users 1-173
2026-09-10 20:52:26,619 INFO o.a.j.t.JMeterThread: Thread started: Thread Group - until HTTP 503 - 224 users 1-174
2026-09-10 20:52:26,888 INFO o.a.j.t.JMeterThread: Thread started: Thread Group - until HTTP 503 - 224 users 1-175
2026-09-10 20:52:27,158 INFO o.a.j.t.JMeterThread: Thread started: Thread Group - until HTTP 503 - 224 users 1-176
2026-09-10 20:52:27,430 INFO o.a.j.t.JMeterThread: Thread started: Thread Group - until HTTP 503 - 224 users 1-177
2026-09-10 20:52:27,693 INFO o.a.j.t.JMeterThread: Thread started: Thread Group - until HTTP 503 - 224 users 1-178
2026-09-10 20:52:27,962 INFO o.a.j.t.JMeterThread: Thread started: Thread Group - until HTTP 503 - 224 users 1-179
2026-09-10 20:52:28,229 INFO o.a.j.t.JMeterThread: Thread started: Thread Group - until HTTP 503 - 224 users 1-180
2026-09-10 20:52:28,502 INFO o.a.j.t.JMeterThread: Thread started: Thread Group - until HTTP 503 - 224 users 1-181
2026-09-10 20:52:28,762 INFO o.a.j.t.JMeterThread: Thread started: Thread Group - until HTTP 503 - 224 users 1-182
2026-09-10 20:52:29,044 INFO o.a.j.t.JMeterThread: Thread started: Thread Group - until HTTP 503 - 224 users 1-183
2026-09-10 20:52:29,311 INFO o.a.j.t.JMeterThread: Thread started: Thread Group - until HTTP 503 - 224 users 1-184
2026-09-10 20:52:29,570 INFO o.a.j.t.JMeterThread: Thread started: Thread Group - until HTTP 503 - 224 users 1-185
2026-09-10 20:52:29,845 INFO o.a.j.t.JMeterThread: Thread started: Thread Group - until HTTP 503 - 224 users 1-186
2026-09-10 20:52:30,052 INFO o.a.j.r.Summariser: summary +    790 in 00:00:29 =   26.8/s Avg:  4164 Min:  2070 Max:  9006 Err:   790 (100.00%) Active: 186 Started: 186 Finished: 0
2026-09-10 20:52:30,053 INFO o.a.j.r.Summariser: summary =   1294 in 00:00:50 =   26.0/s Avg:  3055 Min:   512 Max:  9006 Err:  1193 (92.19%)
2026-09-10 20:52:30,103 INFO o.a.j.t.JMeterThread: Thread started: Thread Group - until HTTP 503 - 224 users 1-187
2026-09-10 20:52:30,375 INFO o.a.j.t.JMeterThread: Thread started: Thread Group - until HTTP 503 - 224 users 1-188
2026-09-10 20:52:30,651 INFO o.a.j.t.JMeterThread: Thread started: Thread Group - until HTTP 503 - 224 users 1-189
2026-09-10 20:52:30,917 INFO o.a.j.t.JMeterThread: Thread started: Thread Group - until HTTP 503 - 224 users 1-190
2026-09-10 20:52:31,185 INFO o.a.j.t.JMeterThread: Thread started: Thread Group - until HTTP 503 - 224 users 1-191
2026-09-10 20:52:31,448 INFO o.a.j.t.JMeterThread: Thread started: Thread Group - until HTTP 503 - 224 users 1-192
2026-09-10 20:52:31,717 INFO o.a.j.t.JMeterThread: Thread started: Thread Group - until HTTP 503 - 224 users 1-193
2026-09-10 20:52:31,988 INFO o.a.j.t.JMeterThread: Thread started: Thread Group - until HTTP 503 - 224 users 1-194
2026-09-10 20:52:32,257 INFO o.a.j.t.JMeterThread: Thread started: Thread Group - until HTTP 503 - 224 users 1-195
2026-09-10 20:52:32,526 INFO o.a.j.t.JMeterThread: Thread started: Thread Group - until HTTP 503 - 224 users 1-196
2026-09-10 20:52:32,794 INFO o.a.j.t.JMeterThread: Thread started: Thread Group - until HTTP 503 - 224 users 1-197
2026-09-10 20:52:33,061 INFO o.a.j.t.JMeterThread: Thread started: Thread Group - until HTTP 503 - 224 users 1-198
2026-09-10 20:52:33,328 INFO o.a.j.t.JMeterThread: Thread started: Thread Group - until HTTP 503 - 224 users 1-199
2026-09-10 20:52:33,594 INFO o.a.j.t.JMeterThread: Thread started: Thread Group - until HTTP 503 - 224 users 1-200
2026-09-10 20:52:33,864 INFO o.a.j.t.JMeterThread: Thread started: Thread Group - until HTTP 503 - 224 users 1-201
2026-09-10 20:52:34,133 INFO o.a.j.t.JMeterThread: Thread started: Thread Group - until HTTP 503 - 224 users 1-202
2026-09-10 20:52:34,401 INFO o.a.j.t.JMeterThread: Thread started: Thread Group - until HTTP 503 - 224 users 1-203
2026-09-10 20:52:34,669 INFO o.a.j.t.JMeterThread: Thread started: Thread Group - until HTTP 503 - 224 users 1-204
2026-09-10 20:52:34,937 INFO o.a.j.t.JMeterThread: Thread started: Thread Group - until HTTP 503 - 224 users 1-205
2026-09-10 20:52:35,196 INFO o.a.j.t.JMeterThread: Thread started: Thread Group - until HTTP 503 - 224 users 1-206
2026-09-10 20:52:35,471 INFO o.a.j.t.JMeterThread: Thread started: Thread Group - until HTTP 503 - 224 users 1-207
2026-09-10 20:52:35,740 INFO o.a.j.t.JMeterThread: Thread started: Thread Group - until HTTP 503 - 224 users 1-208
2026-09-10 20:52:36,007 INFO o.a.j.t.JMeterThread: Thread started: Thread Group - until HTTP 503 - 224 users 1-209
2026-09-10 20:52:36,274 INFO o.a.j.t.JMeterThread: Thread started: Thread Group - until HTTP 503 - 224 users 1-210
2026-09-10 20:52:36,542 INFO o.a.j.t.JMeterThread: Thread started: Thread Group - until HTTP 503 - 224 users 1-211
2026-09-10 20:52:36,811 INFO o.a.j.t.JMeterThread: Thread started: Thread Group - until HTTP 503 - 224 users 1-212
2026-09-10 20:52:37,078 INFO o.a.j.t.JMeterThread: Thread started: Thread Group - until HTTP 503 - 224 users 1-213
2026-09-10 20:52:37,343 INFO o.a.j.t.JMeterThread: Thread started: Thread Group - until HTTP 503 - 224 users 1-214
2026-09-10 20:52:37,607 INFO o.a.j.t.JMeterThread: Thread started: Thread Group - until HTTP 503 - 224 users 1-215
2026-09-10 20:52:37,880 INFO o.a.j.t.JMeterThread: Thread started: Thread Group - until HTTP 503 - 224 users 1-216
2026-09-10 20:52:38,148 INFO o.a.j.t.JMeterThread: Thread started: Thread Group - until HTTP 503 - 224 users 1-217
2026-09-10 20:52:38,416 INFO o.a.j.t.JMeterThread: Thread started: Thread Group - until HTTP 503 - 224 users 1-218
2026-09-10 20:52:38,683 INFO o.a.j.t.JMeterThread: Thread started: Thread Group - until HTTP 503 - 224 users 1-219
2026-09-10 20:52:38,952 INFO o.a.j.t.JMeterThread: Thread started: Thread Group - until HTTP 503 - 224 users 1-220
2026-09-10 20:52:39,220 INFO o.a.j.t.JMeterThread: Thread started: Thread Group - until HTTP 503 - 224 users 1-221
2026-09-10 20:52:39,482 INFO o.a.j.t.JMeterThread: Thread started: Thread Group - until HTTP 503 - 224 users 1-222
2026-09-10 20:52:39,755 INFO o.a.j.t.JMeterThread: Thread started: Thread Group - until HTTP 503 - 224 users 1-223
2026-09-10 20:52:40,023 INFO o.a.j.t.JMeterThread: Thread started: Thread Group - until HTTP 503 - 224 users 1-224
2026-09-10 20:53:00,020 INFO o.a.j.r.Summariser: summary +    794 in 00:00:30 =   26.5/s Avg:  7594 Min:  5094 Max: 10301 Err:   794 (100.00%) Active: 224 Started: 224 Finished: 0
2026-09-10 20:53:00,024 INFO o.a.j.r.Summariser: summary =   2088 in 00:01:20 =   26.2/s Avg:  4781 Min:   512 Max: 10301 Err:  1987 (95.16%)
2026-09-10 20:53:10,617 INFO o.a.j.t.JMeterThread: Stopping because end time detected by thread: Thread Group - until HTTP 503 - 224 users 1-219
2026-09-10 20:53:10,617 INFO o.a.j.t.JMeterThread: Thread finished: Thread Group - until HTTP 503 - 224 users 1-219
2026-09-10 20:53:10,617 INFO o.a.j.t.JMeterThread: Stopping because end time detected by thread: Thread Group - until HTTP 503 - 224 users 1-126
2026-09-10 20:53:10,617 INFO o.a.j.t.JMeterThread: Thread finished: Thread Group - until HTTP 503 - 224 users 1-126
2026-09-10 20:53:10,617 INFO o.a.j.t.JMeterThread: Stopping because end time detected by thread: Thread Group - until HTTP 503 - 224 users 1-144
2026-09-10 20:53:10,617 INFO o.a.j.t.JMeterThread: Thread finished: Thread Group - until HTTP 503 - 224 users 1-144
2026-09-10 20:53:10,617 INFO o.a.j.t.JMeterThread: Stopping because end time detected by thread: Thread Group - until HTTP 503 - 224 users 1-143
2026-09-10 20:53:10,617 INFO o.a.j.t.JMeterThread: Stopping because end time detected by thread: Thread Group - until HTTP 503 - 224 users 1-145
2026-09-10 20:53:10,617 INFO o.a.j.t.JMeterThread: Stopping because end time detected by thread: Thread Group - until HTTP 503 - 224 users 1-149
2026-09-10 20:53:10,617 INFO o.a.j.t.JMeterThread: Thread finished: Thread Group - until HTTP 503 - 224 users 1-143
2026-09-10 20:53:10,617 INFO o.a.j.t.JMeterThread: Stopping because end time detected by thread: Thread Group - until HTTP 503 - 224 users 1-172
2026-09-10 20:53:10,617 INFO o.a.j.t.JMeterThread: Stopping because end time detected by thread: Thread Group - until HTTP 503 - 224 users 1-170
2026-09-10 20:53:10,617 INFO o.a.j.t.JMeterThread: Thread finished: Thread Group - until HTTP 503 - 224 users 1-145
2026-09-10 20:53:10,617 INFO o.a.j.t.JMeterThread: Thread finished: Thread Group - until HTTP 503 - 224 users 1-149
2026-09-10 20:53:10,617 INFO o.a.j.t.JMeterThread: Stopping because end time detected by thread: Thread Group - until HTTP 503 - 224 users 1-173
2026-09-10 20:53:10,617 INFO o.a.j.t.JMeterThread: Thread finished: Thread Group - until HTTP 503 - 224 users 1-172
2026-09-10 20:53:10,617 INFO o.a.j.t.JMeterThread: Thread finished: Thread Group - until HTTP 503 - 224 users 1-173
2026-09-10 20:53:10,617 INFO o.a.j.t.JMeterThread: Stopping because end time detected by thread: Thread Group - until HTTP 503 - 224 users 1-175
2026-09-10 20:53:10,617 INFO o.a.j.t.JMeterThread: Thread finished: Thread Group - until HTTP 503 - 224 users 1-170
2026-09-10 20:53:10,618 INFO o.a.j.t.JMeterThread: Stopping because end time detected by thread: Thread Group - until HTTP 503 - 224 users 1-211
2026-09-10 20:53:10,618 INFO o.a.j.t.JMeterThread: Thread finished: Thread Group - until HTTP 503 - 224 users 1-175
2026-09-10 20:53:10,618 INFO o.a.j.t.JMeterThread: Thread finished: Thread Group - until HTTP 503 - 224 users 1-211
2026-09-10 20:53:10,618 INFO o.a.j.t.JMeterThread: Stopping because end time detected by thread: Thread Group - until HTTP 503 - 224 users 1-153
2026-09-10 20:53:10,618 INFO o.a.j.t.JMeterThread: Thread finished: Thread Group - until HTTP 503 - 224 users 1-153
2026-09-10 20:53:10,618 INFO o.a.j.t.JMeterThread: Stopping because end time detected by thread: Thread Group - until HTTP 503 - 224 users 1-157
2026-09-10 20:53:10,618 INFO o.a.j.t.JMeterThread: Stopping because end time detected by thread: Thread Group - until HTTP 503 - 224 users 1-218
2026-09-10 20:53:10,618 INFO o.a.j.t.JMeterThread: Thread finished: Thread Group - until HTTP 503 - 224 users 1-218
2026-09-10 20:53:10,618 INFO o.a.j.t.JMeterThread: Thread finished: Thread Group - until HTTP 503 - 224 users 1-157
2026-09-10 20:53:10,618 INFO o.a.j.t.JMeterThread: Stopping because end time detected by thread: Thread Group - until HTTP 503 - 224 users 1-147
2026-09-10 20:53:10,618 INFO o.a.j.t.JMeterThread: Thread finished: Thread Group - until HTTP 503 - 224 users 1-147
2026-09-10 20:53:10,618 INFO o.a.j.t.JMeterThread: Stopping because end time detected by thread: Thread Group - until HTTP 503 - 224 users 1-46
2026-09-10 20:53:10,618 INFO o.a.j.t.JMeterThread: Stopping because end time detected by thread: Thread Group - until HTTP 503 - 224 users 1-106
2026-09-10 20:53:10,618 INFO o.a.j.t.JMeterThread: Thread finished: Thread Group - until HTTP 503 - 224 users 1-46
2026-09-10 20:53:10,618 INFO o.a.j.t.JMeterThread: Thread finished: Thread Group - until HTTP 503 - 224 users 1-106
2026-09-10 20:53:10,618 INFO o.a.j.t.JMeterThread: Stopping because end time detected by thread: Thread Group - until HTTP 503 - 224 users 1-176
2026-09-10 20:53:10,619 INFO o.a.j.t.JMeterThread: Stopping because end time detected by thread: Thread Group - until HTTP 503 - 224 users 1-222
2026-09-10 20:53:10,619 INFO o.a.j.t.JMeterThread: Thread finished: Thread Group - until HTTP 503 - 224 users 1-176
2026-09-10 20:53:10,619 INFO o.a.j.t.JMeterThread: Thread finished: Thread Group - until HTTP 503 - 224 users 1-222
2026-09-10 20:53:10,618 INFO o.a.j.t.JMeterThread: Stopping because end time detected by thread: Thread Group - until HTTP 503 - 224 users 1-122
2026-09-10 20:53:10,619 INFO o.a.j.t.JMeterThread: Stopping because end time detected by thread: Thread Group - until HTTP 503 - 224 users 1-80
2026-09-10 20:53:10,618 INFO o.a.j.t.JMeterThread: Stopping because end time detected by thread: Thread Group - until HTTP 503 - 224 users 1-75
2026-09-10 20:53:10,619 INFO o.a.j.t.JMeterThread: Stopping because end time detected by thread: Thread Group - until HTTP 503 - 224 users 1-223
2026-09-10 20:53:10,619 INFO o.a.j.t.JMeterThread: Thread finished: Thread Group - until HTTP 503 - 224 users 1-75
2026-09-10 20:53:10,619 INFO o.a.j.t.JMeterThread: Stopping because end time detected by thread: Thread Group - until HTTP 503 - 224 users 1-158
2026-09-10 20:53:10,619 INFO o.a.j.t.JMeterThread: Thread finished: Thread Group - until HTTP 503 - 224 users 1-122
2026-09-10 20:53:10,619 INFO o.a.j.t.JMeterThread: Thread finished: Thread Group - until HTTP 503 - 224 users 1-158
2026-09-10 20:53:10,619 INFO o.a.j.t.JMeterThread: Thread finished: Thread Group - until HTTP 503 - 224 users 1-80
2026-09-10 20:53:10,619 INFO o.a.j.t.JMeterThread: Thread finished: Thread Group - until HTTP 503 - 224 users 1-223
2026-09-10 20:53:10,620 INFO o.a.j.t.JMeterThread: Stopping because end time detected by thread: Thread Group - until HTTP 503 - 224 users 1-10
2026-09-10 20:53:10,620 INFO o.a.j.t.JMeterThread: Thread finished: Thread Group - until HTTP 503 - 224 users 1-10
2026-09-10 20:53:10,622 INFO o.a.j.t.JMeterThread: Stopping because end time detected by thread: Thread Group - until HTTP 503 - 224 users 1-164
2026-09-10 20:53:10,622 INFO o.a.j.t.JMeterThread: Stopping because end time detected by thread: Thread Group - until HTTP 503 - 224 users 1-207
2026-09-10 20:53:10,622 INFO o.a.j.t.JMeterThread: Thread finished: Thread Group - until HTTP 503 - 224 users 1-164
2026-09-10 20:53:10,622 INFO o.a.j.t.JMeterThread: Thread finished: Thread Group - until HTTP 503 - 224 users 1-207
2026-09-10 20:53:10,622 INFO o.a.j.t.JMeterThread: Stopping because end time detected by thread: Thread Group - until HTTP 503 - 224 users 1-93
2026-09-10 20:53:10,622 INFO o.a.j.t.JMeterThread: Stopping because end time detected by thread: Thread Group - until HTTP 503 - 224 users 1-179
2026-09-10 20:53:10,622 INFO o.a.j.t.JMeterThread: Stopping because end time detected by thread: Thread Group - until HTTP 503 - 224 users 1-95
2026-09-10 20:53:10,622 INFO o.a.j.t.JMeterThread: Stopping because end time detected by thread: Thread Group - until HTTP 503 - 224 users 1-184
2026-09-10 20:53:10,622 INFO o.a.j.t.JMeterThread: Thread finished: Thread Group - until HTTP 503 - 224 users 1-179
2026-09-10 20:53:10,622 INFO o.a.j.t.JMeterThread: Thread finished: Thread Group - until HTTP 503 - 224 users 1-95
2026-09-10 20:53:10,622 INFO o.a.j.t.JMeterThread: Thread finished: Thread Group - until HTTP 503 - 224 users 1-93
2026-09-10 20:53:10,622 INFO o.a.j.t.JMeterThread: Thread finished: Thread Group - until HTTP 503 - 224 users 1-184
2026-09-10 20:53:12,476 INFO o.a.j.t.JMeterThread: Stopping because end time detected by thread: Thread Group - until HTTP 503 - 224 users 1-102
2026-09-10 20:53:12,476 INFO o.a.j.t.JMeterThread: Stopping because end time detected by thread: Thread Group - until HTTP 503 - 224 users 1-127
2026-09-10 20:53:12,476 INFO o.a.j.t.JMeterThread: Thread finished: Thread Group - until HTTP 503 - 224 users 1-102
2026-09-10 20:53:12,477 INFO o.a.j.t.JMeterThread: Thread finished: Thread Group - until HTTP 503 - 224 users 1-127
2026-09-10 20:53:13,591 INFO o.a.j.t.JMeterThread: Stopping because end time detected by thread: Thread Group - until HTTP 503 - 224 users 1-139
2026-09-10 20:53:13,591 INFO o.a.j.t.JMeterThread: Stopping because end time detected by thread: Thread Group - until HTTP 503 - 224 users 1-13
2026-09-10 20:53:13,591 INFO o.a.j.t.JMeterThread: Stopping because end time detected by thread: Thread Group - until HTTP 503 - 224 users 1-22
2026-09-10 20:53:13,591 INFO o.a.j.t.JMeterThread: Stopping because end time detected by thread: Thread Group - until HTTP 503 - 224 users 1-109
2026-09-10 20:53:13,591 INFO o.a.j.t.JMeterThread: Stopping because end time detected by thread: Thread Group - until HTTP 503 - 224 users 1-103
2026-09-10 20:53:13,592 INFO o.a.j.t.JMeterThread: Stopping because end time detected by thread: Thread Group - until HTTP 503 - 224 users 1-132
2026-09-10 20:53:13,592 INFO o.a.j.t.JMeterThread: Thread finished: Thread Group - until HTTP 503 - 224 users 1-109
2026-09-10 20:53:13,591 INFO o.a.j.t.JMeterThread: Thread finished: Thread Group - until HTTP 503 - 224 users 1-139
2026-09-10 20:53:13,592 INFO o.a.j.t.JMeterThread: Thread finished: Thread Group - until HTTP 503 - 224 users 1-103
2026-09-10 20:53:13,592 INFO o.a.j.t.JMeterThread: Thread finished: Thread Group - until HTTP 503 - 224 users 1-132
2026-09-10 20:53:13,592 INFO o.a.j.t.JMeterThread: Stopping because end time detected by thread: Thread Group - until HTTP 503 - 224 users 1-160
2026-09-10 20:53:13,592 INFO o.a.j.t.JMeterThread: Thread finished: Thread Group - until HTTP 503 - 224 users 1-160
2026-09-10 20:53:13,593 INFO o.a.j.t.JMeterThread: Stopping because end time detected by thread: Thread Group - until HTTP 503 - 224 users 1-196
2026-09-10 20:53:13,591 INFO o.a.j.t.JMeterThread: Thread finished: Thread Group - until HTTP 503 - 224 users 1-13
2026-09-10 20:53:13,591 INFO o.a.j.t.JMeterThread: Thread finished: Thread Group - until HTTP 503 - 224 users 1-22
2026-09-10 20:53:13,593 INFO o.a.j.t.JMeterThread: Stopping because end time detected by thread: Thread Group - until HTTP 503 - 224 users 1-205
2026-09-10 20:53:13,591 INFO o.a.j.t.JMeterThread: Stopping because end time detected by thread: Thread Group - until HTTP 503 - 224 users 1-31
2026-09-10 20:53:13,592 INFO o.a.j.t.JMeterThread: Stopping because end time detected by thread: Thread Group - until HTTP 503 - 224 users 1-120
2026-09-10 20:53:13,593 INFO o.a.j.t.JMeterThread: Thread finished: Thread Group - until HTTP 503 - 224 users 1-31
2026-09-10 20:53:13,593 INFO o.a.j.t.JMeterThread: Stopping because end time detected by thread: Thread Group - until HTTP 503 - 224 users 1-28
2026-09-10 20:53:13,593 INFO o.a.j.t.JMeterThread: Thread finished: Thread Group - until HTTP 503 - 224 users 1-120
2026-09-10 20:53:13,593 INFO o.a.j.t.JMeterThread: Thread finished: Thread Group - until HTTP 503 - 224 users 1-196
2026-09-10 20:53:13,593 INFO o.a.j.t.JMeterThread: Thread finished: Thread Group - until HTTP 503 - 224 users 1-205
2026-09-10 20:53:13,594 INFO o.a.j.t.JMeterThread: Stopping because end time detected by thread: Thread Group - until HTTP 503 - 224 users 1-32
2026-09-10 20:53:13,594 INFO o.a.j.t.JMeterThread: Thread finished: Thread Group - until HTTP 503 - 224 users 1-32
2026-09-10 20:53:13,594 INFO o.a.j.t.JMeterThread: Stopping because end time detected by thread: Thread Group - until HTTP 503 - 224 users 1-64
2026-09-10 20:53:13,595 INFO o.a.j.t.JMeterThread: Thread finished: Thread Group - until HTTP 503 - 224 users 1-64
2026-09-10 20:53:13,593 INFO o.a.j.t.JMeterThread: Thread finished: Thread Group - until HTTP 503 - 224 users 1-28
2026-09-10 20:53:13,595 INFO o.a.j.t.JMeterThread: Stopping because end time detected by thread: Thread Group - until HTTP 503 - 224 users 1-87
2026-09-10 20:53:13,595 INFO o.a.j.t.JMeterThread: Thread finished: Thread Group - until HTTP 503 - 224 users 1-87
2026-09-10 20:53:13,594 INFO o.a.j.t.JMeterThread: Stopping because end time detected by thread: Thread Group - until HTTP 503 - 224 users 1-5
2026-09-10 20:53:13,594 INFO o.a.j.t.JMeterThread: Stopping because end time detected by thread: Thread Group - until HTTP 503 - 224 users 1-18
2026-09-10 20:53:13,596 INFO o.a.j.t.JMeterThread: Stopping because end time detected by thread: Thread Group - until HTTP 503 - 224 users 1-86
2026-09-10 20:53:13,596 INFO o.a.j.t.JMeterThread: Stopping because end time detected by thread: Thread Group - until HTTP 503 - 224 users 1-85
2026-09-10 20:53:13,595 INFO o.a.j.t.JMeterThread: Stopping because end time detected by thread: Thread Group - until HTTP 503 - 224 users 1-81
2026-09-10 20:53:13,596 INFO o.a.j.t.JMeterThread: Stopping because end time detected by thread: Thread Group - until HTTP 503 - 224 users 1-73
2026-09-10 20:53:13,596 INFO o.a.j.t.JMeterThread: Thread finished: Thread Group - until HTTP 503 - 224 users 1-5
2026-09-10 20:53:13,596 INFO o.a.j.t.JMeterThread: Thread finished: Thread Group - until HTTP 503 - 224 users 1-18
2026-09-10 20:53:13,596 INFO o.a.j.t.JMeterThread: Thread finished: Thread Group - until HTTP 503 - 224 users 1-86
2026-09-10 20:53:13,596 INFO o.a.j.t.JMeterThread: Thread finished: Thread Group - until HTTP 503 - 224 users 1-85
2026-09-10 20:53:13,596 INFO o.a.j.t.JMeterThread: Stopping because end time detected by thread: Thread Group - until HTTP 503 - 224 users 1-104
2026-09-10 20:53:13,596 INFO o.a.j.t.JMeterThread: Thread finished: Thread Group - until HTTP 503 - 224 users 1-104
2026-09-10 20:53:13,596 INFO o.a.j.t.JMeterThread: Thread finished: Thread Group - until HTTP 503 - 224 users 1-81
2026-09-10 20:53:13,596 INFO o.a.j.t.JMeterThread: Thread finished: Thread Group - until HTTP 503 - 224 users 1-73
2026-09-10 20:53:13,596 INFO o.a.j.t.JMeterThread: Stopping because end time detected by thread: Thread Group - until HTTP 503 - 224 users 1-94
2026-09-10 20:53:13,596 INFO o.a.j.t.JMeterThread: Stopping because end time detected by thread: Thread Group - until HTTP 503 - 224 users 1-118
2026-09-10 20:53:13,596 INFO o.a.j.t.JMeterThread: Thread finished: Thread Group - until HTTP 503 - 224 users 1-94
2026-09-10 20:53:13,596 INFO o.a.j.t.JMeterThread: Thread finished: Thread Group - until HTTP 503 - 224 users 1-118
2026-09-10 20:53:13,596 INFO o.a.j.t.JMeterThread: Stopping because end time detected by thread: Thread Group - until HTTP 503 - 224 users 1-119
2026-09-10 20:53:13,596 INFO o.a.j.t.JMeterThread: Stopping because end time detected by thread: Thread Group - until HTTP 503 - 224 users 1-121
2026-09-10 20:53:13,596 INFO o.a.j.t.JMeterThread: Thread finished: Thread Group - until HTTP 503 - 224 users 1-119
2026-09-10 20:53:13,596 INFO o.a.j.t.JMeterThread: Thread finished: Thread Group - until HTTP 503 - 224 users 1-121
2026-09-10 20:53:13,597 INFO o.a.j.t.JMeterThread: Stopping because end time detected by thread: Thread Group - until HTTP 503 - 224 users 1-124
2026-09-10 20:53:13,597 INFO o.a.j.t.JMeterThread: Thread finished: Thread Group - until HTTP 503 - 224 users 1-124
2026-09-10 20:53:13,597 INFO o.a.j.t.JMeterThread: Stopping because end time detected by thread: Thread Group - until HTTP 503 - 224 users 1-210
2026-09-10 20:53:13,597 INFO o.a.j.t.JMeterThread: Stopping because end time detected by thread: Thread Group - until HTTP 503 - 224 users 1-152
2026-09-10 20:53:13,597 INFO o.a.j.t.JMeterThread: Thread finished: Thread Group - until HTTP 503 - 224 users 1-210
2026-09-10 20:53:13,597 INFO o.a.j.t.JMeterThread: Thread finished: Thread Group - until HTTP 503 - 224 users 1-152
2026-09-10 20:53:13,597 INFO o.a.j.t.JMeterThread: Stopping because end time detected by thread: Thread Group - until HTTP 503 - 224 users 1-9
2026-09-10 20:53:13,597 INFO o.a.j.t.JMeterThread: Thread finished: Thread Group - until HTTP 503 - 224 users 1-9
2026-09-10 20:53:13,597 INFO o.a.j.t.JMeterThread: Stopping because end time detected by thread: Thread Group - until HTTP 503 - 224 users 1-71
2026-09-10 20:53:13,597 INFO o.a.j.t.JMeterThread: Thread finished: Thread Group - until HTTP 503 - 224 users 1-71
2026-09-10 20:53:13,597 INFO o.a.j.t.JMeterThread: Stopping because end time detected by thread: Thread Group - until HTTP 503 - 224 users 1-84
2026-09-10 20:53:13,597 INFO o.a.j.t.JMeterThread: Stopping because end time detected by thread: Thread Group - until HTTP 503 - 224 users 1-108
2026-09-10 20:53:13,597 INFO o.a.j.t.JMeterThread: Thread finished: Thread Group - until HTTP 503 - 224 users 1-84
2026-09-10 20:53:13,597 INFO o.a.j.t.JMeterThread: Stopping because end time detected by thread: Thread Group - until HTTP 503 - 224 users 1-113
2026-09-10 20:53:13,598 INFO o.a.j.t.JMeterThread: Stopping because end time detected by thread: Thread Group - until HTTP 503 - 224 users 1-216
2026-09-10 20:53:13,598 INFO o.a.j.t.JMeterThread: Thread finished: Thread Group - until HTTP 503 - 224 users 1-113
2026-09-10 20:53:13,598 INFO o.a.j.t.JMeterThread: Thread finished: Thread Group - until HTTP 503 - 224 users 1-216
2026-09-10 20:53:13,598 INFO o.a.j.t.JMeterThread: Stopping because end time detected by thread: Thread Group - until HTTP 503 - 224 users 1-181
2026-09-10 20:53:13,598 INFO o.a.j.t.JMeterThread: Thread finished: Thread Group - until HTTP 503 - 224 users 1-181
2026-09-10 20:53:13,597 INFO o.a.j.t.JMeterThread: Thread finished: Thread Group - until HTTP 503 - 224 users 1-108
2026-09-10 20:53:13,598 INFO o.a.j.t.JMeterThread: Stopping because end time detected by thread: Thread Group - until HTTP 503 - 224 users 1-206
2026-09-10 20:53:13,598 INFO o.a.j.t.JMeterThread: Thread finished: Thread Group - until HTTP 503 - 224 users 1-206
2026-09-10 20:53:13,598 INFO o.a.j.t.JMeterThread: Stopping because end time detected by thread: Thread Group - until HTTP 503 - 224 users 1-209
2026-09-10 20:53:13,598 INFO o.a.j.t.JMeterThread: Thread finished: Thread Group - until HTTP 503 - 224 users 1-209
2026-09-10 20:53:13,598 INFO o.a.j.t.JMeterThread: Stopping because end time detected by thread: Thread Group - until HTTP 503 - 224 users 1-19
2026-09-10 20:53:13,598 INFO o.a.j.t.JMeterThread: Stopping because end time detected by thread: Thread Group - until HTTP 503 - 224 users 1-155
2026-09-10 20:53:13,598 INFO o.a.j.t.JMeterThread: Thread finished: Thread Group - until HTTP 503 - 224 users 1-19
2026-09-10 20:53:13,598 INFO o.a.j.t.JMeterThread: Stopping because end time detected by thread: Thread Group - until HTTP 503 - 224 users 1-187
2026-09-10 20:53:13,598 INFO o.a.j.t.JMeterThread: Stopping because end time detected by thread: Thread Group - until HTTP 503 - 224 users 1-135
2026-09-10 20:53:13,599 INFO o.a.j.t.JMeterThread: Thread finished: Thread Group - until HTTP 503 - 224 users 1-155
2026-09-10 20:53:13,599 INFO o.a.j.t.JMeterThread: Thread finished: Thread Group - until HTTP 503 - 224 users 1-187
2026-09-10 20:53:13,599 INFO o.a.j.t.JMeterThread: Stopping because end time detected by thread: Thread Group - until HTTP 503 - 224 users 1-39
2026-09-10 20:53:13,598 INFO o.a.j.t.JMeterThread: Stopping because end time detected by thread: Thread Group - until HTTP 503 - 224 users 1-35
2026-09-10 20:53:13,599 INFO o.a.j.t.JMeterThread: Thread finished: Thread Group - until HTTP 503 - 224 users 1-39
2026-09-10 20:53:13,599 INFO o.a.j.t.JMeterThread: Thread finished: Thread Group - until HTTP 503 - 224 users 1-35
2026-09-10 20:53:13,599 INFO o.a.j.t.JMeterThread: Stopping because end time detected by thread: Thread Group - until HTTP 503 - 224 users 1-40
2026-09-10 20:53:13,599 INFO o.a.j.t.JMeterThread: Thread finished: Thread Group - until HTTP 503 - 224 users 1-135
2026-09-10 20:53:13,599 INFO o.a.j.t.JMeterThread: Stopping because end time detected by thread: Thread Group - until HTTP 503 - 224 users 1-195
2026-09-10 20:53:13,599 INFO o.a.j.t.JMeterThread: Stopping because end time detected by thread: Thread Group - until HTTP 503 - 224 users 1-194
2026-09-10 20:53:13,599 INFO o.a.j.t.JMeterThread: Stopping because end time detected by thread: Thread Group - until HTTP 503 - 224 users 1-51
2026-09-10 20:53:13,599 INFO o.a.j.t.JMeterThread: Thread finished: Thread Group - until HTTP 503 - 224 users 1-40
2026-09-10 20:53:13,599 INFO o.a.j.t.JMeterThread: Thread finished: Thread Group - until HTTP 503 - 224 users 1-51
2026-09-10 20:53:13,599 INFO o.a.j.t.JMeterThread: Thread finished: Thread Group - until HTTP 503 - 224 users 1-195
2026-09-10 20:53:13,599 INFO o.a.j.t.JMeterThread: Thread finished: Thread Group - until HTTP 503 - 224 users 1-194
2026-09-10 20:53:13,599 INFO o.a.j.t.JMeterThread: Stopping because end time detected by thread: Thread Group - until HTTP 503 - 224 users 1-77
2026-09-10 20:53:13,599 INFO o.a.j.t.JMeterThread: Thread finished: Thread Group - until HTTP 503 - 224 users 1-77
2026-09-10 20:53:13,599 INFO o.a.j.t.JMeterThread: Stopping because end time detected by thread: Thread Group - until HTTP 503 - 224 users 1-154
2026-09-10 20:53:13,599 INFO o.a.j.t.JMeterThread: Thread finished: Thread Group - until HTTP 503 - 224 users 1-154
2026-09-10 20:53:13,599 INFO o.a.j.t.JMeterThread: Stopping because end time detected by thread: Thread Group - until HTTP 503 - 224 users 1-188
2026-09-10 20:53:13,599 INFO o.a.j.t.JMeterThread: Thread finished: Thread Group - until HTTP 503 - 224 users 1-188
2026-09-10 20:53:13,599 INFO o.a.j.t.JMeterThread: Stopping because end time detected by thread: Thread Group - until HTTP 503 - 224 users 1-88
2026-09-10 20:53:13,599 INFO o.a.j.t.JMeterThread: Stopping because end time detected by thread: Thread Group - until HTTP 503 - 224 users 1-82
2026-09-10 20:53:13,599 INFO o.a.j.t.JMeterThread: Thread finished: Thread Group - until HTTP 503 - 224 users 1-88
2026-09-10 20:53:13,599 INFO o.a.j.t.JMeterThread: Stopping because end time detected by thread: Thread Group - until HTTP 503 - 224 users 1-115
2026-09-10 20:53:13,599 INFO o.a.j.t.JMeterThread: Thread finished: Thread Group - until HTTP 503 - 224 users 1-82
2026-09-10 20:53:13,600 INFO o.a.j.t.JMeterThread: Thread finished: Thread Group - until HTTP 503 - 224 users 1-115
2026-09-10 20:53:13,600 INFO o.a.j.t.JMeterThread: Stopping because end time detected by thread: Thread Group - until HTTP 503 - 224 users 1-130
2026-09-10 20:53:13,600 INFO o.a.j.t.JMeterThread: Stopping because end time detected by thread: Thread Group - until HTTP 503 - 224 users 1-29
2026-09-10 20:53:13,600 INFO o.a.j.t.JMeterThread: Thread finished: Thread Group - until HTTP 503 - 224 users 1-130
2026-09-10 20:53:13,600 INFO o.a.j.t.JMeterThread: Stopping because end time detected by thread: Thread Group - until HTTP 503 - 224 users 1-30
2026-09-10 20:53:13,600 INFO o.a.j.t.JMeterThread: Thread finished: Thread Group - until HTTP 503 - 224 users 1-29
2026-09-10 20:53:13,600 INFO o.a.j.t.JMeterThread: Thread finished: Thread Group - until HTTP 503 - 224 users 1-30
2026-09-10 20:53:13,600 INFO o.a.j.t.JMeterThread: Stopping because end time detected by thread: Thread Group - until HTTP 503 - 224 users 1-189
2026-09-10 20:53:13,600 INFO o.a.j.t.JMeterThread: Thread finished: Thread Group - until HTTP 503 - 224 users 1-189
2026-09-10 20:53:13,600 INFO o.a.j.t.JMeterThread: Stopping because end time detected by thread: Thread Group - until HTTP 503 - 224 users 1-192
2026-09-10 20:53:13,600 INFO o.a.j.t.JMeterThread: Stopping because end time detected by thread: Thread Group - until HTTP 503 - 224 users 1-11
2026-09-10 20:53:13,600 INFO o.a.j.t.JMeterThread: Thread finished: Thread Group - until HTTP 503 - 224 users 1-192
2026-09-10 20:53:13,600 INFO o.a.j.t.JMeterThread: Thread finished: Thread Group - until HTTP 503 - 224 users 1-11
2026-09-10 20:53:13,600 INFO o.a.j.t.JMeterThread: Stopping because end time detected by thread: Thread Group - until HTTP 503 - 224 users 1-213
2026-09-10 20:53:13,600 INFO o.a.j.t.JMeterThread: Stopping because end time detected by thread: Thread Group - until HTTP 503 - 224 users 1-4
2026-09-10 20:53:13,600 INFO o.a.j.t.JMeterThread: Thread finished: Thread Group - until HTTP 503 - 224 users 1-213
2026-09-10 20:53:13,600 INFO o.a.j.t.JMeterThread: Thread finished: Thread Group - until HTTP 503 - 224 users 1-4
2026-09-10 20:53:13,600 INFO o.a.j.t.JMeterThread: Stopping because end time detected by thread: Thread Group - until HTTP 503 - 224 users 1-1
2026-09-10 20:53:13,600 INFO o.a.j.t.JMeterThread: Stopping because end time detected by thread: Thread Group - until HTTP 503 - 224 users 1-100
2026-09-10 20:53:13,600 INFO o.a.j.t.JMeterThread: Thread finished: Thread Group - until HTTP 503 - 224 users 1-100
2026-09-10 20:53:13,600 INFO o.a.j.t.JMeterThread: Stopping because end time detected by thread: Thread Group - until HTTP 503 - 224 users 1-101
2026-09-10 20:53:13,600 INFO o.a.j.t.JMeterThread: Thread finished: Thread Group - until HTTP 503 - 224 users 1-1
2026-09-10 20:53:13,600 INFO o.a.j.t.JMeterThread: Thread finished: Thread Group - until HTTP 503 - 224 users 1-101
2026-09-10 20:53:16,054 INFO o.a.j.t.JMeterThread: Stopping because end time detected by thread: Thread Group - until HTTP 503 - 224 users 1-21
2026-09-10 20:53:16,054 INFO o.a.j.t.JMeterThread: Stopping because end time detected by thread: Thread Group - until HTTP 503 - 224 users 1-180
2026-09-10 20:53:16,054 INFO o.a.j.t.JMeterThread: Stopping because end time detected by thread: Thread Group - until HTTP 503 - 224 users 1-83
2026-09-10 20:53:16,054 INFO o.a.j.t.JMeterThread: Stopping because end time detected by thread: Thread Group - until HTTP 503 - 224 users 1-15
2026-09-10 20:53:16,054 INFO o.a.j.t.JMeterThread: Stopping because end time detected by thread: Thread Group - until HTTP 503 - 224 users 1-129
2026-09-10 20:53:16,054 INFO o.a.j.t.JMeterThread: Stopping because end time detected by thread: Thread Group - until HTTP 503 - 224 users 1-182
2026-09-10 20:53:16,054 INFO o.a.j.t.JMeterThread: Stopping because end time detected by thread: Thread Group - until HTTP 503 - 224 users 1-107
2026-09-10 20:53:16,055 INFO o.a.j.t.JMeterThread: Thread finished: Thread Group - until HTTP 503 - 224 users 1-182
2026-09-10 20:53:16,054 INFO o.a.j.t.JMeterThread: Thread finished: Thread Group - until HTTP 503 - 224 users 1-21
2026-09-10 20:53:16,055 INFO o.a.j.t.JMeterThread: Thread finished: Thread Group - until HTTP 503 - 224 users 1-83
2026-09-10 20:53:16,054 INFO o.a.j.t.JMeterThread: Thread finished: Thread Group - until HTTP 503 - 224 users 1-180
2026-09-10 20:53:16,054 INFO o.a.j.t.JMeterThread: Stopping because end time detected by thread: Thread Group - until HTTP 503 - 224 users 1-96
2026-09-10 20:53:16,055 INFO o.a.j.t.JMeterThread: Thread finished: Thread Group - until HTTP 503 - 224 users 1-96
2026-09-10 20:53:16,054 INFO o.a.j.t.JMeterThread: Thread finished: Thread Group - until HTTP 503 - 224 users 1-15
2026-09-10 20:53:16,055 INFO o.a.j.t.JMeterThread: Stopping because end time detected by thread: Thread Group - until HTTP 503 - 224 users 1-12
2026-09-10 20:53:16,054 INFO o.a.j.t.JMeterThread: Thread finished: Thread Group - until HTTP 503 - 224 users 1-129
2026-09-10 20:53:16,055 INFO o.a.j.t.JMeterThread: Stopping because end time detected by thread: Thread Group - until HTTP 503 - 224 users 1-183
2026-09-10 20:53:16,056 INFO o.a.j.t.JMeterThread: Stopping because end time detected by thread: Thread Group - until HTTP 503 - 224 users 1-20
2026-09-10 20:53:16,057 INFO o.a.j.t.JMeterThread: Thread finished: Thread Group - until HTTP 503 - 224 users 1-183
2026-09-10 20:53:16,057 INFO o.a.j.t.JMeterThread: Stopping because end time detected by thread: Thread Group - until HTTP 503 - 224 users 1-68
2026-09-10 20:53:16,057 INFO o.a.j.t.JMeterThread: Thread finished: Thread Group - until HTTP 503 - 224 users 1-20
2026-09-10 20:53:16,057 INFO o.a.j.t.JMeterThread: Thread finished: Thread Group - until HTTP 503 - 224 users 1-68
2026-09-10 20:53:16,057 INFO o.a.j.t.JMeterThread: Stopping because end time detected by thread: Thread Group - until HTTP 503 - 224 users 1-2
2026-09-10 20:53:16,057 INFO o.a.j.t.JMeterThread: Thread finished: Thread Group - until HTTP 503 - 224 users 1-2
2026-09-10 20:53:16,057 INFO o.a.j.t.JMeterThread: Stopping because end time detected by thread: Thread Group - until HTTP 503 - 224 users 1-134
2026-09-10 20:53:16,057 INFO o.a.j.t.JMeterThread: Stopping because end time detected by thread: Thread Group - until HTTP 503 - 224 users 1-201
2026-09-10 20:53:16,057 INFO o.a.j.t.JMeterThread: Thread finished: Thread Group - until HTTP 503 - 224 users 1-134
2026-09-10 20:53:16,055 INFO o.a.j.t.JMeterThread: Thread finished: Thread Group - until HTTP 503 - 224 users 1-107
2026-09-10 20:53:16,055 INFO o.a.j.t.JMeterThread: Stopping because end time detected by thread: Thread Group - until HTTP 503 - 224 users 1-186
2026-09-10 20:53:16,055 INFO o.a.j.t.JMeterThread: Stopping because end time detected by thread: Thread Group - until HTTP 503 - 224 users 1-91
2026-09-10 20:53:16,057 INFO o.a.j.t.JMeterThread: Stopping because end time detected by thread: Thread Group - until HTTP 503 - 224 users 1-16
2026-09-10 20:53:16,057 INFO o.a.j.t.JMeterThread: Thread finished: Thread Group - until HTTP 503 - 224 users 1-186
2026-09-10 20:53:16,057 INFO o.a.j.t.JMeterThread: Stopping because end time detected by thread: Thread Group - until HTTP 503 - 224 users 1-208
2026-09-10 20:53:16,057 INFO o.a.j.t.JMeterThread: Thread finished: Thread Group - until HTTP 503 - 224 users 1-12
2026-09-10 20:53:16,057 INFO o.a.j.t.JMeterThread: Thread finished: Thread Group - until HTTP 503 - 224 users 1-208
2026-09-10 20:53:16,056 INFO o.a.j.t.JMeterThread: Stopping because end time detected by thread: Thread Group - until HTTP 503 - 224 users 1-44
2026-09-10 20:53:16,057 INFO o.a.j.t.JMeterThread: Stopping because end time detected by thread: Thread Group - until HTTP 503 - 224 users 1-128
2026-09-10 20:53:16,058 INFO o.a.j.t.JMeterThread: Thread finished: Thread Group - until HTTP 503 - 224 users 1-44
2026-09-10 20:53:16,057 INFO o.a.j.t.JMeterThread: Stopping because end time detected by thread: Thread Group - until HTTP 503 - 224 users 1-177
2026-09-10 20:53:16,057 INFO o.a.j.t.JMeterThread: Stopping because end time detected by thread: Thread Group - until HTTP 503 - 224 users 1-14
2026-09-10 20:53:16,058 INFO o.a.j.t.JMeterThread: Thread finished: Thread Group - until HTTP 503 - 224 users 1-177
2026-09-10 20:53:16,057 INFO o.a.j.t.JMeterThread: Thread finished: Thread Group - until HTTP 503 - 224 users 1-201
2026-09-10 20:53:16,057 INFO o.a.j.t.JMeterThread: Stopping because end time detected by thread: Thread Group - until HTTP 503 - 224 users 1-191
2026-09-10 20:53:16,058 INFO o.a.j.t.JMeterThread: Thread finished: Thread Group - until HTTP 503 - 224 users 1-191
2026-09-10 20:53:16,057 INFO o.a.j.t.JMeterThread: Stopping because end time detected by thread: Thread Group - until HTTP 503 - 224 users 1-3
2026-09-10 20:53:16,057 INFO o.a.j.t.JMeterThread: Thread finished: Thread Group - until HTTP 503 - 224 users 1-91
2026-09-10 20:53:16,058 INFO o.a.j.t.JMeterThread: Thread finished: Thread Group - until HTTP 503 - 224 users 1-128
2026-09-10 20:53:16,058 INFO o.a.j.t.JMeterThread: Thread finished: Thread Group - until HTTP 503 - 224 users 1-14
2026-09-10 20:53:16,058 INFO o.a.j.t.JMeterThread: Thread finished: Thread Group - until HTTP 503 - 224 users 1-16
2026-09-10 20:53:16,058 INFO o.a.j.t.JMeterThread: Thread finished: Thread Group - until HTTP 503 - 224 users 1-3
2026-09-10 20:53:16,059 INFO o.a.j.t.JMeterThread: Stopping because end time detected by thread: Thread Group - until HTTP 503 - 224 users 1-199
2026-09-10 20:53:16,059 INFO o.a.j.t.JMeterThread: Thread finished: Thread Group - until HTTP 503 - 224 users 1-199
2026-09-10 20:53:16,059 INFO o.a.j.t.JMeterThread: Stopping because end time detected by thread: Thread Group - until HTTP 503 - 224 users 1-61
2026-09-10 20:53:16,059 INFO o.a.j.t.JMeterThread: Thread finished: Thread Group - until HTTP 503 - 224 users 1-61
2026-09-10 20:53:16,059 INFO o.a.j.t.JMeterThread: Stopping because end time detected by thread: Thread Group - until HTTP 503 - 224 users 1-67
2026-09-10 20:53:16,059 INFO o.a.j.t.JMeterThread: Stopping because end time detected by thread: Thread Group - until HTTP 503 - 224 users 1-24
2026-09-10 20:53:16,059 INFO o.a.j.t.JMeterThread: Thread finished: Thread Group - until HTTP 503 - 224 users 1-24
2026-09-10 20:53:16,059 INFO o.a.j.t.JMeterThread: Stopping because end time detected by thread: Thread Group - until HTTP 503 - 224 users 1-36
2026-09-10 20:53:16,059 INFO o.a.j.t.JMeterThread: Thread finished: Thread Group - until HTTP 503 - 224 users 1-36
2026-09-10 20:53:16,059 INFO o.a.j.t.JMeterThread: Stopping because end time detected by thread: Thread Group - until HTTP 503 - 224 users 1-74
2026-09-10 20:53:16,059 INFO o.a.j.t.JMeterThread: Stopping because end time detected by thread: Thread Group - until HTTP 503 - 224 users 1-27
2026-09-10 20:53:16,059 INFO o.a.j.t.JMeterThread: Stopping because end time detected by thread: Thread Group - until HTTP 503 - 224 users 1-42
2026-09-10 20:53:16,059 INFO o.a.j.t.JMeterThread: Thread finished: Thread Group - until HTTP 503 - 224 users 1-27
2026-09-10 20:53:16,059 INFO o.a.j.t.JMeterThread: Thread finished: Thread Group - until HTTP 503 - 224 users 1-42
2026-09-10 20:53:16,059 INFO o.a.j.t.JMeterThread: Thread finished: Thread Group - until HTTP 503 - 224 users 1-67
2026-09-10 20:53:16,059 INFO o.a.j.t.JMeterThread: Stopping because end time detected by thread: Thread Group - until HTTP 503 - 224 users 1-78
2026-09-10 20:53:16,060 INFO o.a.j.t.JMeterThread: Thread finished: Thread Group - until HTTP 503 - 224 users 1-78
2026-09-10 20:53:16,059 INFO o.a.j.t.JMeterThread: Thread finished: Thread Group - until HTTP 503 - 224 users 1-74
2026-09-10 20:53:16,060 INFO o.a.j.t.JMeterThread: Stopping because end time detected by thread: Thread Group - until HTTP 503 - 224 users 1-140
2026-09-10 20:53:16,060 INFO o.a.j.t.JMeterThread: Stopping because end time detected by thread: Thread Group - until HTTP 503 - 224 users 1-25
2026-09-10 20:53:16,060 INFO o.a.j.t.JMeterThread: Stopping because end time detected by thread: Thread Group - until HTTP 503 - 224 users 1-111
2026-09-10 20:53:16,060 INFO o.a.j.t.JMeterThread: Thread finished: Thread Group - until HTTP 503 - 224 users 1-25
2026-09-10 20:53:16,060 INFO o.a.j.t.JMeterThread: Thread finished: Thread Group - until HTTP 503 - 224 users 1-111
2026-09-10 20:53:16,060 INFO o.a.j.t.JMeterThread: Stopping because end time detected by thread: Thread Group - until HTTP 503 - 224 users 1-161
2026-09-10 20:53:16,059 INFO o.a.j.t.JMeterThread: Stopping because end time detected by thread: Thread Group - until HTTP 503 - 224 users 1-33
2026-09-10 20:53:16,060 INFO o.a.j.t.JMeterThread: Stopping because end time detected by thread: Thread Group - until HTTP 503 - 224 users 1-112
2026-09-10 20:53:16,060 INFO o.a.j.t.JMeterThread: Thread finished: Thread Group - until HTTP 503 - 224 users 1-33
2026-09-10 20:53:16,060 INFO o.a.j.t.JMeterThread: Thread finished: Thread Group - until HTTP 503 - 224 users 1-112
2026-09-10 20:53:16,060 INFO o.a.j.t.JMeterThread: Thread finished: Thread Group - until HTTP 503 - 224 users 1-140
2026-09-10 20:53:16,060 INFO o.a.j.t.JMeterThread: Stopping because end time detected by thread: Thread Group - until HTTP 503 - 224 users 1-162
2026-09-10 20:53:16,060 INFO o.a.j.t.JMeterThread: Thread finished: Thread Group - until HTTP 503 - 224 users 1-162
2026-09-10 20:53:16,060 INFO o.a.j.t.JMeterThread: Stopping because end time detected by thread: Thread Group - until HTTP 503 - 224 users 1-142
2026-09-10 20:53:16,060 INFO o.a.j.t.JMeterThread: Thread finished: Thread Group - until HTTP 503 - 224 users 1-161
2026-09-10 20:53:16,060 INFO o.a.j.t.JMeterThread: Stopping because end time detected by thread: Thread Group - until HTTP 503 - 224 users 1-166
2026-09-10 20:53:16,060 INFO o.a.j.t.JMeterThread: Stopping because end time detected by thread: Thread Group - until HTTP 503 - 224 users 1-159
2026-09-10 20:53:16,060 INFO o.a.j.t.JMeterThread: Thread finished: Thread Group - until HTTP 503 - 224 users 1-142
2026-09-10 20:53:16,060 INFO o.a.j.t.JMeterThread: Thread finished: Thread Group - until HTTP 503 - 224 users 1-159
2026-09-10 20:53:16,060 INFO o.a.j.t.JMeterThread: Stopping because end time detected by thread: Thread Group - until HTTP 503 - 224 users 1-151
2026-09-10 20:53:16,060 INFO o.a.j.t.JMeterThread: Thread finished: Thread Group - until HTTP 503 - 224 users 1-151
2026-09-10 20:53:16,060 INFO o.a.j.t.JMeterThread: Thread finished: Thread Group - until HTTP 503 - 224 users 1-166
2026-09-10 20:53:16,061 INFO o.a.j.t.JMeterThread: Stopping because end time detected by thread: Thread Group - until HTTP 503 - 224 users 1-167
2026-09-10 20:53:16,061 INFO o.a.j.t.JMeterThread: Stopping because end time detected by thread: Thread Group - until HTTP 503 - 224 users 1-198
2026-09-10 20:53:16,061 INFO o.a.j.t.JMeterThread: Stopping because end time detected by thread: Thread Group - until HTTP 503 - 224 users 1-200
2026-09-10 20:53:16,061 INFO o.a.j.t.JMeterThread: Thread finished: Thread Group - until HTTP 503 - 224 users 1-167
2026-09-10 20:53:16,061 INFO o.a.j.t.JMeterThread: Thread finished: Thread Group - until HTTP 503 - 224 users 1-198
2026-09-10 20:53:16,061 INFO o.a.j.t.JMeterThread: Stopping because end time detected by thread: Thread Group - until HTTP 503 - 224 users 1-221
2026-09-10 20:53:16,061 INFO o.a.j.t.JMeterThread: Stopping because end time detected by thread: Thread Group - until HTTP 503 - 224 users 1-224
2026-09-10 20:53:16,061 INFO o.a.j.t.JMeterThread: Thread finished: Thread Group - until HTTP 503 - 224 users 1-221
2026-09-10 20:53:16,061 INFO o.a.j.t.JMeterThread: Thread finished: Thread Group - until HTTP 503 - 224 users 1-200
2026-09-10 20:53:16,061 INFO o.a.j.t.JMeterThread: Thread finished: Thread Group - until HTTP 503 - 224 users 1-224
2026-09-10 20:53:16,063 INFO o.a.j.t.JMeterThread: Stopping because end time detected by thread: Thread Group - until HTTP 503 - 224 users 1-79
2026-09-10 20:53:16,063 INFO o.a.j.t.JMeterThread: Stopping because end time detected by thread: Thread Group - until HTTP 503 - 224 users 1-58
2026-09-10 20:53:16,063 INFO o.a.j.t.JMeterThread: Stopping because end time detected by thread: Thread Group - until HTTP 503 - 224 users 1-63
2026-09-10 20:53:16,063 INFO o.a.j.t.JMeterThread: Stopping because end time detected by thread: Thread Group - until HTTP 503 - 224 users 1-47
2026-09-10 20:53:16,063 INFO o.a.j.t.JMeterThread: Thread finished: Thread Group - until HTTP 503 - 224 users 1-79
2026-09-10 20:53:16,063 INFO o.a.j.t.JMeterThread: Stopping because end time detected by thread: Thread Group - until HTTP 503 - 224 users 1-41
2026-09-10 20:53:16,063 INFO o.a.j.t.JMeterThread: Thread finished: Thread Group - until HTTP 503 - 224 users 1-47
2026-09-10 20:53:16,063 INFO o.a.j.t.JMeterThread: Stopping because end time detected by thread: Thread Group - until HTTP 503 - 224 users 1-34
2026-09-10 20:53:16,063 INFO o.a.j.t.JMeterThread: Stopping because end time detected by thread: Thread Group - until HTTP 503 - 224 users 1-117
2026-09-10 20:53:16,063 INFO o.a.j.t.JMeterThread: Stopping because end time detected by thread: Thread Group - until HTTP 503 - 224 users 1-52
2026-09-10 20:53:16,063 INFO o.a.j.t.JMeterThread: Thread finished: Thread Group - until HTTP 503 - 224 users 1-117
2026-09-10 20:53:16,063 INFO o.a.j.t.JMeterThread: Thread finished: Thread Group - until HTTP 503 - 224 users 1-52
2026-09-10 20:53:16,063 INFO o.a.j.t.JMeterThread: Stopping because end time detected by thread: Thread Group - until HTTP 503 - 224 users 1-48
2026-09-10 20:53:16,063 INFO o.a.j.t.JMeterThread: Thread finished: Thread Group - until HTTP 503 - 224 users 1-48
2026-09-10 20:53:16,063 INFO o.a.j.t.JMeterThread: Stopping because end time detected by thread: Thread Group - until HTTP 503 - 224 users 1-169
2026-09-10 20:53:16,063 INFO o.a.j.t.JMeterThread: Thread finished: Thread Group - until HTTP 503 - 224 users 1-169
2026-09-10 20:53:16,063 INFO o.a.j.t.JMeterThread: Stopping because end time detected by thread: Thread Group - until HTTP 503 - 224 users 1-133
2026-09-10 20:53:16,063 INFO o.a.j.t.JMeterThread: Thread finished: Thread Group - until HTTP 503 - 224 users 1-133
2026-09-10 20:53:16,063 INFO o.a.j.t.JMeterThread: Stopping because end time detected by thread: Thread Group - until HTTP 503 - 224 users 1-55
2026-09-10 20:53:16,063 INFO o.a.j.t.JMeterThread: Stopping because end time detected by thread: Thread Group - until HTTP 503 - 224 users 1-89
2026-09-10 20:53:16,063 INFO o.a.j.t.JMeterThread: Thread finished: Thread Group - until HTTP 503 - 224 users 1-55
2026-09-10 20:53:16,063 INFO o.a.j.t.JMeterThread: Stopping because end time detected by thread: Thread Group - until HTTP 503 - 224 users 1-156
2026-09-10 20:53:16,063 INFO o.a.j.t.JMeterThread: Thread finished: Thread Group - until HTTP 503 - 224 users 1-63
2026-09-10 20:53:16,064 INFO o.a.j.t.JMeterThread: Thread finished: Thread Group - until HTTP 503 - 224 users 1-58
2026-09-10 20:53:16,064 INFO o.a.j.t.JMeterThread: Thread finished: Thread Group - until HTTP 503 - 224 users 1-41
2026-09-10 20:53:16,064 INFO o.a.j.t.JMeterThread: Stopping because end time detected by thread: Thread Group - until HTTP 503 - 224 users 1-53
2026-09-10 20:53:16,064 INFO o.a.j.t.JMeterThread: Thread finished: Thread Group - until HTTP 503 - 224 users 1-34
2026-09-10 20:53:16,063 INFO o.a.j.t.JMeterThread: Stopping because end time detected by thread: Thread Group - until HTTP 503 - 224 users 1-148
2026-09-10 20:53:16,063 INFO o.a.j.t.JMeterThread: Stopping because end time detected by thread: Thread Group - until HTTP 503 - 224 users 1-65
2026-09-10 20:53:16,064 INFO o.a.j.t.JMeterThread: Thread finished: Thread Group - until HTTP 503 - 224 users 1-148
2026-09-10 20:53:16,064 INFO o.a.j.t.JMeterThread: Thread finished: Thread Group - until HTTP 503 - 224 users 1-65
2026-09-10 20:53:16,063 INFO o.a.j.t.JMeterThread: Stopping because end time detected by thread: Thread Group - until HTTP 503 - 224 users 1-72
2026-09-10 20:53:16,063 INFO o.a.j.t.JMeterThread: Thread finished: Thread Group - until HTTP 503 - 224 users 1-89
2026-09-10 20:53:16,064 INFO o.a.j.t.JMeterThread: Thread finished: Thread Group - until HTTP 503 - 224 users 1-72
2026-09-10 20:53:16,064 INFO o.a.j.t.JMeterThread: Thread finished: Thread Group - until HTTP 503 - 224 users 1-156
2026-09-10 20:53:16,064 INFO o.a.j.t.JMeterThread: Stopping because end time detected by thread: Thread Group - until HTTP 503 - 224 users 1-215
2026-09-10 20:53:16,064 INFO o.a.j.t.JMeterThread: Thread finished: Thread Group - until HTTP 503 - 224 users 1-53
2026-09-10 20:53:16,064 INFO o.a.j.t.JMeterThread: Thread finished: Thread Group - until HTTP 503 - 224 users 1-215
2026-09-10 20:53:16,064 INFO o.a.j.t.JMeterThread: Stopping because end time detected by thread: Thread Group - until HTTP 503 - 224 users 1-99
2026-09-10 20:53:16,064 INFO o.a.j.t.JMeterThread: Thread finished: Thread Group - until HTTP 503 - 224 users 1-99
2026-09-10 20:53:16,064 INFO o.a.j.t.JMeterThread: Stopping because end time detected by thread: Thread Group - until HTTP 503 - 224 users 1-92
2026-09-10 20:53:16,064 INFO o.a.j.t.JMeterThread: Thread finished: Thread Group - until HTTP 503 - 224 users 1-92
2026-09-10 20:53:16,064 INFO o.a.j.t.JMeterThread: Stopping because end time detected by thread: Thread Group - until HTTP 503 - 224 users 1-90
2026-09-10 20:53:16,065 INFO o.a.j.t.JMeterThread: Stopping because end time detected by thread: Thread Group - until HTTP 503 - 224 users 1-110
2026-09-10 20:53:16,064 INFO o.a.j.t.JMeterThread: Stopping because end time detected by thread: Thread Group - until HTTP 503 - 224 users 1-105
2026-09-10 20:53:16,065 INFO o.a.j.t.JMeterThread: Thread finished: Thread Group - until HTTP 503 - 224 users 1-110
2026-09-10 20:53:16,065 INFO o.a.j.t.JMeterThread: Stopping because end time detected by thread: Thread Group - until HTTP 503 - 224 users 1-137
2026-09-10 20:53:16,065 INFO o.a.j.t.JMeterThread: Thread finished: Thread Group - until HTTP 503 - 224 users 1-105
2026-09-10 20:53:16,065 INFO o.a.j.t.JMeterThread: Thread finished: Thread Group - until HTTP 503 - 224 users 1-137
2026-09-10 20:53:16,065 INFO o.a.j.t.JMeterThread: Stopping because end time detected by thread: Thread Group - until HTTP 503 - 224 users 1-146
2026-09-10 20:53:16,065 INFO o.a.j.t.JMeterThread: Stopping because end time detected by thread: Thread Group - until HTTP 503 - 224 users 1-50
2026-09-10 20:53:16,064 INFO o.a.j.t.JMeterThread: Stopping because end time detected by thread: Thread Group - until HTTP 503 - 224 users 1-97
2026-09-10 20:53:16,065 INFO o.a.j.t.JMeterThread: Thread finished: Thread Group - until HTTP 503 - 224 users 1-146
2026-09-10 20:53:16,065 INFO o.a.j.t.JMeterThread: Thread finished: Thread Group - until HTTP 503 - 224 users 1-90
2026-09-10 20:53:16,065 INFO o.a.j.t.JMeterThread: Stopping because end time detected by thread: Thread Group - until HTTP 503 - 224 users 1-70
2026-09-10 20:53:16,065 INFO o.a.j.t.JMeterThread: Thread finished: Thread Group - until HTTP 503 - 224 users 1-97
2026-09-10 20:53:16,065 INFO o.a.j.t.JMeterThread: Stopping because end time detected by thread: Thread Group - until HTTP 503 - 224 users 1-178
2026-09-10 20:53:16,065 INFO o.a.j.t.JMeterThread: Thread finished: Thread Group - until HTTP 503 - 224 users 1-50
2026-09-10 20:53:16,065 INFO o.a.j.t.JMeterThread: Thread finished: Thread Group - until HTTP 503 - 224 users 1-178
2026-09-10 20:53:16,065 INFO o.a.j.t.JMeterThread: Stopping because end time detected by thread: Thread Group - until HTTP 503 - 224 users 1-60
2026-09-10 20:53:16,065 INFO o.a.j.t.JMeterThread: Thread finished: Thread Group - until HTTP 503 - 224 users 1-70
2026-09-10 20:53:16,065 INFO o.a.j.t.JMeterThread: Thread finished: Thread Group - until HTTP 503 - 224 users 1-60
2026-09-10 20:53:16,065 INFO o.a.j.t.JMeterThread: Stopping because end time detected by thread: Thread Group - until HTTP 503 - 224 users 1-37
2026-09-10 20:53:16,065 INFO o.a.j.t.JMeterThread: Stopping because end time detected by thread: Thread Group - until HTTP 503 - 224 users 1-6
2026-09-10 20:53:16,065 INFO o.a.j.t.JMeterThread: Thread finished: Thread Group - until HTTP 503 - 224 users 1-6
2026-09-10 20:53:16,065 INFO o.a.j.t.JMeterThread: Thread finished: Thread Group - until HTTP 503 - 224 users 1-37
2026-09-10 20:53:16,065 INFO o.a.j.t.JMeterThread: Stopping because end time detected by thread: Thread Group - until HTTP 503 - 224 users 1-66
2026-09-10 20:53:16,065 INFO o.a.j.t.JMeterThread: Thread finished: Thread Group - until HTTP 503 - 224 users 1-66
2026-09-10 20:53:16,065 INFO o.a.j.t.JMeterThread: Stopping because end time detected by thread: Thread Group - until HTTP 503 - 224 users 1-23
2026-09-10 20:53:16,065 INFO o.a.j.t.JMeterThread: Thread finished: Thread Group - until HTTP 503 - 224 users 1-23
2026-09-10 20:53:16,066 INFO o.a.j.t.JMeterThread: Stopping because end time detected by thread: Thread Group - until HTTP 503 - 224 users 1-193
2026-09-10 20:53:16,066 INFO o.a.j.t.JMeterThread: Thread finished: Thread Group - until HTTP 503 - 224 users 1-193
2026-09-10 20:53:16,066 INFO o.a.j.t.JMeterThread: Stopping because end time detected by thread: Thread Group - until HTTP 503 - 224 users 1-8
2026-09-10 20:53:16,066 INFO o.a.j.t.JMeterThread: Stopping because end time detected by thread: Thread Group - until HTTP 503 - 224 users 1-38
2026-09-10 20:53:16,066 INFO o.a.j.t.JMeterThread: Thread finished: Thread Group - until HTTP 503 - 224 users 1-8
2026-09-10 20:53:16,066 INFO o.a.j.t.JMeterThread: Thread finished: Thread Group - until HTTP 503 - 224 users 1-38
2026-09-10 20:53:16,066 INFO o.a.j.t.JMeterThread: Stopping because end time detected by thread: Thread Group - until HTTP 503 - 224 users 1-7
2026-09-10 20:53:16,066 INFO o.a.j.t.JMeterThread: Thread finished: Thread Group - until HTTP 503 - 224 users 1-7
2026-09-10 20:53:16,066 INFO o.a.j.t.JMeterThread: Stopping because end time detected by thread: Thread Group - until HTTP 503 - 224 users 1-190
2026-09-10 20:53:16,066 INFO o.a.j.t.JMeterThread: Thread finished: Thread Group - until HTTP 503 - 224 users 1-190
2026-09-10 20:53:16,066 INFO o.a.j.t.JMeterThread: Stopping because end time detected by thread: Thread Group - until HTTP 503 - 224 users 1-214
2026-09-10 20:53:16,066 INFO o.a.j.t.JMeterThread: Thread finished: Thread Group - until HTTP 503 - 224 users 1-214
2026-09-10 20:53:16,066 INFO o.a.j.t.JMeterThread: Stopping because end time detected by thread: Thread Group - until HTTP 503 - 224 users 1-69
2026-09-10 20:53:16,066 INFO o.a.j.t.JMeterThread: Stopping because end time detected by thread: Thread Group - until HTTP 503 - 224 users 1-150
2026-09-10 20:53:16,066 INFO o.a.j.t.JMeterThread: Stopping because end time detected by thread: Thread Group - until HTTP 503 - 224 users 1-171
2026-09-10 20:53:16,066 INFO o.a.j.t.JMeterThread: Stopping because end time detected by thread: Thread Group - until HTTP 503 - 224 users 1-54
2026-09-10 20:53:16,067 INFO o.a.j.t.JMeterThread: Thread finished: Thread Group - until HTTP 503 - 224 users 1-171
2026-09-10 20:53:16,067 INFO o.a.j.t.JMeterThread: Stopping because end time detected by thread: Thread Group - until HTTP 503 - 224 users 1-136
2026-09-10 20:53:16,067 INFO o.a.j.t.JMeterThread: Stopping because end time detected by thread: Thread Group - until HTTP 503 - 224 users 1-49
2026-09-10 20:53:16,067 INFO o.a.j.t.JMeterThread: Thread finished: Thread Group - until HTTP 503 - 224 users 1-136
2026-09-10 20:53:16,067 INFO o.a.j.t.JMeterThread: Thread finished: Thread Group - until HTTP 503 - 224 users 1-69
2026-09-10 20:53:16,067 INFO o.a.j.t.JMeterThread: Thread finished: Thread Group - until HTTP 503 - 224 users 1-49
2026-09-10 20:53:16,067 INFO o.a.j.t.JMeterThread: Thread finished: Thread Group - until HTTP 503 - 224 users 1-150
2026-09-10 20:53:16,067 INFO o.a.j.t.JMeterThread: Thread finished: Thread Group - until HTTP 503 - 224 users 1-54
2026-09-10 20:53:16,069 INFO o.a.j.t.JMeterThread: Stopping because end time detected by thread: Thread Group - until HTTP 503 - 224 users 1-43
2026-09-10 20:53:16,069 INFO o.a.j.t.JMeterThread: Thread finished: Thread Group - until HTTP 503 - 224 users 1-43
2026-09-10 20:53:16,069 INFO o.a.j.t.JMeterThread: Stopping because end time detected by thread: Thread Group - until HTTP 503 - 224 users 1-56
2026-09-10 20:53:16,069 INFO o.a.j.t.JMeterThread: Stopping because end time detected by thread: Thread Group - until HTTP 503 - 224 users 1-26
2026-09-10 20:53:16,069 INFO o.a.j.t.JMeterThread: Stopping because end time detected by thread: Thread Group - until HTTP 503 - 224 users 1-204
2026-09-10 20:53:16,070 INFO o.a.j.t.JMeterThread: Thread finished: Thread Group - until HTTP 503 - 224 users 1-26
2026-09-10 20:53:16,070 INFO o.a.j.t.JMeterThread: Stopping because end time detected by thread: Thread Group - until HTTP 503 - 224 users 1-217
2026-09-10 20:53:16,069 INFO o.a.j.t.JMeterThread: Stopping because end time detected by thread: Thread Group - until HTTP 503 - 224 users 1-57
2026-09-10 20:53:16,070 INFO o.a.j.t.JMeterThread: Thread finished: Thread Group - until HTTP 503 - 224 users 1-217
2026-09-10 20:53:16,070 INFO o.a.j.t.JMeterThread: Thread finished: Thread Group - until HTTP 503 - 224 users 1-57
2026-09-10 20:53:16,070 INFO o.a.j.t.JMeterThread: Stopping because end time detected by thread: Thread Group - until HTTP 503 - 224 users 1-98
2026-09-10 20:53:16,069 INFO o.a.j.t.JMeterThread: Stopping because end time detected by thread: Thread Group - until HTTP 503 - 224 users 1-203
2026-09-10 20:53:16,069 INFO o.a.j.t.JMeterThread: Stopping because end time detected by thread: Thread Group - until HTTP 503 - 224 users 1-220
2026-09-10 20:53:16,069 INFO o.a.j.t.JMeterThread: Stopping because end time detected by thread: Thread Group - until HTTP 503 - 224 users 1-76
2026-09-10 20:53:16,070 INFO o.a.j.t.JMeterThread: Thread finished: Thread Group - until HTTP 503 - 224 users 1-220
2026-09-10 20:53:16,069 INFO o.a.j.t.JMeterThread: Thread finished: Thread Group - until HTTP 503 - 224 users 1-56
2026-09-10 20:53:16,070 INFO o.a.j.t.JMeterThread: Thread finished: Thread Group - until HTTP 503 - 224 users 1-76
2026-09-10 20:53:16,070 INFO o.a.j.t.JMeterThread: Stopping because end time detected by thread: Thread Group - until HTTP 503 - 224 users 1-45
2026-09-10 20:53:16,070 INFO o.a.j.t.JMeterThread: Stopping because end time detected by thread: Thread Group - until HTTP 503 - 224 users 1-116
2026-09-10 20:53:16,070 INFO o.a.j.t.JMeterThread: Thread finished: Thread Group - until HTTP 503 - 224 users 1-204
2026-09-10 20:53:16,070 INFO o.a.j.t.JMeterThread: Thread finished: Thread Group - until HTTP 503 - 224 users 1-116
2026-09-10 20:53:16,070 INFO o.a.j.t.JMeterThread: Thread finished: Thread Group - until HTTP 503 - 224 users 1-98
2026-09-10 20:53:16,070 INFO o.a.j.t.JMeterThread: Thread finished: Thread Group - until HTTP 503 - 224 users 1-203
2026-09-10 20:53:16,070 INFO o.a.j.t.JMeterThread: Stopping because end time detected by thread: Thread Group - until HTTP 503 - 224 users 1-114
2026-09-10 20:53:16,070 INFO o.a.j.t.JMeterThread: Thread finished: Thread Group - until HTTP 503 - 224 users 1-114
2026-09-10 20:53:16,070 INFO o.a.j.t.JMeterThread: Thread finished: Thread Group - until HTTP 503 - 224 users 1-45
2026-09-10 20:53:16,070 INFO o.a.j.t.JMeterThread: Stopping because end time detected by thread: Thread Group - until HTTP 503 - 224 users 1-123
2026-09-10 20:53:16,070 INFO o.a.j.t.JMeterThread: Stopping because end time detected by thread: Thread Group - until HTTP 503 - 224 users 1-125
2026-09-10 20:53:16,070 INFO o.a.j.t.JMeterThread: Thread finished: Thread Group - until HTTP 503 - 224 users 1-123
2026-09-10 20:53:16,070 INFO o.a.j.t.JMeterThread: Thread finished: Thread Group - until HTTP 503 - 224 users 1-125
2026-09-10 20:53:16,070 INFO o.a.j.t.JMeterThread: Stopping because end time detected by thread: Thread Group - until HTTP 503 - 224 users 1-131
2026-09-10 20:53:16,070 INFO o.a.j.t.JMeterThread: Stopping because end time detected by thread: Thread Group - until HTTP 503 - 224 users 1-17
2026-09-10 20:53:16,070 INFO o.a.j.t.JMeterThread: Thread finished: Thread Group - until HTTP 503 - 224 users 1-131
2026-09-10 20:53:16,070 INFO o.a.j.t.JMeterThread: Thread finished: Thread Group - until HTTP 503 - 224 users 1-17
2026-09-10 20:53:16,070 INFO o.a.j.t.JMeterThread: Stopping because end time detected by thread: Thread Group - until HTTP 503 - 224 users 1-141
2026-09-10 20:53:16,070 INFO o.a.j.t.JMeterThread: Stopping because end time detected by thread: Thread Group - until HTTP 503 - 224 users 1-138
2026-09-10 20:53:16,070 INFO o.a.j.t.JMeterThread: Stopping because end time detected by thread: Thread Group - until HTTP 503 - 224 users 1-163
2026-09-10 20:53:16,070 INFO o.a.j.t.JMeterThread: Thread finished: Thread Group - until HTTP 503 - 224 users 1-141
2026-09-10 20:53:16,070 INFO o.a.j.t.JMeterThread: Thread finished: Thread Group - until HTTP 503 - 224 users 1-163
2026-09-10 20:53:16,070 INFO o.a.j.t.JMeterThread: Stopping because end time detected by thread: Thread Group - until HTTP 503 - 224 users 1-168
2026-09-10 20:53:16,070 INFO o.a.j.t.JMeterThread: Stopping because end time detected by thread: Thread Group - until HTTP 503 - 224 users 1-165
2026-09-10 20:53:16,070 INFO o.a.j.t.JMeterThread: Thread finished: Thread Group - until HTTP 503 - 224 users 1-168
2026-09-10 20:53:16,070 INFO o.a.j.t.JMeterThread: Thread finished: Thread Group - until HTTP 503 - 224 users 1-138
2026-09-10 20:53:16,070 INFO o.a.j.t.JMeterThread: Thread finished: Thread Group - until HTTP 503 - 224 users 1-165
2026-09-10 20:53:16,070 INFO o.a.j.t.JMeterThread: Stopping because end time detected by thread: Thread Group - until HTTP 503 - 224 users 1-174
2026-09-10 20:53:16,071 INFO o.a.j.t.JMeterThread: Thread finished: Thread Group - until HTTP 503 - 224 users 1-174
2026-09-10 20:53:16,071 INFO o.a.j.t.JMeterThread: Stopping because end time detected by thread: Thread Group - until HTTP 503 - 224 users 1-62
2026-09-10 20:53:16,071 INFO o.a.j.t.JMeterThread: Thread finished: Thread Group - until HTTP 503 - 224 users 1-62
2026-09-10 20:53:16,071 INFO o.a.j.t.JMeterThread: Stopping because end time detected by thread: Thread Group - until HTTP 503 - 224 users 1-59
2026-09-10 20:53:16,071 INFO o.a.j.t.JMeterThread: Stopping because end time detected by thread: Thread Group - until HTTP 503 - 224 users 1-197
2026-09-10 20:53:16,071 INFO o.a.j.t.JMeterThread: Thread finished: Thread Group - until HTTP 503 - 224 users 1-59
2026-09-10 20:53:16,071 INFO o.a.j.t.JMeterThread: Thread finished: Thread Group - until HTTP 503 - 224 users 1-197
2026-09-10 20:53:16,071 INFO o.a.j.t.JMeterThread: Stopping because end time detected by thread: Thread Group - until HTTP 503 - 224 users 1-202
2026-09-10 20:53:16,071 INFO o.a.j.t.JMeterThread: Stopping because end time detected by thread: Thread Group - until HTTP 503 - 224 users 1-212
2026-09-10 20:53:16,071 INFO o.a.j.t.JMeterThread: Thread finished: Thread Group - until HTTP 503 - 224 users 1-202
2026-09-10 20:53:16,071 INFO o.a.j.t.JMeterThread: Stopping because end time detected by thread: Thread Group - until HTTP 503 - 224 users 1-185
2026-09-10 20:53:16,071 INFO o.a.j.t.JMeterThread: Thread finished: Thread Group - until HTTP 503 - 224 users 1-212
2026-09-10 20:53:16,071 INFO o.a.j.t.JMeterThread: Thread finished: Thread Group - until HTTP 503 - 224 users 1-185
2026-09-10 20:53:16,071 INFO o.a.j.e.StandardJMeterEngine: Notifying test listeners of end of test
2026-09-10 20:53:16,072 INFO o.a.j.r.Summariser: summary +    585 in 00:00:16 =   36.4/s Avg:  7599 Min:  4664 Max: 10828 Err:   585 (100.00%) Active: 0 Started: 224 Finished: 224
2026-09-10 20:53:16,073 INFO o.a.j.r.Summariser: summary =   2673 in 00:01:36 =   27.9/s Avg:  5398 Min:   512 Max: 10828 Err:  2572 (96.22%)
2026-09-10 20:53:16,073 INFO o.a.j.JMeter: Generating Dashboard
2026-09-10 20:53:16,073 INFO o.a.j.r.d.ReportGenerator: Flushing result collector before report Generation
2026-09-10 20:53:16,103 INFO o.a.j.r.p.NormalizerSampleConsumer: Using format, 'ms', to parse timeStamp field
2026-09-10 20:53:16,315 INFO o.a.j.r.p.AbstractSampleConsumer: class org.apache.jmeter.report.processor.AggregateConsumer#stopProducing(): beginDate produced 0 samples
2026-09-10 20:53:16,316 INFO o.a.j.r.p.AbstractSampleConsumer: class org.apache.jmeter.report.processor.AggregateConsumer#stopProducing(): endDate produced 0 samples
2026-09-10 20:53:16,317 INFO o.a.j.r.p.AbstractSampleConsumer: class org.apache.jmeter.report.processor.ApdexSummaryConsumer#stopProducing(): apdexSummary produced 0 samples
2026-09-10 20:53:16,317 INFO o.a.j.r.p.AbstractSampleConsumer: class org.apache.jmeter.report.processor.RequestsSummaryConsumer#stopProducing(): requestsSummary produced 0 samples
2026-09-10 20:53:16,323 INFO o.a.j.r.p.AbstractSampleConsumer: class org.apache.jmeter.report.processor.StatisticsSummaryConsumer#stopProducing(): statisticsSummary produced 0 samples
2026-09-10 20:53:16,326 INFO o.a.j.r.p.AbstractSampleConsumer: class org.apache.jmeter.report.processor.Top5ErrorsBySamplerConsumer#stopProducing(): top5ErrorsBySampler produced 0 samples
2026-09-10 20:53:16,328 INFO o.a.j.r.p.AbstractSampleConsumer: class org.apache.jmeter.report.processor.ErrorsSummaryConsumer#stopProducing(): errorsSummary produced 0 samples
2026-09-10 20:53:16,328 INFO o.a.j.r.p.AbstractSampleConsumer: class org.apache.jmeter.report.processor.graph.impl.HitsPerSecondGraphConsumer#stopProducing(): hitsPerSecond produced 0 samples
2026-09-10 20:53:16,394 INFO o.a.j.r.p.AbstractSampleConsumer: class org.apache.jmeter.report.processor.graph.impl.LatencyVSRequestGraphConsumer#stopProducing(): latencyVsRequest produced 0 samples
2026-09-10 20:53:16,394 INFO o.a.j.r.p.AbstractSampleConsumer: class org.apache.jmeter.report.processor.graph.impl.SyntheticResponseTimeDistributionGraphConsumer#stopProducing(): syntheticResponseTimeDistribution produced 0 samples
2026-09-10 20:53:16,395 INFO o.a.j.r.p.AbstractSampleConsumer: class org.apache.jmeter.report.processor.graph.impl.BytesThroughputGraphConsumer#stopProducing(): bytesThroughputOverTime produced 0 samples
2026-09-10 20:53:16,395 INFO o.a.j.r.p.AbstractSampleConsumer: class org.apache.jmeter.report.processor.graph.impl.CodesPerSecondGraphConsumer#stopProducing(): codesPerSecond produced 0 samples
2026-09-10 20:53:16,441 INFO o.a.j.r.p.AbstractSampleConsumer: class org.apache.jmeter.report.processor.graph.impl.ResponseTimeVSRequestGraphConsumer#stopProducing(): responseTimeVsRequest produced 0 samples
2026-09-10 20:53:16,442 INFO o.a.j.r.p.AbstractSampleConsumer: class org.apache.jmeter.report.processor.FilterConsumer#stopProducing(): startIntervalControlerFilter produced 18711 samples
2026-09-10 20:53:16,442 INFO o.a.j.r.p.AbstractSampleConsumer: class org.apache.jmeter.report.processor.graph.impl.TotalTPSGraphConsumer#stopProducing(): totalTPS produced 0 samples
2026-09-10 20:53:16,442 INFO o.a.j.r.p.AbstractSampleConsumer: class org.apache.jmeter.report.processor.graph.impl.ActiveThreadsGraphConsumer#stopProducing(): activeThreadsOverTime produced 0 samples
2026-09-10 20:53:16,442 INFO o.a.j.r.p.AbstractSampleConsumer: class org.apache.jmeter.report.processor.graph.impl.TimeVSThreadGraphConsumer#stopProducing(): timeVsThreads produced 0 samples
2026-09-10 20:53:16,443 INFO o.a.j.r.p.AbstractSampleConsumer: class org.apache.jmeter.report.processor.graph.impl.ResponseTimeDistributionGraphConsumer#stopProducing(): responseTimeDistribution produced 0 samples
2026-09-10 20:53:16,443 INFO o.a.j.r.p.AbstractSampleConsumer: class org.apache.jmeter.report.processor.graph.impl.TransactionsPerSecondGraphConsumer#stopProducing(): transactionsPerSecond produced 0 samples
2026-09-10 20:53:16,443 INFO o.a.j.r.p.AbstractSampleConsumer: class org.apache.jmeter.report.processor.graph.impl.ResponseTimePercentilesGraphConsumer#stopProducing(): responseTimePercentiles produced 0 samples
2026-09-10 20:53:16,445 INFO o.a.j.r.p.AbstractSampleConsumer: class org.apache.jmeter.report.processor.graph.impl.ResponseTimePercentilesOverTimeGraphConsumer#stopProducing(): responseTimePercentilesOverTime produced 0 samples
2026-09-10 20:53:16,445 INFO o.a.j.r.p.AbstractSampleConsumer: class org.apache.jmeter.report.processor.graph.impl.ResponseTimeOverTimeGraphConsumer#stopProducing(): responseTimesOverTime produced 0 samples
2026-09-10 20:53:16,445 INFO o.a.j.r.p.AbstractSampleConsumer: class org.apache.jmeter.report.processor.graph.impl.ConnectTimeOverTimeGraphConsumer#stopProducing(): connectTimeOverTime produced 0 samples
2026-09-10 20:53:16,446 INFO o.a.j.r.p.AbstractSampleConsumer: class org.apache.jmeter.report.processor.graph.impl.LatencyOverTimeGraphConsumer#stopProducing(): latenciesOverTime produced 0 samples
2026-09-10 20:53:16,446 INFO o.a.j.r.p.AbstractSampleConsumer: class org.apache.jmeter.report.processor.FilterConsumer#stopProducing(): nameFilter produced 40095 samples
2026-09-10 20:53:16,446 INFO o.a.j.r.p.AbstractSampleConsumer: class org.apache.jmeter.report.processor.FilterConsumer#stopProducing(): dateRangeFilter produced 8019 samples
2026-09-10 20:53:16,446 INFO o.a.j.r.p.AbstractSampleConsumer: class org.apache.jmeter.report.processor.NormalizerSampleConsumer#stopProducing(): normalizer produced 2673 samples
2026-09-10 20:53:16,446 INFO o.a.j.r.p.CsvFileSampleSource: produce(): 2673 samples produced in 321ms on channel 0
2026-09-10 20:53:16,446 INFO o.a.j.r.d.ReportGenerator: Exporting data using exporter:'json' of className:'org.apache.jmeter.report.dashboard.JsonExporter'
2026-09-10 20:53:16,496 INFO o.a.j.r.d.JsonExporter: Found data for consumer statisticsSummary in context
2026-09-10 20:53:16,496 INFO o.a.j.r.d.JsonExporter: Creating statistics for overall
2026-09-10 20:53:16,496 INFO o.a.j.r.d.JsonExporter: Creating statistics for other transactions
2026-09-10 20:53:16,497 INFO o.a.j.r.d.JsonExporter: Checking output folder
2026-09-10 20:53:16,497 INFO o.a.j.r.d.JsonExporter: Writing statistics JSON to C:\University\Programming\Software Testing\Lab4\html_reports\stress_until_503\224users_4480rpm\statistics.json
2026-09-10 20:53:16,526 INFO o.a.j.r.d.ReportGenerator: Exporting data using exporter:'html' of className:'org.apache.jmeter.report.dashboard.HtmlTemplateExporter'
2026-09-10 20:53:16,529 INFO o.a.j.r.d.HtmlTemplateExporter: Will generate dashboard in folder: C:\University\Programming\Software Testing\Lab4\html_reports\stress_until_503\224users_4480rpm
2026-09-10 20:53:16,607 INFO o.a.j.r.d.HtmlTemplateExporter: Report will be generated in: C:\University\Programming\Software Testing\Lab4\html_reports\stress_until_503\224users_4480rpm, creating folder structure
2026-09-10 20:53:16,609 INFO o.a.j.r.d.TemplateVisitor: Copying folder from 'C:\Program Files\apache-jmeter-5.6.3\bin\report-template' to 'C:\University\Programming\Software Testing\Lab4\html_reports\stress_until_503\224users_4480rpm', got message: C:\University\Programming\Software Testing\Lab4\html_reports\stress_until_503\224users_4480rpm, found non empty folder with following content [C:\University\Programming\Software Testing\Lab4\html_reports\stress_until_503\224users_4480rpm\statistics.json], will be ignored
2026-09-10 20:53:16,885 INFO o.a.j.JMeter: Dashboard generated
